idx	op_type	name	inputs	outputs
0	Gather	/sentence_encoder/text_embedder/char_embedder/Gather	['tts.dp.sentence_encoder.text_embedder.char_embedder.weight', 'text_ids']	['/sentence_encoder/text_embedder/char_embedder/Gather_output_0']
1	Shape	/predictor/Shape_1	['style_dp']	['/predictor/Shape_1_output_0']
2	Slice	/sentence_encoder/Slice	['text_mask', '/sentence_encoder/Constant_7_output_0', '/sentence_encoder/Constant_8_output_0', '/sentence_encoder/Constant_6_output_0', '/sentence_encoder/Constant_8_output_0']	['/sentence_encoder/Slice_output_0']
3	Transpose	/sentence_encoder/text_embedder/Transpose	['/sentence_encoder/text_embedder/char_embedder/Gather_output_0']	['/sentence_encoder/text_embedder/Transpose_output_0']
4	Gather	/predictor/Gather_1	['/predictor/Shape_1_output_0', '/predictor/Constant_2_output_0']	['/predictor/Gather_1_output_0']
5	Shape	/sentence_encoder/Shape_2	['/sentence_encoder/Slice_output_0']	['/sentence_encoder/Shape_2_output_0']
6	Mul	/sentence_encoder/text_embedder/Mul	['/sentence_encoder/text_embedder/Transpose_output_0', 'text_mask']	['/sentence_encoder/text_embedder/Mul_output_0']
7	Unsqueeze	/predictor/Unsqueeze_1	['/predictor/Gather_1_output_0', '/sentence_encoder/Constant_7_output_0']	['/predictor/Unsqueeze_1_output_0']
8	ConstantOfShape	/sentence_encoder/ConstantOfShape_1	['/sentence_encoder/Shape_2_output_0']	['/sentence_encoder/ConstantOfShape_1_output_0']
9	Shape	/sentence_encoder/Shape	['/sentence_encoder/text_embedder/Mul_output_0']	['/sentence_encoder/Shape_output_0']
10	Concat	/predictor/Concat_1	['/predictor/Unsqueeze_1_output_0', '/predictor/Constant_3_output_0']	['/predictor/Concat_1_output_0']
11	Concat	/sentence_encoder/Concat_2	['/sentence_encoder/ConstantOfShape_1_output_0', 'text_mask']	['/sentence_encoder/Concat_2_output_0']
12	Gather	/sentence_encoder/Gather	['/sentence_encoder/Shape_output_0', '/predictor/Constant_2_output_0']	['/sentence_encoder/Gather_output_0']
13	Reshape	/predictor/Reshape_1	['style_dp', '/predictor/Concat_1_output_0']	['/predictor/Reshape_1_output_0']
14	Unsqueeze	/sentence_encoder/attn_encoder/Unsqueeze	['/sentence_encoder/Concat_2_output_0', '/sentence_encoder/Constant_6_output_0']	['/sentence_encoder/attn_encoder/Unsqueeze_output_0']
15	Unsqueeze	/sentence_encoder/attn_encoder/Unsqueeze_1	['/sentence_encoder/Concat_2_output_0', '/predictor/Constant_3_output_0']	['/sentence_encoder/attn_encoder/Unsqueeze_1_output_0']
16	Slice	/sentence_encoder/Slice_2	['/sentence_encoder/Concat_2_output_0', '/sentence_encoder/Constant_7_output_0', '/sentence_encoder/Constant_8_output_0', '/sentence_encoder/Constant_6_output_0', '/sentence_encoder/Constant_8_output_0']	['/sentence_encoder/Slice_2_output_0']
17	Unsqueeze	/sentence_encoder/Unsqueeze	['/sentence_encoder/Gather_output_0', '/sentence_encoder/Constant_7_output_0']	['/sentence_encoder/Unsqueeze_output_0']
18	Mul	/sentence_encoder/attn_encoder/Mul	['/sentence_encoder/attn_encoder/Unsqueeze_output_0', '/sentence_encoder/attn_encoder/Unsqueeze_1_output_0']	['/sentence_encoder/attn_encoder/Mul_output_0']
19	Concat	/sentence_encoder/Concat	['/sentence_encoder/Unsqueeze_output_0', '/predictor/Constant_3_output_0', '/predictor/Constant_3_output_0']	['/sentence_encoder/Reshape_output_0']
20	Equal	/sentence_encoder/attn_encoder/attn_layers.0/Equal	['/sentence_encoder/attn_encoder/Mul_output_0', '/sentence_encoder/attn_encoder/attn_layers.0/Constant_87_output_0']	['/sentence_encoder/attn_encoder/attn_layers.1/Cast_5_output_0']
21	Equal	/sentence_encoder/Equal	['/sentence_encoder/Reshape_output_0', '/sentence_encoder/Mul_output_0']	['/sentence_encoder/Equal_output_0']
22	Where	/sentence_encoder/Where	['/sentence_encoder/Equal_output_0', '/sentence_encoder/ConstantOfShape_output_0', '/sentence_encoder/Reshape_output_0']	['/sentence_encoder/Where_output_0']
23	Expand	/sentence_encoder/Expand	['tts.dp.sentence_encoder.sentence_token', '/sentence_encoder/Where_output_0']	['/sentence_encoder/Expand_output_0']
24	Concat	/sentence_encoder/Concat_1	['/sentence_encoder/Expand_output_0', '/sentence_encoder/text_embedder/Mul_output_0']	['/sentence_encoder/Concat_1_output_0']
25	Mul	/sentence_encoder/convnext/convnext.0/Mul	['/sentence_encoder/Concat_1_output_0', '/sentence_encoder/Concat_2_output_0']	['/sentence_encoder/convnext/convnext.0/Mul_output_0']
26	Pad	/sentence_encoder/convnext/convnext.0/dwconv/Pad	['/sentence_encoder/convnext/convnext.0/Mul_output_0', '/sentence_encoder/convnext/convnext.0/dwconv/Cast_output_0']	['/sentence_encoder/convnext/convnext.0/dwconv/Pad_output_0']
27	Conv	/sentence_encoder/convnext/convnext.0/dwconv/Conv	['/sentence_encoder/convnext/convnext.0/dwconv/Pad_output_0', 'tts.dp.sentence_encoder.convnext.convnext.0.dwconv.weight', 'tts.dp.sentence_encoder.convnext.convnext.0.dwconv.bias']	['/sentence_encoder/convnext/convnext.0/dwconv/Conv_output_0']
28	Mul	/sentence_encoder/convnext/convnext.0/Mul_1	['/sentence_encoder/convnext/convnext.0/dwconv/Conv_output_0', '/sentence_encoder/Concat_2_output_0']	['/sentence_encoder/convnext/convnext.0/Mul_1_output_0']
29	Transpose	/sentence_encoder/convnext/convnext.0/norm/Transpose	['/sentence_encoder/convnext/convnext.0/Mul_1_output_0']	['/sentence_encoder/convnext/convnext.0/norm/Transpose_output_0']
30	LayerNormalization	/sentence_encoder/convnext/convnext.0/norm/norm/LayerNormalization	['/sentence_encoder/convnext/convnext.0/norm/Transpose_output_0', 'tts.dp.sentence_encoder.convnext.convnext.0.norm.norm.weight', 'tts.dp.sentence_encoder.convnext.convnext.0.norm.norm.bias']	['/sentence_encoder/convnext/convnext.0/norm/norm/LayerNormalization_output_0']
31	Transpose	/sentence_encoder/convnext/convnext.0/norm/Transpose_1	['/sentence_encoder/convnext/convnext.0/norm/norm/LayerNormalization_output_0']	['/sentence_encoder/convnext/convnext.0/norm/Transpose_1_output_0']
32	Conv	/sentence_encoder/convnext/convnext.0/pwconv1/Conv	['/sentence_encoder/convnext/convnext.0/norm/Transpose_1_output_0', 'tts.dp.sentence_encoder.convnext.convnext.0.pwconv1.weight', 'tts.dp.sentence_encoder.convnext.convnext.0.pwconv1.bias']	['/sentence_encoder/convnext/convnext.0/pwconv1/Conv_output_0']
33	Div	/sentence_encoder/convnext/convnext.0/act/Div	['/sentence_encoder/convnext/convnext.0/pwconv1/Conv_output_0', '/sentence_encoder/convnext/convnext.0/act/Constant_output_0']	['/sentence_encoder/convnext/convnext.0/act/Div_output_0']
34	Erf	/sentence_encoder/convnext/convnext.0/act/Erf	['/sentence_encoder/convnext/convnext.0/act/Div_output_0']	['/sentence_encoder/convnext/convnext.0/act/Erf_output_0']
35	Add	/sentence_encoder/convnext/convnext.0/act/Add	['/sentence_encoder/convnext/convnext.0/act/Erf_output_0', '/sentence_encoder/convnext/convnext.0/act/Constant_1_output_0']	['/sentence_encoder/convnext/convnext.0/act/Add_output_0']
36	Mul	/sentence_encoder/convnext/convnext.0/act/Mul	['/sentence_encoder/convnext/convnext.0/pwconv1/Conv_output_0', '/sentence_encoder/convnext/convnext.0/act/Add_output_0']	['/sentence_encoder/convnext/convnext.0/act/Mul_output_0']
37	Mul	/sentence_encoder/convnext/convnext.0/act/Mul_1	['/sentence_encoder/convnext/convnext.0/act/Mul_output_0', '/sentence_encoder/convnext/convnext.0/act/Constant_2_output_0']	['/sentence_encoder/convnext/convnext.0/act/Mul_1_output_0']
38	Conv	/sentence_encoder/convnext/convnext.0/pwconv2/Conv	['/sentence_encoder/convnext/convnext.0/act/Mul_1_output_0', 'tts.dp.sentence_encoder.convnext.convnext.0.pwconv2.weight', 'tts.dp.sentence_encoder.convnext.convnext.0.pwconv2.bias']	['/sentence_encoder/convnext/convnext.0/pwconv2/Conv_output_0']
39	Mul	/sentence_encoder/convnext/convnext.0/Mul_2	['tts.dp.sentence_encoder.convnext.convnext.0.gamma', '/sentence_encoder/convnext/convnext.0/pwconv2/Conv_output_0']	['/sentence_encoder/convnext/convnext.0/Mul_2_output_0']
40	Add	/sentence_encoder/convnext/convnext.0/Add	['/sentence_encoder/convnext/convnext.0/Mul_output_0', '/sentence_encoder/convnext/convnext.0/Mul_2_output_0']	['/sentence_encoder/convnext/convnext.0/Add_output_0']
41	Mul	/sentence_encoder/convnext/convnext.0/Mul_3	['/sentence_encoder/convnext/convnext.0/Add_output_0', '/sentence_encoder/Concat_2_output_0']	['/sentence_encoder/convnext/convnext.0/Mul_3_output_0']
42	Mul	/sentence_encoder/convnext/convnext.1/Mul	['/sentence_encoder/convnext/convnext.0/Mul_3_output_0', '/sentence_encoder/Concat_2_output_0']	['/sentence_encoder/convnext/convnext.1/Mul_output_0']
43	Pad	/sentence_encoder/convnext/convnext.1/dwconv/Pad	['/sentence_encoder/convnext/convnext.1/Mul_output_0', '/sentence_encoder/convnext/convnext.0/dwconv/Cast_output_0']	['/sentence_encoder/convnext/convnext.1/dwconv/Pad_output_0']
44	Conv	/sentence_encoder/convnext/convnext.1/dwconv/Conv	['/sentence_encoder/convnext/convnext.1/dwconv/Pad_output_0', 'tts.dp.sentence_encoder.convnext.convnext.1.dwconv.weight', 'tts.dp.sentence_encoder.convnext.convnext.1.dwconv.bias']	['/sentence_encoder/convnext/convnext.1/dwconv/Conv_output_0']
45	Mul	/sentence_encoder/convnext/convnext.1/Mul_1	['/sentence_encoder/convnext/convnext.1/dwconv/Conv_output_0', '/sentence_encoder/Concat_2_output_0']	['/sentence_encoder/convnext/convnext.1/Mul_1_output_0']
46	Transpose	/sentence_encoder/convnext/convnext.1/norm/Transpose	['/sentence_encoder/convnext/convnext.1/Mul_1_output_0']	['/sentence_encoder/convnext/convnext.1/norm/Transpose_output_0']
47	LayerNormalization	/sentence_encoder/convnext/convnext.1/norm/norm/LayerNormalization	['/sentence_encoder/convnext/convnext.1/norm/Transpose_output_0', 'tts.dp.sentence_encoder.convnext.convnext.1.norm.norm.weight', 'tts.dp.sentence_encoder.convnext.convnext.1.norm.norm.bias']	['/sentence_encoder/convnext/convnext.1/norm/norm/LayerNormalization_output_0']
48	Transpose	/sentence_encoder/convnext/convnext.1/norm/Transpose_1	['/sentence_encoder/convnext/convnext.1/norm/norm/LayerNormalization_output_0']	['/sentence_encoder/convnext/convnext.1/norm/Transpose_1_output_0']
49	Conv	/sentence_encoder/convnext/convnext.1/pwconv1/Conv	['/sentence_encoder/convnext/convnext.1/norm/Transpose_1_output_0', 'tts.dp.sentence_encoder.convnext.convnext.1.pwconv1.weight', 'tts.dp.sentence_encoder.convnext.convnext.1.pwconv1.bias']	['/sentence_encoder/convnext/convnext.1/pwconv1/Conv_output_0']
50	Div	/sentence_encoder/convnext/convnext.1/act/Div	['/sentence_encoder/convnext/convnext.1/pwconv1/Conv_output_0', '/sentence_encoder/convnext/convnext.0/act/Constant_output_0']	['/sentence_encoder/convnext/convnext.1/act/Div_output_0']
51	Erf	/sentence_encoder/convnext/convnext.1/act/Erf	['/sentence_encoder/convnext/convnext.1/act/Div_output_0']	['/sentence_encoder/convnext/convnext.1/act/Erf_output_0']
52	Add	/sentence_encoder/convnext/convnext.1/act/Add	['/sentence_encoder/convnext/convnext.1/act/Erf_output_0', '/sentence_encoder/convnext/convnext.0/act/Constant_1_output_0']	['/sentence_encoder/convnext/convnext.1/act/Add_output_0']
53	Mul	/sentence_encoder/convnext/convnext.1/act/Mul	['/sentence_encoder/convnext/convnext.1/pwconv1/Conv_output_0', '/sentence_encoder/convnext/convnext.1/act/Add_output_0']	['/sentence_encoder/convnext/convnext.1/act/Mul_output_0']
54	Mul	/sentence_encoder/convnext/convnext.1/act/Mul_1	['/sentence_encoder/convnext/convnext.1/act/Mul_output_0', '/sentence_encoder/convnext/convnext.0/act/Constant_2_output_0']	['/sentence_encoder/convnext/convnext.1/act/Mul_1_output_0']
55	Conv	/sentence_encoder/convnext/convnext.1/pwconv2/Conv	['/sentence_encoder/convnext/convnext.1/act/Mul_1_output_0', 'tts.dp.sentence_encoder.convnext.convnext.1.pwconv2.weight', 'tts.dp.sentence_encoder.convnext.convnext.1.pwconv2.bias']	['/sentence_encoder/convnext/convnext.1/pwconv2/Conv_output_0']
56	Mul	/sentence_encoder/convnext/convnext.1/Mul_2	['tts.dp.sentence_encoder.convnext.convnext.1.gamma', '/sentence_encoder/convnext/convnext.1/pwconv2/Conv_output_0']	['/sentence_encoder/convnext/convnext.1/Mul_2_output_0']
57	Add	/sentence_encoder/convnext/convnext.1/Add	['/sentence_encoder/convnext/convnext.1/Mul_output_0', '/sentence_encoder/convnext/convnext.1/Mul_2_output_0']	['/sentence_encoder/convnext/convnext.1/Add_output_0']
58	Mul	/sentence_encoder/convnext/convnext.1/Mul_3	['/sentence_encoder/convnext/convnext.1/Add_output_0', '/sentence_encoder/Concat_2_output_0']	['/sentence_encoder/convnext/convnext.1/Mul_3_output_0']
59	Mul	/sentence_encoder/convnext/convnext.2/Mul	['/sentence_encoder/convnext/convnext.1/Mul_3_output_0', '/sentence_encoder/Concat_2_output_0']	['/sentence_encoder/convnext/convnext.2/Mul_output_0']
60	Pad	/sentence_encoder/convnext/convnext.2/dwconv/Pad	['/sentence_encoder/convnext/convnext.2/Mul_output_0', '/sentence_encoder/convnext/convnext.0/dwconv/Cast_output_0']	['/sentence_encoder/convnext/convnext.2/dwconv/Pad_output_0']
61	Conv	/sentence_encoder/convnext/convnext.2/dwconv/Conv	['/sentence_encoder/convnext/convnext.2/dwconv/Pad_output_0', 'tts.dp.sentence_encoder.convnext.convnext.2.dwconv.weight', 'tts.dp.sentence_encoder.convnext.convnext.2.dwconv.bias']	['/sentence_encoder/convnext/convnext.2/dwconv/Conv_output_0']
62	Mul	/sentence_encoder/convnext/convnext.2/Mul_1	['/sentence_encoder/convnext/convnext.2/dwconv/Conv_output_0', '/sentence_encoder/Concat_2_output_0']	['/sentence_encoder/convnext/convnext.2/Mul_1_output_0']
63	Transpose	/sentence_encoder/convnext/convnext.2/norm/Transpose	['/sentence_encoder/convnext/convnext.2/Mul_1_output_0']	['/sentence_encoder/convnext/convnext.2/norm/Transpose_output_0']
64	LayerNormalization	/sentence_encoder/convnext/convnext.2/norm/norm/LayerNormalization	['/sentence_encoder/convnext/convnext.2/norm/Transpose_output_0', 'tts.dp.sentence_encoder.convnext.convnext.2.norm.norm.weight', 'tts.dp.sentence_encoder.convnext.convnext.2.norm.norm.bias']	['/sentence_encoder/convnext/convnext.2/norm/norm/LayerNormalization_output_0']
65	Transpose	/sentence_encoder/convnext/convnext.2/norm/Transpose_1	['/sentence_encoder/convnext/convnext.2/norm/norm/LayerNormalization_output_0']	['/sentence_encoder/convnext/convnext.2/norm/Transpose_1_output_0']
66	Conv	/sentence_encoder/convnext/convnext.2/pwconv1/Conv	['/sentence_encoder/convnext/convnext.2/norm/Transpose_1_output_0', 'tts.dp.sentence_encoder.convnext.convnext.2.pwconv1.weight', 'tts.dp.sentence_encoder.convnext.convnext.2.pwconv1.bias']	['/sentence_encoder/convnext/convnext.2/pwconv1/Conv_output_0']
67	Div	/sentence_encoder/convnext/convnext.2/act/Div	['/sentence_encoder/convnext/convnext.2/pwconv1/Conv_output_0', '/sentence_encoder/convnext/convnext.0/act/Constant_output_0']	['/sentence_encoder/convnext/convnext.2/act/Div_output_0']
68	Erf	/sentence_encoder/convnext/convnext.2/act/Erf	['/sentence_encoder/convnext/convnext.2/act/Div_output_0']	['/sentence_encoder/convnext/convnext.2/act/Erf_output_0']
69	Add	/sentence_encoder/convnext/convnext.2/act/Add	['/sentence_encoder/convnext/convnext.2/act/Erf_output_0', '/sentence_encoder/convnext/convnext.0/act/Constant_1_output_0']	['/sentence_encoder/convnext/convnext.2/act/Add_output_0']
70	Mul	/sentence_encoder/convnext/convnext.2/act/Mul	['/sentence_encoder/convnext/convnext.2/pwconv1/Conv_output_0', '/sentence_encoder/convnext/convnext.2/act/Add_output_0']	['/sentence_encoder/convnext/convnext.2/act/Mul_output_0']
71	Mul	/sentence_encoder/convnext/convnext.2/act/Mul_1	['/sentence_encoder/convnext/convnext.2/act/Mul_output_0', '/sentence_encoder/convnext/convnext.0/act/Constant_2_output_0']	['/sentence_encoder/convnext/convnext.2/act/Mul_1_output_0']
72	Conv	/sentence_encoder/convnext/convnext.2/pwconv2/Conv	['/sentence_encoder/convnext/convnext.2/act/Mul_1_output_0', 'tts.dp.sentence_encoder.convnext.convnext.2.pwconv2.weight', 'tts.dp.sentence_encoder.convnext.convnext.2.pwconv2.bias']	['/sentence_encoder/convnext/convnext.2/pwconv2/Conv_output_0']
73	Mul	/sentence_encoder/convnext/convnext.2/Mul_2	['tts.dp.sentence_encoder.convnext.convnext.2.gamma', '/sentence_encoder/convnext/convnext.2/pwconv2/Conv_output_0']	['/sentence_encoder/convnext/convnext.2/Mul_2_output_0']
74	Add	/sentence_encoder/convnext/convnext.2/Add	['/sentence_encoder/convnext/convnext.2/Mul_output_0', '/sentence_encoder/convnext/convnext.2/Mul_2_output_0']	['/sentence_encoder/convnext/convnext.2/Add_output_0']
75	Mul	/sentence_encoder/convnext/convnext.2/Mul_3	['/sentence_encoder/convnext/convnext.2/Add_output_0', '/sentence_encoder/Concat_2_output_0']	['/sentence_encoder/convnext/convnext.2/Mul_3_output_0']
76	Mul	/sentence_encoder/convnext/convnext.3/Mul	['/sentence_encoder/convnext/convnext.2/Mul_3_output_0', '/sentence_encoder/Concat_2_output_0']	['/sentence_encoder/convnext/convnext.3/Mul_output_0']
77	Pad	/sentence_encoder/convnext/convnext.3/dwconv/Pad	['/sentence_encoder/convnext/convnext.3/Mul_output_0', '/sentence_encoder/convnext/convnext.0/dwconv/Cast_output_0']	['/sentence_encoder/convnext/convnext.3/dwconv/Pad_output_0']
78	Conv	/sentence_encoder/convnext/convnext.3/dwconv/Conv	['/sentence_encoder/convnext/convnext.3/dwconv/Pad_output_0', 'tts.dp.sentence_encoder.convnext.convnext.3.dwconv.weight', 'tts.dp.sentence_encoder.convnext.convnext.3.dwconv.bias']	['/sentence_encoder/convnext/convnext.3/dwconv/Conv_output_0']
79	Mul	/sentence_encoder/convnext/convnext.3/Mul_1	['/sentence_encoder/convnext/convnext.3/dwconv/Conv_output_0', '/sentence_encoder/Concat_2_output_0']	['/sentence_encoder/convnext/convnext.3/Mul_1_output_0']
80	Transpose	/sentence_encoder/convnext/convnext.3/norm/Transpose	['/sentence_encoder/convnext/convnext.3/Mul_1_output_0']	['/sentence_encoder/convnext/convnext.3/norm/Transpose_output_0']
81	LayerNormalization	/sentence_encoder/convnext/convnext.3/norm/norm/LayerNormalization	['/sentence_encoder/convnext/convnext.3/norm/Transpose_output_0', 'tts.dp.sentence_encoder.convnext.convnext.3.norm.norm.weight', 'tts.dp.sentence_encoder.convnext.convnext.3.norm.norm.bias']	['/sentence_encoder/convnext/convnext.3/norm/norm/LayerNormalization_output_0']
82	Transpose	/sentence_encoder/convnext/convnext.3/norm/Transpose_1	['/sentence_encoder/convnext/convnext.3/norm/norm/LayerNormalization_output_0']	['/sentence_encoder/convnext/convnext.3/norm/Transpose_1_output_0']
83	Conv	/sentence_encoder/convnext/convnext.3/pwconv1/Conv	['/sentence_encoder/convnext/convnext.3/norm/Transpose_1_output_0', 'tts.dp.sentence_encoder.convnext.convnext.3.pwconv1.weight', 'tts.dp.sentence_encoder.convnext.convnext.3.pwconv1.bias']	['/sentence_encoder/convnext/convnext.3/pwconv1/Conv_output_0']
84	Div	/sentence_encoder/convnext/convnext.3/act/Div	['/sentence_encoder/convnext/convnext.3/pwconv1/Conv_output_0', '/sentence_encoder/convnext/convnext.0/act/Constant_output_0']	['/sentence_encoder/convnext/convnext.3/act/Div_output_0']
85	Erf	/sentence_encoder/convnext/convnext.3/act/Erf	['/sentence_encoder/convnext/convnext.3/act/Div_output_0']	['/sentence_encoder/convnext/convnext.3/act/Erf_output_0']
86	Add	/sentence_encoder/convnext/convnext.3/act/Add	['/sentence_encoder/convnext/convnext.3/act/Erf_output_0', '/sentence_encoder/convnext/convnext.0/act/Constant_1_output_0']	['/sentence_encoder/convnext/convnext.3/act/Add_output_0']
87	Mul	/sentence_encoder/convnext/convnext.3/act/Mul	['/sentence_encoder/convnext/convnext.3/pwconv1/Conv_output_0', '/sentence_encoder/convnext/convnext.3/act/Add_output_0']	['/sentence_encoder/convnext/convnext.3/act/Mul_output_0']
88	Mul	/sentence_encoder/convnext/convnext.3/act/Mul_1	['/sentence_encoder/convnext/convnext.3/act/Mul_output_0', '/sentence_encoder/convnext/convnext.0/act/Constant_2_output_0']	['/sentence_encoder/convnext/convnext.3/act/Mul_1_output_0']
89	Conv	/sentence_encoder/convnext/convnext.3/pwconv2/Conv	['/sentence_encoder/convnext/convnext.3/act/Mul_1_output_0', 'tts.dp.sentence_encoder.convnext.convnext.3.pwconv2.weight', 'tts.dp.sentence_encoder.convnext.convnext.3.pwconv2.bias']	['/sentence_encoder/convnext/convnext.3/pwconv2/Conv_output_0']
90	Mul	/sentence_encoder/convnext/convnext.3/Mul_2	['tts.dp.sentence_encoder.convnext.convnext.3.gamma', '/sentence_encoder/convnext/convnext.3/pwconv2/Conv_output_0']	['/sentence_encoder/convnext/convnext.3/Mul_2_output_0']
91	Add	/sentence_encoder/convnext/convnext.3/Add	['/sentence_encoder/convnext/convnext.3/Mul_output_0', '/sentence_encoder/convnext/convnext.3/Mul_2_output_0']	['/sentence_encoder/convnext/convnext.3/Add_output_0']
92	Mul	/sentence_encoder/convnext/convnext.3/Mul_3	['/sentence_encoder/convnext/convnext.3/Add_output_0', '/sentence_encoder/Concat_2_output_0']	['/sentence_encoder/convnext/convnext.3/Mul_3_output_0']
93	Mul	/sentence_encoder/convnext/convnext.4/Mul	['/sentence_encoder/convnext/convnext.3/Mul_3_output_0', '/sentence_encoder/Concat_2_output_0']	['/sentence_encoder/convnext/convnext.4/Mul_output_0']
94	Pad	/sentence_encoder/convnext/convnext.4/dwconv/Pad	['/sentence_encoder/convnext/convnext.4/Mul_output_0', '/sentence_encoder/convnext/convnext.0/dwconv/Cast_output_0']	['/sentence_encoder/convnext/convnext.4/dwconv/Pad_output_0']
95	Conv	/sentence_encoder/convnext/convnext.4/dwconv/Conv	['/sentence_encoder/convnext/convnext.4/dwconv/Pad_output_0', 'tts.dp.sentence_encoder.convnext.convnext.4.dwconv.weight', 'tts.dp.sentence_encoder.convnext.convnext.4.dwconv.bias']	['/sentence_encoder/convnext/convnext.4/dwconv/Conv_output_0']
96	Mul	/sentence_encoder/convnext/convnext.4/Mul_1	['/sentence_encoder/convnext/convnext.4/dwconv/Conv_output_0', '/sentence_encoder/Concat_2_output_0']	['/sentence_encoder/convnext/convnext.4/Mul_1_output_0']
97	Transpose	/sentence_encoder/convnext/convnext.4/norm/Transpose	['/sentence_encoder/convnext/convnext.4/Mul_1_output_0']	['/sentence_encoder/convnext/convnext.4/norm/Transpose_output_0']
98	LayerNormalization	/sentence_encoder/convnext/convnext.4/norm/norm/LayerNormalization	['/sentence_encoder/convnext/convnext.4/norm/Transpose_output_0', 'tts.dp.sentence_encoder.convnext.convnext.4.norm.norm.weight', 'tts.dp.sentence_encoder.convnext.convnext.4.norm.norm.bias']	['/sentence_encoder/convnext/convnext.4/norm/norm/LayerNormalization_output_0']
99	Transpose	/sentence_encoder/convnext/convnext.4/norm/Transpose_1	['/sentence_encoder/convnext/convnext.4/norm/norm/LayerNormalization_output_0']	['/sentence_encoder/convnext/convnext.4/norm/Transpose_1_output_0']
100	Conv	/sentence_encoder/convnext/convnext.4/pwconv1/Conv	['/sentence_encoder/convnext/convnext.4/norm/Transpose_1_output_0', 'tts.dp.sentence_encoder.convnext.convnext.4.pwconv1.weight', 'tts.dp.sentence_encoder.convnext.convnext.4.pwconv1.bias']	['/sentence_encoder/convnext/convnext.4/pwconv1/Conv_output_0']
101	Div	/sentence_encoder/convnext/convnext.4/act/Div	['/sentence_encoder/convnext/convnext.4/pwconv1/Conv_output_0', '/sentence_encoder/convnext/convnext.0/act/Constant_output_0']	['/sentence_encoder/convnext/convnext.4/act/Div_output_0']
102	Erf	/sentence_encoder/convnext/convnext.4/act/Erf	['/sentence_encoder/convnext/convnext.4/act/Div_output_0']	['/sentence_encoder/convnext/convnext.4/act/Erf_output_0']
103	Add	/sentence_encoder/convnext/convnext.4/act/Add	['/sentence_encoder/convnext/convnext.4/act/Erf_output_0', '/sentence_encoder/convnext/convnext.0/act/Constant_1_output_0']	['/sentence_encoder/convnext/convnext.4/act/Add_output_0']
104	Mul	/sentence_encoder/convnext/convnext.4/act/Mul	['/sentence_encoder/convnext/convnext.4/pwconv1/Conv_output_0', '/sentence_encoder/convnext/convnext.4/act/Add_output_0']	['/sentence_encoder/convnext/convnext.4/act/Mul_output_0']
105	Mul	/sentence_encoder/convnext/convnext.4/act/Mul_1	['/sentence_encoder/convnext/convnext.4/act/Mul_output_0', '/sentence_encoder/convnext/convnext.0/act/Constant_2_output_0']	['/sentence_encoder/convnext/convnext.4/act/Mul_1_output_0']
106	Conv	/sentence_encoder/convnext/convnext.4/pwconv2/Conv	['/sentence_encoder/convnext/convnext.4/act/Mul_1_output_0', 'tts.dp.sentence_encoder.convnext.convnext.4.pwconv2.weight', 'tts.dp.sentence_encoder.convnext.convnext.4.pwconv2.bias']	['/sentence_encoder/convnext/convnext.4/pwconv2/Conv_output_0']
107	Mul	/sentence_encoder/convnext/convnext.4/Mul_2	['tts.dp.sentence_encoder.convnext.convnext.4.gamma', '/sentence_encoder/convnext/convnext.4/pwconv2/Conv_output_0']	['/sentence_encoder/convnext/convnext.4/Mul_2_output_0']
108	Add	/sentence_encoder/convnext/convnext.4/Add	['/sentence_encoder/convnext/convnext.4/Mul_output_0', '/sentence_encoder/convnext/convnext.4/Mul_2_output_0']	['/sentence_encoder/convnext/convnext.4/Add_output_0']
109	Mul	/sentence_encoder/convnext/convnext.4/Mul_3	['/sentence_encoder/convnext/convnext.4/Add_output_0', '/sentence_encoder/Concat_2_output_0']	['/sentence_encoder/convnext/convnext.4/Mul_3_output_0']
110	Mul	/sentence_encoder/convnext/convnext.5/Mul	['/sentence_encoder/convnext/convnext.4/Mul_3_output_0', '/sentence_encoder/Concat_2_output_0']	['/sentence_encoder/convnext/convnext.5/Mul_output_0']
111	Pad	/sentence_encoder/convnext/convnext.5/dwconv/Pad	['/sentence_encoder/convnext/convnext.5/Mul_output_0', '/sentence_encoder/convnext/convnext.0/dwconv/Cast_output_0']	['/sentence_encoder/convnext/convnext.5/dwconv/Pad_output_0']
112	Conv	/sentence_encoder/convnext/convnext.5/dwconv/Conv	['/sentence_encoder/convnext/convnext.5/dwconv/Pad_output_0', 'tts.dp.sentence_encoder.convnext.convnext.5.dwconv.weight', 'tts.dp.sentence_encoder.convnext.convnext.5.dwconv.bias']	['/sentence_encoder/convnext/convnext.5/dwconv/Conv_output_0']
113	Mul	/sentence_encoder/convnext/convnext.5/Mul_1	['/sentence_encoder/convnext/convnext.5/dwconv/Conv_output_0', '/sentence_encoder/Concat_2_output_0']	['/sentence_encoder/convnext/convnext.5/Mul_1_output_0']
114	Transpose	/sentence_encoder/convnext/convnext.5/norm/Transpose	['/sentence_encoder/convnext/convnext.5/Mul_1_output_0']	['/sentence_encoder/convnext/convnext.5/norm/Transpose_output_0']
115	LayerNormalization	/sentence_encoder/convnext/convnext.5/norm/norm/LayerNormalization	['/sentence_encoder/convnext/convnext.5/norm/Transpose_output_0', 'tts.dp.sentence_encoder.convnext.convnext.5.norm.norm.weight', 'tts.dp.sentence_encoder.convnext.convnext.5.norm.norm.bias']	['/sentence_encoder/convnext/convnext.5/norm/norm/LayerNormalization_output_0']
116	Transpose	/sentence_encoder/convnext/convnext.5/norm/Transpose_1	['/sentence_encoder/convnext/convnext.5/norm/norm/LayerNormalization_output_0']	['/sentence_encoder/convnext/convnext.5/norm/Transpose_1_output_0']
117	Conv	/sentence_encoder/convnext/convnext.5/pwconv1/Conv	['/sentence_encoder/convnext/convnext.5/norm/Transpose_1_output_0', 'tts.dp.sentence_encoder.convnext.convnext.5.pwconv1.weight', 'tts.dp.sentence_encoder.convnext.convnext.5.pwconv1.bias']	['/sentence_encoder/convnext/convnext.5/pwconv1/Conv_output_0']
118	Div	/sentence_encoder/convnext/convnext.5/act/Div	['/sentence_encoder/convnext/convnext.5/pwconv1/Conv_output_0', '/sentence_encoder/convnext/convnext.0/act/Constant_output_0']	['/sentence_encoder/convnext/convnext.5/act/Div_output_0']
119	Erf	/sentence_encoder/convnext/convnext.5/act/Erf	['/sentence_encoder/convnext/convnext.5/act/Div_output_0']	['/sentence_encoder/convnext/convnext.5/act/Erf_output_0']
120	Add	/sentence_encoder/convnext/convnext.5/act/Add	['/sentence_encoder/convnext/convnext.5/act/Erf_output_0', '/sentence_encoder/convnext/convnext.0/act/Constant_1_output_0']	['/sentence_encoder/convnext/convnext.5/act/Add_output_0']
121	Mul	/sentence_encoder/convnext/convnext.5/act/Mul	['/sentence_encoder/convnext/convnext.5/pwconv1/Conv_output_0', '/sentence_encoder/convnext/convnext.5/act/Add_output_0']	['/sentence_encoder/convnext/convnext.5/act/Mul_output_0']
122	Mul	/sentence_encoder/convnext/convnext.5/act/Mul_1	['/sentence_encoder/convnext/convnext.5/act/Mul_output_0', '/sentence_encoder/convnext/convnext.0/act/Constant_2_output_0']	['/sentence_encoder/convnext/convnext.5/act/Mul_1_output_0']
123	Conv	/sentence_encoder/convnext/convnext.5/pwconv2/Conv	['/sentence_encoder/convnext/convnext.5/act/Mul_1_output_0', 'tts.dp.sentence_encoder.convnext.convnext.5.pwconv2.weight', 'tts.dp.sentence_encoder.convnext.convnext.5.pwconv2.bias']	['/sentence_encoder/convnext/convnext.5/pwconv2/Conv_output_0']
124	Mul	/sentence_encoder/convnext/convnext.5/Mul_2	['tts.dp.sentence_encoder.convnext.convnext.5.gamma', '/sentence_encoder/convnext/convnext.5/pwconv2/Conv_output_0']	['/sentence_encoder/convnext/convnext.5/Mul_2_output_0']
125	Add	/sentence_encoder/convnext/convnext.5/Add	['/sentence_encoder/convnext/convnext.5/Mul_output_0', '/sentence_encoder/convnext/convnext.5/Mul_2_output_0']	['/sentence_encoder/convnext/convnext.5/Add_output_0']
126	Mul	/sentence_encoder/convnext/convnext.5/Mul_3	['/sentence_encoder/convnext/convnext.5/Add_output_0', '/sentence_encoder/Concat_2_output_0']	['/sentence_encoder/convnext/convnext.5/Mul_3_output_0']
127	Mul	/sentence_encoder/attn_encoder/Mul_1	['/sentence_encoder/convnext/convnext.5/Mul_3_output_0', '/sentence_encoder/Concat_2_output_0']	['/sentence_encoder/attn_encoder/Mul_1_output_0']
128	Conv	/sentence_encoder/attn_encoder/attn_layers.0/conv_q/Conv	['/sentence_encoder/attn_encoder/Mul_1_output_0', 'tts.dp.sentence_encoder.attn_encoder.attn_layers.0.conv_q.weight', 'tts.dp.sentence_encoder.attn_encoder.attn_layers.0.conv_q.bias']	['/sentence_encoder/attn_encoder/attn_layers.0/conv_q/Conv_output_0']
129	Conv	/sentence_encoder/attn_encoder/attn_layers.0/conv_k/Conv	['/sentence_encoder/attn_encoder/Mul_1_output_0', 'tts.dp.sentence_encoder.attn_encoder.attn_layers.0.conv_k.weight', 'tts.dp.sentence_encoder.attn_encoder.attn_layers.0.conv_k.bias']	['/sentence_encoder/attn_encoder/attn_layers.0/conv_k/Conv_output_0']
130	Conv	/sentence_encoder/attn_encoder/attn_layers.0/conv_v/Conv	['/sentence_encoder/attn_encoder/Mul_1_output_0', 'tts.dp.sentence_encoder.attn_encoder.attn_layers.0.conv_v.weight', 'tts.dp.sentence_encoder.attn_encoder.attn_layers.0.conv_v.bias']	['/sentence_encoder/attn_encoder/attn_layers.0/conv_v/Conv_output_0']
131	Shape	/sentence_encoder/attn_encoder/attn_layers.0/Shape	['/sentence_encoder/attn_encoder/attn_layers.0/conv_k/Conv_output_0']	['/sentence_encoder/attn_encoder/attn_layers.0/Shape_output_0']
132	Shape	/sentence_encoder/attn_encoder/attn_layers.0/Shape_3	['/sentence_encoder/attn_encoder/attn_layers.0/conv_q/Conv_output_0']	['/sentence_encoder/attn_encoder/attn_layers.0/Shape_3_output_0']
133	Gather	/sentence_encoder/attn_encoder/attn_layers.0/Gather	['/sentence_encoder/attn_encoder/attn_layers.0/Shape_output_0', '/predictor/Constant_2_output_0']	['/sentence_encoder/attn_encoder/attn_layers.0/Gather_output_0']
134	Gather	/sentence_encoder/attn_encoder/attn_layers.0/Gather_2	['/sentence_encoder/attn_encoder/attn_layers.0/Shape_output_0', '/sentence_encoder/attn_encoder/attn_layers.0/Constant_2_output_0']	['/sentence_encoder/attn_encoder/attn_layers.0/Gather_2_output_0']
135	Gather	/sentence_encoder/attn_encoder/attn_layers.0/Gather_3	['/sentence_encoder/attn_encoder/attn_layers.0/Shape_3_output_0', '/sentence_encoder/attn_encoder/attn_layers.0/Constant_2_output_0']	['/sentence_encoder/attn_encoder/attn_layers.0/Gather_3_output_0']
136	Unsqueeze	/sentence_encoder/attn_encoder/attn_layers.0/Unsqueeze	['/sentence_encoder/attn_encoder/attn_layers.0/Gather_output_0', '/sentence_encoder/Constant_7_output_0']	['/sentence_encoder/attn_encoder/attn_layers.0/Unsqueeze_output_0']
137	Unsqueeze	/sentence_encoder/attn_encoder/attn_layers.0/Unsqueeze_1	['/sentence_encoder/attn_encoder/attn_layers.0/Gather_3_output_0', '/sentence_encoder/Constant_7_output_0']	['/sentence_encoder/attn_encoder/attn_layers.0/Unsqueeze_1_output_0']
138	Unsqueeze	/sentence_encoder/attn_encoder/attn_layers.0/Unsqueeze_3	['/sentence_encoder/attn_encoder/attn_layers.0/Gather_2_output_0', '/sentence_encoder/Constant_7_output_0']	['/sentence_encoder/attn_encoder/attn_layers.0/Unsqueeze_3_output_0']
139	Sub	/sentence_encoder/attn_encoder/attn_layers.0/Sub	['/sentence_encoder/attn_encoder/attn_layers.0/Gather_2_output_0', '/sentence_encoder/attn_encoder/attn_layers.0/Constant_11_output_0']	['/sentence_encoder/attn_encoder/attn_layers.0/Sub_output_0']
140	Sub	/sentence_encoder/attn_encoder/attn_layers.0/Sub_1	['/sentence_encoder/attn_encoder/attn_layers.0/Constant_11_output_0', '/sentence_encoder/attn_encoder/attn_layers.0/Gather_2_output_0']	['/sentence_encoder/attn_encoder/attn_layers.0/Sub_1_output_0']
141	Mul	/sentence_encoder/attn_encoder/attn_layers.0/Mul	['/sentence_encoder/attn_encoder/attn_layers.0/Gather_2_output_0', '/sentence_encoder/attn_encoder/attn_layers.0/Constant_2_output_0']	['/sentence_encoder/attn_encoder/attn_layers.0/Mul_output_0']
142	Concat	/sentence_encoder/attn_encoder/attn_layers.0/Concat	['/sentence_encoder/attn_encoder/attn_layers.0/Unsqueeze_output_0', '/sentence_encoder/Constant_6_output_0', '/sentence_encoder/attn_encoder/attn_layers.0/Constant_5_output_0', '/sentence_encoder/attn_encoder/attn_layers.0/Unsqueeze_1_output_0']	['/sentence_encoder/attn_encoder/attn_layers.0/Concat_output_0']
143	Concat	/sentence_encoder/attn_encoder/attn_layers.0/Concat_1	['/sentence_encoder/attn_encoder/attn_layers.0/Unsqueeze_output_0', '/sentence_encoder/Constant_6_output_0', '/sentence_encoder/attn_encoder/attn_layers.0/Constant_5_output_0', '/sentence_encoder/attn_encoder/attn_layers.0/Unsqueeze_3_output_0']	['/sentence_encoder/attn_encoder/attn_layers.0/Concat_1_output_0']
144	Clip	/sentence_encoder/attn_encoder/attn_layers.0/Clip	['/sentence_encoder/attn_encoder/attn_layers.0/Sub_output_0', '/predictor/Constant_2_output_0', '']	['/sentence_encoder/attn_encoder/attn_layers.0/Clip_output_0']
145	Clip	/sentence_encoder/attn_encoder/attn_layers.0/Clip_1	['/sentence_encoder/attn_encoder/attn_layers.0/Sub_1_output_0', '/predictor/Constant_2_output_0', '']	['/sentence_encoder/attn_encoder/attn_layers.0/Clip_1_output_0']
146	Concat	/sentence_encoder/attn_encoder/attn_layers.0/Concat_23	['/sentence_encoder/attn_encoder/attn_layers.0/Unsqueeze_output_0', '/sentence_encoder/attn_encoder/attn_layers.0/Unsqueeze_43_output_0', '/sentence_encoder/attn_encoder/attn_layers.0/Unsqueeze_1_output_0']	['/sentence_encoder/attn_encoder/attn_layers.0/Concat_23_output_0']
147	Reshape	/sentence_encoder/attn_encoder/attn_layers.0/Reshape	['/sentence_encoder/attn_encoder/attn_layers.0/conv_q/Conv_output_0', '/sentence_encoder/attn_encoder/attn_layers.0/Concat_output_0']	['/sentence_encoder/attn_encoder/attn_layers.0/Reshape_output_0']
148	Reshape	/sentence_encoder/attn_encoder/attn_layers.0/Reshape_1	['/sentence_encoder/attn_encoder/attn_layers.0/conv_k/Conv_output_0', '/sentence_encoder/attn_encoder/attn_layers.0/Concat_1_output_0']	['/sentence_encoder/attn_encoder/attn_layers.0/Reshape_1_output_0']
149	Reshape	/sentence_encoder/attn_encoder/attn_layers.0/Reshape_2	['/sentence_encoder/attn_encoder/attn_layers.0/conv_v/Conv_output_0', '/sentence_encoder/attn_encoder/attn_layers.0/Concat_1_output_0']	['/sentence_encoder/attn_encoder/attn_layers.0/Reshape_2_output_0']
150	Add	/sentence_encoder/attn_encoder/attn_layers.0/Add	['/sentence_encoder/attn_encoder/attn_layers.0/Clip_1_output_0', '/sentence_encoder/attn_encoder/attn_layers.0/Mul_output_0']	['/sentence_encoder/attn_encoder/attn_layers.0/Add_output_0']
151	Unsqueeze	/sentence_encoder/attn_encoder/attn_layers.0/Unsqueeze_8	['/sentence_encoder/attn_encoder/attn_layers.0/Clip_output_0', '/sentence_encoder/Constant_7_output_0']	['/sentence_encoder/attn_encoder/attn_layers.0/Unsqueeze_8_output_0']
152	Unsqueeze	/sentence_encoder/attn_encoder/attn_layers.0/Unsqueeze_14	['/sentence_encoder/attn_encoder/attn_layers.0/Clip_1_output_0', '/sentence_encoder/Constant_7_output_0']	['/sentence_encoder/attn_encoder/attn_layers.0/Unsqueeze_14_output_0']
153	Transpose	/sentence_encoder/attn_encoder/attn_layers.0/Transpose	['/sentence_encoder/attn_encoder/attn_layers.0/Reshape_output_0']	['/sentence_encoder/attn_encoder/attn_layers.0/Transpose_output_0']
154	Transpose	/sentence_encoder/attn_encoder/attn_layers.0/Transpose_1	['/sentence_encoder/attn_encoder/attn_layers.0/Reshape_2_output_0']	['/sentence_encoder/attn_encoder/attn_layers.0/Transpose_1_output_0']
155	Sub	/sentence_encoder/attn_encoder/attn_layers.0/Sub_2	['/sentence_encoder/attn_encoder/attn_layers.0/Add_output_0', '/sentence_encoder/attn_encoder/attn_layers.0/Constant_16_output_0']	['/sentence_encoder/attn_encoder/attn_layers.0/Sub_2_output_0']
156	Concat	/sentence_encoder/attn_encoder/attn_layers.0/Concat_7	['/sentence_encoder/Constant_7_output_0', '/sentence_encoder/Constant_7_output_0', '/sentence_encoder/attn_encoder/attn_layers.0/Unsqueeze_8_output_0', '/sentence_encoder/attn_encoder/attn_layers.0/Unsqueeze_8_output_0', '/sentence_encoder/Constant_7_output_0', '/sentence_encoder/Constant_7_output_0']	['/sentence_encoder/attn_encoder/attn_layers.0/Concat_7_output_0']
157	Div	/sentence_encoder/attn_encoder/attn_layers.0/Div	['/sentence_encoder/attn_encoder/attn_layers.0/Transpose_output_0', '/sentence_encoder/attn_encoder/attn_layers.0/Constant_10_output_0']	['/sentence_encoder/attn_encoder/attn_layers.0/Div_output_0']
158	Unsqueeze	/sentence_encoder/attn_encoder/attn_layers.0/Unsqueeze_15	['/sentence_encoder/attn_encoder/attn_layers.0/Sub_2_output_0', '/sentence_encoder/Constant_7_output_0']	['/sentence_encoder/attn_encoder/attn_layers.0/Unsqueeze_15_output_0']
159	Reshape	/sentence_encoder/attn_encoder/attn_layers.0/Reshape_3	['/sentence_encoder/attn_encoder/attn_layers.0/Concat_7_output_0', '/sentence_encoder/attn_encoder/attn_layers.0/Constant_35_output_0']	['/sentence_encoder/attn_encoder/attn_layers.0/Reshape_3_output_0']
160	MatMul	/sentence_encoder/attn_encoder/attn_layers.0/MatMul	['/sentence_encoder/attn_encoder/attn_layers.0/Div_output_0', '/sentence_encoder/attn_encoder/attn_layers.0/Reshape_1_output_0']	['/sentence_encoder/attn_encoder/attn_layers.0/MatMul_output_0']
161	Slice	/sentence_encoder/attn_encoder/attn_layers.0/Slice	['/sentence_encoder/attn_encoder/attn_layers.0/Reshape_3_output_0', '/predictor/Constant_3_output_0', '/sentence_encoder/attn_encoder/attn_layers.0/Constant_38_output_0', '/sentence_encoder/Constant_7_output_0', '/predictor/Constant_3_output_0']	['/sentence_encoder/attn_encoder/attn_layers.0/Slice_output_0']
162	Transpose	/sentence_encoder/attn_encoder/attn_layers.0/Transpose_2	['/sentence_encoder/attn_encoder/attn_layers.0/Slice_output_0']	['/sentence_encoder/attn_encoder/attn_layers.0/Transpose_2_output_0']
163	Reshape	/sentence_encoder/attn_encoder/attn_layers.0/Reshape_4	['/sentence_encoder/attn_encoder/attn_layers.0/Transpose_2_output_0', '/predictor/Constant_3_output_0']	['/sentence_encoder/attn_encoder/attn_layers.0/Cast_1_output_0']
164	Pad	/sentence_encoder/attn_encoder/attn_layers.0/Pad	['tts.dp.sentence_encoder.attn_encoder.attn_layers.0.emb_rel_k', '/sentence_encoder/attn_encoder/attn_layers.0/Cast_1_output_0', '']	['/sentence_encoder/attn_encoder/attn_layers.0/Pad_output_0']
165	Pad	/sentence_encoder/attn_encoder/attn_layers.0/Pad_5	['tts.dp.sentence_encoder.attn_encoder.attn_layers.0.emb_rel_v', '/sentence_encoder/attn_encoder/attn_layers.0/Cast_1_output_0', '']	['/sentence_encoder/attn_encoder/attn_layers.0/Pad_5_output_0']
166	Slice	/sentence_encoder/attn_encoder/attn_layers.0/Slice_1	['/sentence_encoder/attn_encoder/attn_layers.0/Pad_output_0', '/sentence_encoder/attn_encoder/attn_layers.0/Unsqueeze_14_output_0', '/sentence_encoder/attn_encoder/attn_layers.0/Unsqueeze_15_output_0', '/sentence_encoder/Constant_8_output_0', '/sentence_encoder/Constant_8_output_0']	['/sentence_encoder/attn_encoder/attn_layers.0/Slice_1_output_0']
167	Slice	/sentence_encoder/attn_encoder/attn_layers.0/Slice_10	['/sentence_encoder/attn_encoder/attn_layers.0/Pad_5_output_0', '/sentence_encoder/attn_encoder/attn_layers.0/Unsqueeze_14_output_0', '/sentence_encoder/attn_encoder/attn_layers.0/Unsqueeze_15_output_0', '/sentence_encoder/Constant_8_output_0', '/sentence_encoder/Constant_8_output_0']	['/sentence_encoder/attn_encoder/attn_layers.0/Slice_10_output_0']
168	Unsqueeze	/sentence_encoder/attn_encoder/attn_layers.0/Unsqueeze_16	['/sentence_encoder/attn_encoder/attn_layers.0/Slice_1_output_0', '/sentence_encoder/Constant_7_output_0']	['/sentence_encoder/attn_encoder/attn_layers.0/Unsqueeze_16_output_0']
169	Unsqueeze	/sentence_encoder/attn_encoder/attn_layers.0/Unsqueeze_41	['/sentence_encoder/attn_encoder/attn_layers.0/Slice_10_output_0', '/sentence_encoder/Constant_7_output_0']	['/sentence_encoder/attn_encoder/attn_layers.0/Unsqueeze_41_output_0']
170	Transpose	/sentence_encoder/attn_encoder/attn_layers.0/Transpose_3	['/sentence_encoder/attn_encoder/attn_layers.0/Unsqueeze_16_output_0']	['/sentence_encoder/attn_encoder/attn_layers.0/Transpose_3_output_0']
171	MatMul	/sentence_encoder/attn_encoder/attn_layers.0/MatMul_1	['/sentence_encoder/attn_encoder/attn_layers.0/Div_output_0', '/sentence_encoder/attn_encoder/attn_layers.0/Transpose_3_output_0']	['/sentence_encoder/attn_encoder/attn_layers.0/MatMul_1_output_0']
172	Shape	/sentence_encoder/attn_encoder/attn_layers.0/Shape_5	['/sentence_encoder/attn_encoder/attn_layers.0/MatMul_1_output_0']	['/sentence_encoder/attn_encoder/attn_layers.0/Shape_5_output_0']
173	Pad	/sentence_encoder/attn_encoder/attn_layers.0/Pad_1	['/sentence_encoder/attn_encoder/attn_layers.0/MatMul_1_output_0', '/sentence_encoder/attn_encoder/attn_layers.0/Cast_2_output_0', '']	['/sentence_encoder/attn_encoder/attn_layers.0/Pad_1_output_0']
174	Gather	/sentence_encoder/attn_encoder/attn_layers.0/Gather_5	['/sentence_encoder/attn_encoder/attn_layers.0/Shape_5_output_0', '/predictor/Constant_2_output_0']	['/sentence_encoder/attn_encoder/attn_layers.0/Gather_5_output_0']
175	Gather	/sentence_encoder/attn_encoder/attn_layers.0/Gather_6	['/sentence_encoder/attn_encoder/attn_layers.0/Shape_5_output_0', '/sentence_encoder/attn_encoder/attn_layers.0/Constant_16_output_0']	['/sentence_encoder/attn_encoder/attn_layers.0/Gather_6_output_0']
176	Gather	/sentence_encoder/attn_encoder/attn_layers.0/Gather_7	['/sentence_encoder/attn_encoder/attn_layers.0/Shape_5_output_0', '/sentence_encoder/attn_encoder/attn_layers.0/Constant_2_output_0']	['/sentence_encoder/attn_encoder/attn_layers.0/Gather_7_output_0']
177	Mul	/sentence_encoder/attn_encoder/attn_layers.0/Mul_1	['/sentence_encoder/attn_encoder/attn_layers.0/Gather_7_output_0', '/sentence_encoder/attn_encoder/attn_layers.0/Constant_2_output_0']	['/sentence_encoder/attn_encoder/attn_layers.0/Mul_1_output_0']
178	Unsqueeze	/sentence_encoder/attn_encoder/attn_layers.0/Unsqueeze_17	['/sentence_encoder/attn_encoder/attn_layers.0/Gather_5_output_0', '/sentence_encoder/Constant_7_output_0']	['/sentence_encoder/attn_encoder/attn_layers.0/Unsqueeze_17_output_0']
179	Unsqueeze	/sentence_encoder/attn_encoder/attn_layers.0/Unsqueeze_18	['/sentence_encoder/attn_encoder/attn_layers.0/Gather_6_output_0', '/sentence_encoder/Constant_7_output_0']	['/sentence_encoder/attn_encoder/attn_layers.0/Unsqueeze_18_output_0']
180	Sub	/sentence_encoder/attn_encoder/attn_layers.0/Sub_4	['/sentence_encoder/attn_encoder/attn_layers.0/Gather_7_output_0', '/sentence_encoder/attn_encoder/attn_layers.0/Constant_16_output_0']	['/sentence_encoder/attn_encoder/attn_layers.0/Sub_4_output_0']
181	Add	/sentence_encoder/attn_encoder/attn_layers.0/Add_1	['/sentence_encoder/attn_encoder/attn_layers.0/Gather_7_output_0', '/sentence_encoder/attn_encoder/attn_layers.0/Constant_16_output_0']	['/sentence_encoder/attn_encoder/attn_layers.0/Add_1_output_0']
182	Unsqueeze	/sentence_encoder/attn_encoder/attn_layers.0/Unsqueeze_26	['/sentence_encoder/attn_encoder/attn_layers.0/Gather_7_output_0', '/sentence_encoder/Constant_7_output_0']	['/sentence_encoder/attn_encoder/attn_layers.0/Unsqueeze_26_output_0']
183	Mul	/sentence_encoder/attn_encoder/attn_layers.0/Mul_2	['/sentence_encoder/attn_encoder/attn_layers.0/Mul_1_output_0', '/sentence_encoder/attn_encoder/attn_layers.0/Gather_7_output_0']	['/sentence_encoder/attn_encoder/attn_layers.0/Mul_2_output_0']
184	Unsqueeze	/sentence_encoder/attn_encoder/attn_layers.0/Unsqueeze_21	['/sentence_encoder/attn_encoder/attn_layers.0/Sub_4_output_0', '/sentence_encoder/Constant_7_output_0']	['/sentence_encoder/attn_encoder/attn_layers.0/Unsqueeze_21_output_0']
185	Sub	/sentence_encoder/attn_encoder/attn_layers.0/Sub_6	['/sentence_encoder/attn_encoder/attn_layers.0/Mul_1_output_0', '/sentence_encoder/attn_encoder/attn_layers.0/Constant_16_output_0']	['/sentence_encoder/attn_encoder/attn_layers.0/Sub_6_output_0']
186	Unsqueeze	/sentence_encoder/attn_encoder/attn_layers.0/Unsqueeze_24	['/sentence_encoder/attn_encoder/attn_layers.0/Add_1_output_0', '/sentence_encoder/Constant_7_output_0']	['/sentence_encoder/attn_encoder/attn_layers.0/Unsqueeze_24_output_0']
187	Unsqueeze	/sentence_encoder/attn_encoder/attn_layers.0/Unsqueeze_19	['/sentence_encoder/attn_encoder/attn_layers.0/Mul_2_output_0', '/sentence_encoder/Constant_7_output_0']	['/sentence_encoder/attn_encoder/attn_layers.0/Unsqueeze_19_output_0']
188	Unsqueeze	/sentence_encoder/attn_encoder/attn_layers.0/Unsqueeze_25	['/sentence_encoder/attn_encoder/attn_layers.0/Sub_6_output_0', '/sentence_encoder/Constant_7_output_0']	['/sentence_encoder/attn_encoder/attn_layers.0/Unsqueeze_25_output_0']
189	Concat	/sentence_encoder/attn_encoder/attn_layers.0/Concat_12	['/sentence_encoder/Constant_7_output_0', '/sentence_encoder/attn_encoder/attn_layers.0/Unsqueeze_21_output_0', '/sentence_encoder/Constant_7_output_0', '/sentence_encoder/Constant_7_output_0', '/sentence_encoder/Constant_7_output_0', '/sentence_encoder/Constant_7_output_0']	['/sentence_encoder/attn_encoder/attn_layers.0/Concat_12_output_0']
190	Concat	/sentence_encoder/attn_encoder/attn_layers.0/Concat_9	['/sentence_encoder/attn_encoder/attn_layers.0/Unsqueeze_17_output_0', '/sentence_encoder/attn_encoder/attn_layers.0/Unsqueeze_18_output_0', '/sentence_encoder/attn_encoder/attn_layers.0/Unsqueeze_19_output_0']	['/sentence_encoder/attn_encoder/attn_layers.0/Concat_9_output_0']
191	Concat	/sentence_encoder/attn_encoder/attn_layers.0/Concat_13	['/sentence_encoder/attn_encoder/attn_layers.0/Unsqueeze_17_output_0', '/sentence_encoder/attn_encoder/attn_layers.0/Unsqueeze_18_output_0', '/sentence_encoder/attn_encoder/attn_layers.0/Unsqueeze_24_output_0', '/sentence_encoder/attn_encoder/attn_layers.0/Unsqueeze_25_output_0']	['/sentence_encoder/attn_encoder/attn_layers.0/Concat_13_output_0']
192	Reshape	/sentence_encoder/attn_encoder/attn_layers.0/Reshape_8	['/sentence_encoder/attn_encoder/attn_layers.0/Concat_12_output_0', '/sentence_encoder/attn_encoder/attn_layers.0/Constant_35_output_0']	['/sentence_encoder/attn_encoder/attn_layers.0/Reshape_8_output_0']
193	Reshape	/sentence_encoder/attn_encoder/attn_layers.0/Reshape_7	['/sentence_encoder/attn_encoder/attn_layers.0/Pad_1_output_0', '/sentence_encoder/attn_encoder/attn_layers.0/Concat_9_output_0']	['/sentence_encoder/attn_encoder/attn_layers.0/Reshape_7_output_0']
194	Slice	/sentence_encoder/attn_encoder/attn_layers.0/Slice_3	['/sentence_encoder/attn_encoder/attn_layers.0/Reshape_8_output_0', '/predictor/Constant_3_output_0', '/sentence_encoder/attn_encoder/attn_layers.0/Constant_38_output_0', '/sentence_encoder/Constant_7_output_0', '/predictor/Constant_3_output_0']	['/sentence_encoder/attn_encoder/attn_layers.0/Slice_3_output_0']
195	Transpose	/sentence_encoder/attn_encoder/attn_layers.0/Transpose_5	['/sentence_encoder/attn_encoder/attn_layers.0/Slice_3_output_0']	['/sentence_encoder/attn_encoder/attn_layers.0/Transpose_5_output_0']
196	Reshape	/sentence_encoder/attn_encoder/attn_layers.0/Reshape_9	['/sentence_encoder/attn_encoder/attn_layers.0/Transpose_5_output_0', '/predictor/Constant_3_output_0']	['/sentence_encoder/attn_encoder/attn_layers.0/Cast_4_output_0']
197	Pad	/sentence_encoder/attn_encoder/attn_layers.0/Pad_2	['/sentence_encoder/attn_encoder/attn_layers.0/Reshape_7_output_0', '/sentence_encoder/attn_encoder/attn_layers.0/Cast_4_output_0', '']	['/sentence_encoder/attn_encoder/attn_layers.0/Pad_2_output_0']
198	Reshape	/sentence_encoder/attn_encoder/attn_layers.0/Reshape_10	['/sentence_encoder/attn_encoder/attn_layers.0/Pad_2_output_0', '/sentence_encoder/attn_encoder/attn_layers.0/Concat_13_output_0']	['/sentence_encoder/attn_encoder/attn_layers.0/Reshape_10_output_0']
199	Slice	/sentence_encoder/attn_encoder/attn_layers.0/Slice_4	['/sentence_encoder/attn_encoder/attn_layers.0/Reshape_10_output_0', '/sentence_encoder/Constant_7_output_0', '/sentence_encoder/attn_encoder/attn_layers.0/Unsqueeze_26_output_0', '/sentence_encoder/Constant_6_output_0', '/sentence_encoder/Constant_8_output_0']	['/sentence_encoder/attn_encoder/attn_layers.0/Slice_4_output_0']
200	Slice	/sentence_encoder/attn_encoder/attn_layers.0/Slice_5	['/sentence_encoder/attn_encoder/attn_layers.0/Slice_4_output_0', '/sentence_encoder/attn_encoder/attn_layers.0/Unsqueeze_21_output_0', '/sentence_encoder/attn_encoder/attn_layers.0/Constant_85_output_0', '/sentence_encoder/attn_encoder/attn_layers.0/Constant_83_output_0', '/sentence_encoder/Constant_8_output_0']	['/sentence_encoder/attn_encoder/attn_layers.0/Slice_5_output_0']
201	Add	/sentence_encoder/attn_encoder/attn_layers.0/Add_2	['/sentence_encoder/attn_encoder/attn_layers.0/MatMul_output_0', '/sentence_encoder/attn_encoder/attn_layers.0/Slice_5_output_0']	['/sentence_encoder/attn_encoder/attn_layers.0/Add_2_output_0']
202	Where	/sentence_encoder/attn_encoder/attn_layers.0/Where	['/sentence_encoder/attn_encoder/attn_layers.1/Cast_5_output_0', '/sentence_encoder/attn_encoder/attn_layers.0/Constant_88_output_0', '/sentence_encoder/attn_encoder/attn_layers.0/Add_2_output_0']	['/sentence_encoder/attn_encoder/attn_layers.0/Where_output_0']
203	Softmax	/sentence_encoder/attn_encoder/attn_layers.0/Softmax	['/sentence_encoder/attn_encoder/attn_layers.0/Where_output_0']	['/sentence_encoder/attn_encoder/attn_layers.0/Softmax_output_0']
204	MatMul	/sentence_encoder/attn_encoder/attn_layers.0/MatMul_2	['/sentence_encoder/attn_encoder/attn_layers.0/Softmax_output_0', '/sentence_encoder/attn_encoder/attn_layers.0/Transpose_1_output_0']	['/sentence_encoder/attn_encoder/attn_layers.0/MatMul_2_output_0']
205	Shape	/sentence_encoder/attn_encoder/attn_layers.0/Shape_9	['/sentence_encoder/attn_encoder/attn_layers.0/Softmax_output_0']	['/sentence_encoder/attn_encoder/attn_layers.0/Shape_9_output_0']
206	Gather	/sentence_encoder/attn_encoder/attn_layers.0/Gather_9	['/sentence_encoder/attn_encoder/attn_layers.0/Shape_9_output_0', '/predictor/Constant_2_output_0']	['/sentence_encoder/attn_encoder/attn_layers.0/Gather_9_output_0']
207	Gather	/sentence_encoder/attn_encoder/attn_layers.0/Gather_10	['/sentence_encoder/attn_encoder/attn_layers.0/Shape_9_output_0', '/sentence_encoder/attn_encoder/attn_layers.0/Constant_16_output_0']	['/sentence_encoder/attn_encoder/attn_layers.0/Gather_10_output_0']
208	Gather	/sentence_encoder/attn_encoder/attn_layers.0/Gather_11	['/sentence_encoder/attn_encoder/attn_layers.0/Shape_9_output_0', '/sentence_encoder/attn_encoder/attn_layers.0/Constant_2_output_0']	['/sentence_encoder/attn_encoder/attn_layers.0/Gather_11_output_0']
209	Sub	/sentence_encoder/attn_encoder/attn_layers.0/Sub_7	['/sentence_encoder/attn_encoder/attn_layers.0/Gather_11_output_0', '/sentence_encoder/attn_encoder/attn_layers.0/Constant_16_output_0']	['/sentence_encoder/attn_encoder/attn_layers.0/Sub_7_output_0']
210	Pow	/sentence_encoder/attn_encoder/attn_layers.0/Pow	['/sentence_encoder/attn_encoder/attn_layers.0/Gather_11_output_0', '/sentence_encoder/attn_encoder/attn_layers.0/Constant_2_output_0']	['/sentence_encoder/attn_encoder/attn_layers.0/Pow_output_0']
211	Unsqueeze	/sentence_encoder/attn_encoder/attn_layers.0/Unsqueeze_30	['/sentence_encoder/attn_encoder/attn_layers.0/Gather_9_output_0', '/sentence_encoder/Constant_7_output_0']	['/sentence_encoder/attn_encoder/attn_layers.0/Unsqueeze_30_output_0']
212	Unsqueeze	/sentence_encoder/attn_encoder/attn_layers.0/Unsqueeze_31	['/sentence_encoder/attn_encoder/attn_layers.0/Gather_10_output_0', '/sentence_encoder/Constant_7_output_0']	['/sentence_encoder/attn_encoder/attn_layers.0/Unsqueeze_31_output_0']
213	Unsqueeze	/sentence_encoder/attn_encoder/attn_layers.0/Unsqueeze_34	['/sentence_encoder/attn_encoder/attn_layers.0/Gather_11_output_0', '/sentence_encoder/Constant_7_output_0']	['/sentence_encoder/attn_encoder/attn_layers.0/Unsqueeze_34_output_0']
214	Mul	/sentence_encoder/attn_encoder/attn_layers.0/Mul_4	['/sentence_encoder/attn_encoder/attn_layers.0/Gather_11_output_0', '/sentence_encoder/attn_encoder/attn_layers.0/Constant_2_output_0']	['/sentence_encoder/attn_encoder/attn_layers.0/Mul_4_output_0']
215	Unsqueeze	/sentence_encoder/attn_encoder/attn_layers.0/Unsqueeze_29	['/sentence_encoder/attn_encoder/attn_layers.0/Sub_7_output_0', '/sentence_encoder/Constant_7_output_0']	['/sentence_encoder/attn_encoder/attn_layers.0/Unsqueeze_29_output_0']
216	Mul	/sentence_encoder/attn_encoder/attn_layers.0/Mul_3	['/sentence_encoder/attn_encoder/attn_layers.0/Gather_11_output_0', '/sentence_encoder/attn_encoder/attn_layers.0/Sub_7_output_0']	['/sentence_encoder/attn_encoder/attn_layers.0/Mul_3_output_0']
217	Unsqueeze	/sentence_encoder/attn_encoder/attn_layers.0/Unsqueeze_38	['/sentence_encoder/attn_encoder/attn_layers.0/Mul_4_output_0', '/sentence_encoder/Constant_7_output_0']	['/sentence_encoder/attn_encoder/attn_layers.0/Unsqueeze_38_output_0']
218	Concat	/sentence_encoder/attn_encoder/attn_layers.0/Concat_20	['/sentence_encoder/attn_encoder/attn_layers.0/Unsqueeze_34_output_0', '/sentence_encoder/Constant_7_output_0', '/sentence_encoder/Constant_7_output_0', '/sentence_encoder/Constant_7_output_0', '/sentence_encoder/Constant_7_output_0', '/sentence_encoder/Constant_7_output_0']	['/sentence_encoder/attn_encoder/attn_layers.0/Concat_20_output_0']
219	Add	/sentence_encoder/attn_encoder/attn_layers.0/Add_3	['/sentence_encoder/attn_encoder/attn_layers.0/Pow_output_0', '/sentence_encoder/attn_encoder/attn_layers.0/Mul_3_output_0']	['/sentence_encoder/attn_encoder/attn_layers.0/Add_3_output_0']
220	Concat	/sentence_encoder/attn_encoder/attn_layers.0/Concat_21	['/sentence_encoder/attn_encoder/attn_layers.0/Unsqueeze_30_output_0', '/sentence_encoder/attn_encoder/attn_layers.0/Unsqueeze_31_output_0', '/sentence_encoder/attn_encoder/attn_layers.0/Unsqueeze_34_output_0', '/sentence_encoder/attn_encoder/attn_layers.0/Unsqueeze_38_output_0']	['/sentence_encoder/attn_encoder/attn_layers.0/Concat_21_output_0']
221	Reshape	/sentence_encoder/attn_encoder/attn_layers.0/Reshape_14	['/sentence_encoder/attn_encoder/attn_layers.0/Concat_20_output_0', '/sentence_encoder/attn_encoder/attn_layers.0/Constant_35_output_0']	['/sentence_encoder/attn_encoder/attn_layers.0/Reshape_14_output_0']
222	Concat	/sentence_encoder/attn_encoder/attn_layers.0/Concat_16	['/sentence_encoder/Constant_7_output_0', '/sentence_encoder/attn_encoder/attn_layers.0/Unsqueeze_29_output_0', '/sentence_encoder/Constant_7_output_0', '/sentence_encoder/Constant_7_output_0', '/sentence_encoder/Constant_7_output_0', '/sentence_encoder/Constant_7_output_0', '/sentence_encoder/Constant_7_output_0', '/sentence_encoder/Constant_7_output_0']	['/sentence_encoder/attn_encoder/attn_layers.0/Concat_16_output_0']
223	Unsqueeze	/sentence_encoder/attn_encoder/attn_layers.0/Unsqueeze_32	['/sentence_encoder/attn_encoder/attn_layers.0/Add_3_output_0', '/sentence_encoder/Constant_7_output_0']	['/sentence_encoder/attn_encoder/attn_layers.0/Unsqueeze_32_output_0']
224	Reshape	/sentence_encoder/attn_encoder/attn_layers.0/Reshape_11	['/sentence_encoder/attn_encoder/attn_layers.0/Concat_16_output_0', '/sentence_encoder/attn_encoder/attn_layers.0/Constant_35_output_0']	['/sentence_encoder/attn_encoder/attn_layers.0/Reshape_11_output_0']
225	Slice	/sentence_encoder/attn_encoder/attn_layers.0/Slice_7	['/sentence_encoder/attn_encoder/attn_layers.0/Reshape_14_output_0', '/predictor/Constant_3_output_0', '/sentence_encoder/attn_encoder/attn_layers.0/Constant_38_output_0', '/sentence_encoder/Constant_7_output_0', '/predictor/Constant_3_output_0']	['/sentence_encoder/attn_encoder/attn_layers.0/Slice_7_output_0']
226	Concat	/sentence_encoder/attn_encoder/attn_layers.0/Concat_17	['/sentence_encoder/attn_encoder/attn_layers.0/Unsqueeze_30_output_0', '/sentence_encoder/attn_encoder/attn_layers.0/Unsqueeze_31_output_0', '/sentence_encoder/attn_encoder/attn_layers.0/Unsqueeze_32_output_0']	['/sentence_encoder/attn_encoder/attn_layers.0/Concat_17_output_0']
227	Slice	/sentence_encoder/attn_encoder/attn_layers.0/Slice_6	['/sentence_encoder/attn_encoder/attn_layers.0/Reshape_11_output_0', '/predictor/Constant_3_output_0', '/sentence_encoder/attn_encoder/attn_layers.0/Constant_38_output_0', '/sentence_encoder/Constant_7_output_0', '/predictor/Constant_3_output_0']	['/sentence_encoder/attn_encoder/attn_layers.0/Slice_6_output_0']
228	Transpose	/sentence_encoder/attn_encoder/attn_layers.0/Transpose_7	['/sentence_encoder/attn_encoder/attn_layers.0/Slice_7_output_0']	['/sentence_encoder/attn_encoder/attn_layers.0/Transpose_7_output_0']
229	Transpose	/sentence_encoder/attn_encoder/attn_layers.0/Transpose_6	['/sentence_encoder/attn_encoder/attn_layers.0/Slice_6_output_0']	['/sentence_encoder/attn_encoder/attn_layers.0/Transpose_6_output_0']
230	Reshape	/sentence_encoder/attn_encoder/attn_layers.0/Reshape_15	['/sentence_encoder/attn_encoder/attn_layers.0/Transpose_7_output_0', '/predictor/Constant_3_output_0']	['/sentence_encoder/attn_encoder/attn_layers.0/Cast_9_output_0']
231	Reshape	/sentence_encoder/attn_encoder/attn_layers.0/Reshape_12	['/sentence_encoder/attn_encoder/attn_layers.0/Transpose_6_output_0', '/predictor/Constant_3_output_0']	['/sentence_encoder/attn_encoder/attn_layers.0/Cast_7_output_0']
232	Pad	/sentence_encoder/attn_encoder/attn_layers.0/Pad_3	['/sentence_encoder/attn_encoder/attn_layers.0/Softmax_output_0', '/sentence_encoder/attn_encoder/attn_layers.0/Cast_7_output_0', '']	['/sentence_encoder/attn_encoder/attn_layers.0/Pad_3_output_0']
233	Reshape	/sentence_encoder/attn_encoder/attn_layers.0/Reshape_13	['/sentence_encoder/attn_encoder/attn_layers.0/Pad_3_output_0', '/sentence_encoder/attn_encoder/attn_layers.0/Concat_17_output_0']	['/sentence_encoder/attn_encoder/attn_layers.0/Reshape_13_output_0']
234	Pad	/sentence_encoder/attn_encoder/attn_layers.0/Pad_4	['/sentence_encoder/attn_encoder/attn_layers.0/Reshape_13_output_0', '/sentence_encoder/attn_encoder/attn_layers.0/Cast_9_output_0', '']	['/sentence_encoder/attn_encoder/attn_layers.0/Pad_4_output_0']
235	Reshape	/sentence_encoder/attn_encoder/attn_layers.0/Reshape_16	['/sentence_encoder/attn_encoder/attn_layers.0/Pad_4_output_0', '/sentence_encoder/attn_encoder/attn_layers.0/Concat_21_output_0']	['/sentence_encoder/attn_encoder/attn_layers.0/Reshape_16_output_0']
236	Slice	/sentence_encoder/attn_encoder/attn_layers.0/Slice_8	['/sentence_encoder/attn_encoder/attn_layers.0/Reshape_16_output_0', '/sentence_encoder/Constant_8_output_0', '/sentence_encoder/attn_encoder/attn_layers.0/Constant_85_output_0', '/sentence_encoder/attn_encoder/attn_layers.0/Constant_83_output_0', '/sentence_encoder/Constant_8_output_0']	['/sentence_encoder/attn_encoder/attn_layers.0/Slice_8_output_0']
237	MatMul	/sentence_encoder/attn_encoder/attn_layers.0/MatMul_3	['/sentence_encoder/attn_encoder/attn_layers.0/Slice_8_output_0', '/sentence_encoder/attn_encoder/attn_layers.0/Unsqueeze_41_output_0']	['/sentence_encoder/attn_encoder/attn_layers.0/MatMul_3_output_0']
238	Add	/sentence_encoder/attn_encoder/attn_layers.0/Add_4	['/sentence_encoder/attn_encoder/attn_layers.0/MatMul_2_output_0', '/sentence_encoder/attn_encoder/attn_layers.0/MatMul_3_output_0']	['/sentence_encoder/attn_encoder/attn_layers.0/Add_4_output_0']
239	Transpose	/sentence_encoder/attn_encoder/attn_layers.0/Transpose_9	['/sentence_encoder/attn_encoder/attn_layers.0/Add_4_output_0']	['/sentence_encoder/attn_encoder/attn_layers.0/Transpose_9_output_0']
240	Reshape	/sentence_encoder/attn_encoder/attn_layers.0/Reshape_19	['/sentence_encoder/attn_encoder/attn_layers.0/Transpose_9_output_0', '/sentence_encoder/attn_encoder/attn_layers.0/Concat_23_output_0']	['/sentence_encoder/attn_encoder/attn_layers.0/Reshape_19_output_0']
241	Conv	/sentence_encoder/attn_encoder/attn_layers.0/conv_o/Conv	['/sentence_encoder/attn_encoder/attn_layers.0/Reshape_19_output_0', 'tts.dp.sentence_encoder.attn_encoder.attn_layers.0.conv_o.weight', 'tts.dp.sentence_encoder.attn_encoder.attn_layers.0.conv_o.bias']	['/sentence_encoder/attn_encoder/attn_layers.0/conv_o/Conv_output_0']
242	Add	/sentence_encoder/attn_encoder/Add	['/sentence_encoder/attn_encoder/Mul_1_output_0', '/sentence_encoder/attn_encoder/attn_layers.0/conv_o/Conv_output_0']	['/sentence_encoder/attn_encoder/Add_output_0']
243	Transpose	/sentence_encoder/attn_encoder/norm_layers_1.0/Transpose	['/sentence_encoder/attn_encoder/Add_output_0']	['/sentence_encoder/attn_encoder/norm_layers_1.0/Transpose_output_0']
244	LayerNormalization	/sentence_encoder/attn_encoder/norm_layers_1.0/norm/LayerNormalization	['/sentence_encoder/attn_encoder/norm_layers_1.0/Transpose_output_0', 'tts.dp.sentence_encoder.attn_encoder.norm_layers_1.0.norm.weight', 'tts.dp.sentence_encoder.attn_encoder.norm_layers_1.0.norm.bias']	['/sentence_encoder/attn_encoder/norm_layers_1.0/norm/LayerNormalization_output_0']
245	Transpose	/sentence_encoder/attn_encoder/norm_layers_1.0/Transpose_1	['/sentence_encoder/attn_encoder/norm_layers_1.0/norm/LayerNormalization_output_0']	['/sentence_encoder/attn_encoder/norm_layers_1.0/Transpose_1_output_0']
246	Mul	/sentence_encoder/attn_encoder/ffn_layers.0/Mul	['/sentence_encoder/attn_encoder/norm_layers_1.0/Transpose_1_output_0', '/sentence_encoder/Concat_2_output_0']	['/sentence_encoder/attn_encoder/ffn_layers.0/Mul_output_0']
247	Conv	/sentence_encoder/attn_encoder/ffn_layers.0/conv_1/Conv	['/sentence_encoder/attn_encoder/ffn_layers.0/Mul_output_0', 'tts.dp.sentence_encoder.attn_encoder.ffn_layers.0.conv_1.weight', 'tts.dp.sentence_encoder.attn_encoder.ffn_layers.0.conv_1.bias']	['/sentence_encoder/attn_encoder/ffn_layers.0/conv_1/Conv_output_0']
248	Relu	/sentence_encoder/attn_encoder/ffn_layers.0/Relu	['/sentence_encoder/attn_encoder/ffn_layers.0/conv_1/Conv_output_0']	['/sentence_encoder/attn_encoder/ffn_layers.0/Relu_output_0']
249	Mul	/sentence_encoder/attn_encoder/ffn_layers.0/Mul_1	['/sentence_encoder/attn_encoder/ffn_layers.0/Relu_output_0', '/sentence_encoder/Concat_2_output_0']	['/sentence_encoder/attn_encoder/ffn_layers.0/Mul_1_output_0']
250	Conv	/sentence_encoder/attn_encoder/ffn_layers.0/conv_2/Conv	['/sentence_encoder/attn_encoder/ffn_layers.0/Mul_1_output_0', 'tts.dp.sentence_encoder.attn_encoder.ffn_layers.0.conv_2.weight', 'tts.dp.sentence_encoder.attn_encoder.ffn_layers.0.conv_2.bias']	['/sentence_encoder/attn_encoder/ffn_layers.0/conv_2/Conv_output_0']
251	Mul	/sentence_encoder/attn_encoder/ffn_layers.0/Mul_2	['/sentence_encoder/attn_encoder/ffn_layers.0/conv_2/Conv_output_0', '/sentence_encoder/Concat_2_output_0']	['/sentence_encoder/attn_encoder/ffn_layers.0/Mul_2_output_0']
252	Add	/sentence_encoder/attn_encoder/Add_1	['/sentence_encoder/attn_encoder/norm_layers_1.0/Transpose_1_output_0', '/sentence_encoder/attn_encoder/ffn_layers.0/Mul_2_output_0']	['/sentence_encoder/attn_encoder/Add_1_output_0']
253	Transpose	/sentence_encoder/attn_encoder/norm_layers_2.0/Transpose	['/sentence_encoder/attn_encoder/Add_1_output_0']	['/sentence_encoder/attn_encoder/norm_layers_2.0/Transpose_output_0']
254	LayerNormalization	/sentence_encoder/attn_encoder/norm_layers_2.0/norm/LayerNormalization	['/sentence_encoder/attn_encoder/norm_layers_2.0/Transpose_output_0', 'tts.dp.sentence_encoder.attn_encoder.norm_layers_2.0.norm.weight', 'tts.dp.sentence_encoder.attn_encoder.norm_layers_2.0.norm.bias']	['/sentence_encoder/attn_encoder/norm_layers_2.0/norm/LayerNormalization_output_0']
255	Transpose	/sentence_encoder/attn_encoder/norm_layers_2.0/Transpose_1	['/sentence_encoder/attn_encoder/norm_layers_2.0/norm/LayerNormalization_output_0']	['/sentence_encoder/attn_encoder/norm_layers_2.0/Transpose_1_output_0']
256	Conv	/sentence_encoder/attn_encoder/attn_layers.1/conv_q/Conv	['/sentence_encoder/attn_encoder/norm_layers_2.0/Transpose_1_output_0', 'tts.dp.sentence_encoder.attn_encoder.attn_layers.1.conv_q.weight', 'tts.dp.sentence_encoder.attn_encoder.attn_layers.1.conv_q.bias']	['/sentence_encoder/attn_encoder/attn_layers.1/conv_q/Conv_output_0']
257	Conv	/sentence_encoder/attn_encoder/attn_layers.1/conv_k/Conv	['/sentence_encoder/attn_encoder/norm_layers_2.0/Transpose_1_output_0', 'tts.dp.sentence_encoder.attn_encoder.attn_layers.1.conv_k.weight', 'tts.dp.sentence_encoder.attn_encoder.attn_layers.1.conv_k.bias']	['/sentence_encoder/attn_encoder/attn_layers.1/conv_k/Conv_output_0']
258	Conv	/sentence_encoder/attn_encoder/attn_layers.1/conv_v/Conv	['/sentence_encoder/attn_encoder/norm_layers_2.0/Transpose_1_output_0', 'tts.dp.sentence_encoder.attn_encoder.attn_layers.1.conv_v.weight', 'tts.dp.sentence_encoder.attn_encoder.attn_layers.1.conv_v.bias']	['/sentence_encoder/attn_encoder/attn_layers.1/conv_v/Conv_output_0']
259	Shape	/sentence_encoder/attn_encoder/attn_layers.1/Shape	['/sentence_encoder/attn_encoder/attn_layers.1/conv_k/Conv_output_0']	['/sentence_encoder/attn_encoder/attn_layers.1/Shape_output_0']
260	Shape	/sentence_encoder/attn_encoder/attn_layers.1/Shape_3	['/sentence_encoder/attn_encoder/attn_layers.1/conv_q/Conv_output_0']	['/sentence_encoder/attn_encoder/attn_layers.1/Shape_3_output_0']
261	Gather	/sentence_encoder/attn_encoder/attn_layers.1/Gather	['/sentence_encoder/attn_encoder/attn_layers.1/Shape_output_0', '/predictor/Constant_2_output_0']	['/sentence_encoder/attn_encoder/attn_layers.1/Gather_output_0']
262	Gather	/sentence_encoder/attn_encoder/attn_layers.1/Gather_2	['/sentence_encoder/attn_encoder/attn_layers.1/Shape_output_0', '/sentence_encoder/attn_encoder/attn_layers.0/Constant_2_output_0']	['/sentence_encoder/attn_encoder/attn_layers.1/Gather_2_output_0']
263	Gather	/sentence_encoder/attn_encoder/attn_layers.1/Gather_3	['/sentence_encoder/attn_encoder/attn_layers.1/Shape_3_output_0', '/sentence_encoder/attn_encoder/attn_layers.0/Constant_2_output_0']	['/sentence_encoder/attn_encoder/attn_layers.1/Gather_3_output_0']
264	Unsqueeze	/sentence_encoder/attn_encoder/attn_layers.1/Unsqueeze	['/sentence_encoder/attn_encoder/attn_layers.1/Gather_output_0', '/sentence_encoder/Constant_7_output_0']	['/sentence_encoder/attn_encoder/attn_layers.1/Unsqueeze_output_0']
265	Unsqueeze	/sentence_encoder/attn_encoder/attn_layers.1/Unsqueeze_1	['/sentence_encoder/attn_encoder/attn_layers.1/Gather_3_output_0', '/sentence_encoder/Constant_7_output_0']	['/sentence_encoder/attn_encoder/attn_layers.1/Unsqueeze_1_output_0']
266	Unsqueeze	/sentence_encoder/attn_encoder/attn_layers.1/Unsqueeze_3	['/sentence_encoder/attn_encoder/attn_layers.1/Gather_2_output_0', '/sentence_encoder/Constant_7_output_0']	['/sentence_encoder/attn_encoder/attn_layers.1/Unsqueeze_3_output_0']
267	Sub	/sentence_encoder/attn_encoder/attn_layers.1/Sub	['/sentence_encoder/attn_encoder/attn_layers.1/Gather_2_output_0', '/sentence_encoder/attn_encoder/attn_layers.0/Constant_11_output_0']	['/sentence_encoder/attn_encoder/attn_layers.1/Sub_output_0']
268	Sub	/sentence_encoder/attn_encoder/attn_layers.1/Sub_1	['/sentence_encoder/attn_encoder/attn_layers.0/Constant_11_output_0', '/sentence_encoder/attn_encoder/attn_layers.1/Gather_2_output_0']	['/sentence_encoder/attn_encoder/attn_layers.1/Sub_1_output_0']
269	Mul	/sentence_encoder/attn_encoder/attn_layers.1/Mul	['/sentence_encoder/attn_encoder/attn_layers.1/Gather_2_output_0', '/sentence_encoder/attn_encoder/attn_layers.0/Constant_2_output_0']	['/sentence_encoder/attn_encoder/attn_layers.1/Mul_output_0']
270	Concat	/sentence_encoder/attn_encoder/attn_layers.1/Concat	['/sentence_encoder/attn_encoder/attn_layers.1/Unsqueeze_output_0', '/sentence_encoder/Constant_6_output_0', '/sentence_encoder/attn_encoder/attn_layers.0/Constant_5_output_0', '/sentence_encoder/attn_encoder/attn_layers.1/Unsqueeze_1_output_0']	['/sentence_encoder/attn_encoder/attn_layers.1/Concat_output_0']
271	Concat	/sentence_encoder/attn_encoder/attn_layers.1/Concat_1	['/sentence_encoder/attn_encoder/attn_layers.1/Unsqueeze_output_0', '/sentence_encoder/Constant_6_output_0', '/sentence_encoder/attn_encoder/attn_layers.0/Constant_5_output_0', '/sentence_encoder/attn_encoder/attn_layers.1/Unsqueeze_3_output_0']	['/sentence_encoder/attn_encoder/attn_layers.1/Concat_1_output_0']
272	Clip	/sentence_encoder/attn_encoder/attn_layers.1/Clip	['/sentence_encoder/attn_encoder/attn_layers.1/Sub_output_0', '/predictor/Constant_2_output_0', '']	['/sentence_encoder/attn_encoder/attn_layers.1/Clip_output_0']
273	Clip	/sentence_encoder/attn_encoder/attn_layers.1/Clip_1	['/sentence_encoder/attn_encoder/attn_layers.1/Sub_1_output_0', '/predictor/Constant_2_output_0', '']	['/sentence_encoder/attn_encoder/attn_layers.1/Clip_1_output_0']
274	Concat	/sentence_encoder/attn_encoder/attn_layers.1/Concat_23	['/sentence_encoder/attn_encoder/attn_layers.1/Unsqueeze_output_0', '/sentence_encoder/attn_encoder/attn_layers.0/Unsqueeze_43_output_0', '/sentence_encoder/attn_encoder/attn_layers.1/Unsqueeze_1_output_0']	['/sentence_encoder/attn_encoder/attn_layers.1/Concat_23_output_0']
275	Reshape	/sentence_encoder/attn_encoder/attn_layers.1/Reshape	['/sentence_encoder/attn_encoder/attn_layers.1/conv_q/Conv_output_0', '/sentence_encoder/attn_encoder/attn_layers.1/Concat_output_0']	['/sentence_encoder/attn_encoder/attn_layers.1/Reshape_output_0']
276	Reshape	/sentence_encoder/attn_encoder/attn_layers.1/Reshape_1	['/sentence_encoder/attn_encoder/attn_layers.1/conv_k/Conv_output_0', '/sentence_encoder/attn_encoder/attn_layers.1/Concat_1_output_0']	['/sentence_encoder/attn_encoder/attn_layers.1/Reshape_1_output_0']
277	Reshape	/sentence_encoder/attn_encoder/attn_layers.1/Reshape_2	['/sentence_encoder/attn_encoder/attn_layers.1/conv_v/Conv_output_0', '/sentence_encoder/attn_encoder/attn_layers.1/Concat_1_output_0']	['/sentence_encoder/attn_encoder/attn_layers.1/Reshape_2_output_0']
278	Add	/sentence_encoder/attn_encoder/attn_layers.1/Add	['/sentence_encoder/attn_encoder/attn_layers.1/Clip_1_output_0', '/sentence_encoder/attn_encoder/attn_layers.1/Mul_output_0']	['/sentence_encoder/attn_encoder/attn_layers.1/Add_output_0']
279	Unsqueeze	/sentence_encoder/attn_encoder/attn_layers.1/Unsqueeze_8	['/sentence_encoder/attn_encoder/attn_layers.1/Clip_output_0', '/sentence_encoder/Constant_7_output_0']	['/sentence_encoder/attn_encoder/attn_layers.1/Unsqueeze_8_output_0']
280	Unsqueeze	/sentence_encoder/attn_encoder/attn_layers.1/Unsqueeze_14	['/sentence_encoder/attn_encoder/attn_layers.1/Clip_1_output_0', '/sentence_encoder/Constant_7_output_0']	['/sentence_encoder/attn_encoder/attn_layers.1/Unsqueeze_14_output_0']
281	Transpose	/sentence_encoder/attn_encoder/attn_layers.1/Transpose	['/sentence_encoder/attn_encoder/attn_layers.1/Reshape_output_0']	['/sentence_encoder/attn_encoder/attn_layers.1/Transpose_output_0']
282	Transpose	/sentence_encoder/attn_encoder/attn_layers.1/Transpose_1	['/sentence_encoder/attn_encoder/attn_layers.1/Reshape_2_output_0']	['/sentence_encoder/attn_encoder/attn_layers.1/Transpose_1_output_0']
283	Sub	/sentence_encoder/attn_encoder/attn_layers.1/Sub_2	['/sentence_encoder/attn_encoder/attn_layers.1/Add_output_0', '/sentence_encoder/attn_encoder/attn_layers.0/Constant_16_output_0']	['/sentence_encoder/attn_encoder/attn_layers.1/Sub_2_output_0']
284	Concat	/sentence_encoder/attn_encoder/attn_layers.1/Concat_7	['/sentence_encoder/Constant_7_output_0', '/sentence_encoder/Constant_7_output_0', '/sentence_encoder/attn_encoder/attn_layers.1/Unsqueeze_8_output_0', '/sentence_encoder/attn_encoder/attn_layers.1/Unsqueeze_8_output_0', '/sentence_encoder/Constant_7_output_0', '/sentence_encoder/Constant_7_output_0']	['/sentence_encoder/attn_encoder/attn_layers.1/Concat_7_output_0']
285	Div	/sentence_encoder/attn_encoder/attn_layers.1/Div	['/sentence_encoder/attn_encoder/attn_layers.1/Transpose_output_0', '/sentence_encoder/attn_encoder/attn_layers.0/Constant_10_output_0']	['/sentence_encoder/attn_encoder/attn_layers.1/Div_output_0']
286	Unsqueeze	/sentence_encoder/attn_encoder/attn_layers.1/Unsqueeze_15	['/sentence_encoder/attn_encoder/attn_layers.1/Sub_2_output_0', '/sentence_encoder/Constant_7_output_0']	['/sentence_encoder/attn_encoder/attn_layers.1/Unsqueeze_15_output_0']
287	Reshape	/sentence_encoder/attn_encoder/attn_layers.1/Reshape_3	['/sentence_encoder/attn_encoder/attn_layers.1/Concat_7_output_0', '/sentence_encoder/attn_encoder/attn_layers.0/Constant_35_output_0']	['/sentence_encoder/attn_encoder/attn_layers.1/Reshape_3_output_0']
288	MatMul	/sentence_encoder/attn_encoder/attn_layers.1/MatMul	['/sentence_encoder/attn_encoder/attn_layers.1/Div_output_0', '/sentence_encoder/attn_encoder/attn_layers.1/Reshape_1_output_0']	['/sentence_encoder/attn_encoder/attn_layers.1/MatMul_output_0']
289	Slice	/sentence_encoder/attn_encoder/attn_layers.1/Slice	['/sentence_encoder/attn_encoder/attn_layers.1/Reshape_3_output_0', '/predictor/Constant_3_output_0', '/sentence_encoder/attn_encoder/attn_layers.0/Constant_38_output_0', '/sentence_encoder/Constant_7_output_0', '/predictor/Constant_3_output_0']	['/sentence_encoder/attn_encoder/attn_layers.1/Slice_output_0']
290	Transpose	/sentence_encoder/attn_encoder/attn_layers.1/Transpose_2	['/sentence_encoder/attn_encoder/attn_layers.1/Slice_output_0']	['/sentence_encoder/attn_encoder/attn_layers.1/Transpose_2_output_0']
291	Reshape	/sentence_encoder/attn_encoder/attn_layers.1/Reshape_4	['/sentence_encoder/attn_encoder/attn_layers.1/Transpose_2_output_0', '/predictor/Constant_3_output_0']	['/sentence_encoder/attn_encoder/attn_layers.1/Cast_1_output_0']
292	Pad	/sentence_encoder/attn_encoder/attn_layers.1/Pad	['tts.dp.sentence_encoder.attn_encoder.attn_layers.1.emb_rel_k', '/sentence_encoder/attn_encoder/attn_layers.1/Cast_1_output_0', '']	['/sentence_encoder/attn_encoder/attn_layers.1/Pad_output_0']
293	Pad	/sentence_encoder/attn_encoder/attn_layers.1/Pad_5	['tts.dp.sentence_encoder.attn_encoder.attn_layers.1.emb_rel_v', '/sentence_encoder/attn_encoder/attn_layers.1/Cast_1_output_0', '']	['/sentence_encoder/attn_encoder/attn_layers.1/Pad_5_output_0']
294	Slice	/sentence_encoder/attn_encoder/attn_layers.1/Slice_1	['/sentence_encoder/attn_encoder/attn_layers.1/Pad_output_0', '/sentence_encoder/attn_encoder/attn_layers.1/Unsqueeze_14_output_0', '/sentence_encoder/attn_encoder/attn_layers.1/Unsqueeze_15_output_0', '/sentence_encoder/Constant_8_output_0', '/sentence_encoder/Constant_8_output_0']	['/sentence_encoder/attn_encoder/attn_layers.1/Slice_1_output_0']
295	Slice	/sentence_encoder/attn_encoder/attn_layers.1/Slice_10	['/sentence_encoder/attn_encoder/attn_layers.1/Pad_5_output_0', '/sentence_encoder/attn_encoder/attn_layers.1/Unsqueeze_14_output_0', '/sentence_encoder/attn_encoder/attn_layers.1/Unsqueeze_15_output_0', '/sentence_encoder/Constant_8_output_0', '/sentence_encoder/Constant_8_output_0']	['/sentence_encoder/attn_encoder/attn_layers.1/Slice_10_output_0']
296	Unsqueeze	/sentence_encoder/attn_encoder/attn_layers.1/Unsqueeze_16	['/sentence_encoder/attn_encoder/attn_layers.1/Slice_1_output_0', '/sentence_encoder/Constant_7_output_0']	['/sentence_encoder/attn_encoder/attn_layers.1/Unsqueeze_16_output_0']
297	Unsqueeze	/sentence_encoder/attn_encoder/attn_layers.1/Unsqueeze_41	['/sentence_encoder/attn_encoder/attn_layers.1/Slice_10_output_0', '/sentence_encoder/Constant_7_output_0']	['/sentence_encoder/attn_encoder/attn_layers.1/Unsqueeze_41_output_0']
298	Transpose	/sentence_encoder/attn_encoder/attn_layers.1/Transpose_3	['/sentence_encoder/attn_encoder/attn_layers.1/Unsqueeze_16_output_0']	['/sentence_encoder/attn_encoder/attn_layers.1/Transpose_3_output_0']
299	MatMul	/sentence_encoder/attn_encoder/attn_layers.1/MatMul_1	['/sentence_encoder/attn_encoder/attn_layers.1/Div_output_0', '/sentence_encoder/attn_encoder/attn_layers.1/Transpose_3_output_0']	['/sentence_encoder/attn_encoder/attn_layers.1/MatMul_1_output_0']
300	Shape	/sentence_encoder/attn_encoder/attn_layers.1/Shape_5	['/sentence_encoder/attn_encoder/attn_layers.1/MatMul_1_output_0']	['/sentence_encoder/attn_encoder/attn_layers.1/Shape_5_output_0']
301	Pad	/sentence_encoder/attn_encoder/attn_layers.1/Pad_1	['/sentence_encoder/attn_encoder/attn_layers.1/MatMul_1_output_0', '/sentence_encoder/attn_encoder/attn_layers.0/Cast_2_output_0', '']	['/sentence_encoder/attn_encoder/attn_layers.1/Pad_1_output_0']
302	Gather	/sentence_encoder/attn_encoder/attn_layers.1/Gather_5	['/sentence_encoder/attn_encoder/attn_layers.1/Shape_5_output_0', '/predictor/Constant_2_output_0']	['/sentence_encoder/attn_encoder/attn_layers.1/Gather_5_output_0']
303	Gather	/sentence_encoder/attn_encoder/attn_layers.1/Gather_6	['/sentence_encoder/attn_encoder/attn_layers.1/Shape_5_output_0', '/sentence_encoder/attn_encoder/attn_layers.0/Constant_16_output_0']	['/sentence_encoder/attn_encoder/attn_layers.1/Gather_6_output_0']
304	Gather	/sentence_encoder/attn_encoder/attn_layers.1/Gather_7	['/sentence_encoder/attn_encoder/attn_layers.1/Shape_5_output_0', '/sentence_encoder/attn_encoder/attn_layers.0/Constant_2_output_0']	['/sentence_encoder/attn_encoder/attn_layers.1/Gather_7_output_0']
305	Mul	/sentence_encoder/attn_encoder/attn_layers.1/Mul_1	['/sentence_encoder/attn_encoder/attn_layers.1/Gather_7_output_0', '/sentence_encoder/attn_encoder/attn_layers.0/Constant_2_output_0']	['/sentence_encoder/attn_encoder/attn_layers.1/Mul_1_output_0']
306	Unsqueeze	/sentence_encoder/attn_encoder/attn_layers.1/Unsqueeze_17	['/sentence_encoder/attn_encoder/attn_layers.1/Gather_5_output_0', '/sentence_encoder/Constant_7_output_0']	['/sentence_encoder/attn_encoder/attn_layers.1/Unsqueeze_17_output_0']
307	Unsqueeze	/sentence_encoder/attn_encoder/attn_layers.1/Unsqueeze_18	['/sentence_encoder/attn_encoder/attn_layers.1/Gather_6_output_0', '/sentence_encoder/Constant_7_output_0']	['/sentence_encoder/attn_encoder/attn_layers.1/Unsqueeze_18_output_0']
308	Sub	/sentence_encoder/attn_encoder/attn_layers.1/Sub_4	['/sentence_encoder/attn_encoder/attn_layers.1/Gather_7_output_0', '/sentence_encoder/attn_encoder/attn_layers.0/Constant_16_output_0']	['/sentence_encoder/attn_encoder/attn_layers.1/Sub_4_output_0']
309	Add	/sentence_encoder/attn_encoder/attn_layers.1/Add_1	['/sentence_encoder/attn_encoder/attn_layers.1/Gather_7_output_0', '/sentence_encoder/attn_encoder/attn_layers.0/Constant_16_output_0']	['/sentence_encoder/attn_encoder/attn_layers.1/Add_1_output_0']
310	Unsqueeze	/sentence_encoder/attn_encoder/attn_layers.1/Unsqueeze_26	['/sentence_encoder/attn_encoder/attn_layers.1/Gather_7_output_0', '/sentence_encoder/Constant_7_output_0']	['/sentence_encoder/attn_encoder/attn_layers.1/Unsqueeze_26_output_0']
311	Mul	/sentence_encoder/attn_encoder/attn_layers.1/Mul_2	['/sentence_encoder/attn_encoder/attn_layers.1/Mul_1_output_0', '/sentence_encoder/attn_encoder/attn_layers.1/Gather_7_output_0']	['/sentence_encoder/attn_encoder/attn_layers.1/Mul_2_output_0']
312	Unsqueeze	/sentence_encoder/attn_encoder/attn_layers.1/Unsqueeze_21	['/sentence_encoder/attn_encoder/attn_layers.1/Sub_4_output_0', '/sentence_encoder/Constant_7_output_0']	['/sentence_encoder/attn_encoder/attn_layers.1/Unsqueeze_21_output_0']
313	Sub	/sentence_encoder/attn_encoder/attn_layers.1/Sub_6	['/sentence_encoder/attn_encoder/attn_layers.1/Mul_1_output_0', '/sentence_encoder/attn_encoder/attn_layers.0/Constant_16_output_0']	['/sentence_encoder/attn_encoder/attn_layers.1/Sub_6_output_0']
314	Unsqueeze	/sentence_encoder/attn_encoder/attn_layers.1/Unsqueeze_24	['/sentence_encoder/attn_encoder/attn_layers.1/Add_1_output_0', '/sentence_encoder/Constant_7_output_0']	['/sentence_encoder/attn_encoder/attn_layers.1/Unsqueeze_24_output_0']
315	Unsqueeze	/sentence_encoder/attn_encoder/attn_layers.1/Unsqueeze_19	['/sentence_encoder/attn_encoder/attn_layers.1/Mul_2_output_0', '/sentence_encoder/Constant_7_output_0']	['/sentence_encoder/attn_encoder/attn_layers.1/Unsqueeze_19_output_0']
316	Unsqueeze	/sentence_encoder/attn_encoder/attn_layers.1/Unsqueeze_25	['/sentence_encoder/attn_encoder/attn_layers.1/Sub_6_output_0', '/sentence_encoder/Constant_7_output_0']	['/sentence_encoder/attn_encoder/attn_layers.1/Unsqueeze_25_output_0']
317	Concat	/sentence_encoder/attn_encoder/attn_layers.1/Concat_12	['/sentence_encoder/Constant_7_output_0', '/sentence_encoder/attn_encoder/attn_layers.1/Unsqueeze_21_output_0', '/sentence_encoder/Constant_7_output_0', '/sentence_encoder/Constant_7_output_0', '/sentence_encoder/Constant_7_output_0', '/sentence_encoder/Constant_7_output_0']	['/sentence_encoder/attn_encoder/attn_layers.1/Concat_12_output_0']
318	Concat	/sentence_encoder/attn_encoder/attn_layers.1/Concat_9	['/sentence_encoder/attn_encoder/attn_layers.1/Unsqueeze_17_output_0', '/sentence_encoder/attn_encoder/attn_layers.1/Unsqueeze_18_output_0', '/sentence_encoder/attn_encoder/attn_layers.1/Unsqueeze_19_output_0']	['/sentence_encoder/attn_encoder/attn_layers.1/Concat_9_output_0']
319	Concat	/sentence_encoder/attn_encoder/attn_layers.1/Concat_13	['/sentence_encoder/attn_encoder/attn_layers.1/Unsqueeze_17_output_0', '/sentence_encoder/attn_encoder/attn_layers.1/Unsqueeze_18_output_0', '/sentence_encoder/attn_encoder/attn_layers.1/Unsqueeze_24_output_0', '/sentence_encoder/attn_encoder/attn_layers.1/Unsqueeze_25_output_0']	['/sentence_encoder/attn_encoder/attn_layers.1/Concat_13_output_0']
320	Reshape	/sentence_encoder/attn_encoder/attn_layers.1/Reshape_8	['/sentence_encoder/attn_encoder/attn_layers.1/Concat_12_output_0', '/sentence_encoder/attn_encoder/attn_layers.0/Constant_35_output_0']	['/sentence_encoder/attn_encoder/attn_layers.1/Reshape_8_output_0']
321	Reshape	/sentence_encoder/attn_encoder/attn_layers.1/Reshape_7	['/sentence_encoder/attn_encoder/attn_layers.1/Pad_1_output_0', '/sentence_encoder/attn_encoder/attn_layers.1/Concat_9_output_0']	['/sentence_encoder/attn_encoder/attn_layers.1/Reshape_7_output_0']
322	Slice	/sentence_encoder/attn_encoder/attn_layers.1/Slice_3	['/sentence_encoder/attn_encoder/attn_layers.1/Reshape_8_output_0', '/predictor/Constant_3_output_0', '/sentence_encoder/attn_encoder/attn_layers.0/Constant_38_output_0', '/sentence_encoder/Constant_7_output_0', '/predictor/Constant_3_output_0']	['/sentence_encoder/attn_encoder/attn_layers.1/Slice_3_output_0']
323	Transpose	/sentence_encoder/attn_encoder/attn_layers.1/Transpose_5	['/sentence_encoder/attn_encoder/attn_layers.1/Slice_3_output_0']	['/sentence_encoder/attn_encoder/attn_layers.1/Transpose_5_output_0']
324	Reshape	/sentence_encoder/attn_encoder/attn_layers.1/Reshape_9	['/sentence_encoder/attn_encoder/attn_layers.1/Transpose_5_output_0', '/predictor/Constant_3_output_0']	['/sentence_encoder/attn_encoder/attn_layers.1/Cast_4_output_0']
325	Pad	/sentence_encoder/attn_encoder/attn_layers.1/Pad_2	['/sentence_encoder/attn_encoder/attn_layers.1/Reshape_7_output_0', '/sentence_encoder/attn_encoder/attn_layers.1/Cast_4_output_0', '']	['/sentence_encoder/attn_encoder/attn_layers.1/Pad_2_output_0']
326	Reshape	/sentence_encoder/attn_encoder/attn_layers.1/Reshape_10	['/sentence_encoder/attn_encoder/attn_layers.1/Pad_2_output_0', '/sentence_encoder/attn_encoder/attn_layers.1/Concat_13_output_0']	['/sentence_encoder/attn_encoder/attn_layers.1/Reshape_10_output_0']
327	Slice	/sentence_encoder/attn_encoder/attn_layers.1/Slice_4	['/sentence_encoder/attn_encoder/attn_layers.1/Reshape_10_output_0', '/sentence_encoder/Constant_7_output_0', '/sentence_encoder/attn_encoder/attn_layers.1/Unsqueeze_26_output_0', '/sentence_encoder/Constant_6_output_0', '/sentence_encoder/Constant_8_output_0']	['/sentence_encoder/attn_encoder/attn_layers.1/Slice_4_output_0']
328	Slice	/sentence_encoder/attn_encoder/attn_layers.1/Slice_5	['/sentence_encoder/attn_encoder/attn_layers.1/Slice_4_output_0', '/sentence_encoder/attn_encoder/attn_layers.1/Unsqueeze_21_output_0', '/sentence_encoder/attn_encoder/attn_layers.0/Constant_85_output_0', '/sentence_encoder/attn_encoder/attn_layers.0/Constant_83_output_0', '/sentence_encoder/Constant_8_output_0']	['/sentence_encoder/attn_encoder/attn_layers.1/Slice_5_output_0']
329	Add	/sentence_encoder/attn_encoder/attn_layers.1/Add_2	['/sentence_encoder/attn_encoder/attn_layers.1/MatMul_output_0', '/sentence_encoder/attn_encoder/attn_layers.1/Slice_5_output_0']	['/sentence_encoder/attn_encoder/attn_layers.1/Add_2_output_0']
330	Where	/sentence_encoder/attn_encoder/attn_layers.1/Where	['/sentence_encoder/attn_encoder/attn_layers.1/Cast_5_output_0', '/sentence_encoder/attn_encoder/attn_layers.0/Constant_88_output_0', '/sentence_encoder/attn_encoder/attn_layers.1/Add_2_output_0']	['/sentence_encoder/attn_encoder/attn_layers.1/Where_output_0']
331	Softmax	/sentence_encoder/attn_encoder/attn_layers.1/Softmax	['/sentence_encoder/attn_encoder/attn_layers.1/Where_output_0']	['/sentence_encoder/attn_encoder/attn_layers.1/Softmax_output_0']
332	MatMul	/sentence_encoder/attn_encoder/attn_layers.1/MatMul_2	['/sentence_encoder/attn_encoder/attn_layers.1/Softmax_output_0', '/sentence_encoder/attn_encoder/attn_layers.1/Transpose_1_output_0']	['/sentence_encoder/attn_encoder/attn_layers.1/MatMul_2_output_0']
333	Shape	/sentence_encoder/attn_encoder/attn_layers.1/Shape_9	['/sentence_encoder/attn_encoder/attn_layers.1/Softmax_output_0']	['/sentence_encoder/attn_encoder/attn_layers.1/Shape_9_output_0']
334	Gather	/sentence_encoder/attn_encoder/attn_layers.1/Gather_9	['/sentence_encoder/attn_encoder/attn_layers.1/Shape_9_output_0', '/predictor/Constant_2_output_0']	['/sentence_encoder/attn_encoder/attn_layers.1/Gather_9_output_0']
335	Gather	/sentence_encoder/attn_encoder/attn_layers.1/Gather_10	['/sentence_encoder/attn_encoder/attn_layers.1/Shape_9_output_0', '/sentence_encoder/attn_encoder/attn_layers.0/Constant_16_output_0']	['/sentence_encoder/attn_encoder/attn_layers.1/Gather_10_output_0']
336	Gather	/sentence_encoder/attn_encoder/attn_layers.1/Gather_11	['/sentence_encoder/attn_encoder/attn_layers.1/Shape_9_output_0', '/sentence_encoder/attn_encoder/attn_layers.0/Constant_2_output_0']	['/sentence_encoder/attn_encoder/attn_layers.1/Gather_11_output_0']
337	Sub	/sentence_encoder/attn_encoder/attn_layers.1/Sub_7	['/sentence_encoder/attn_encoder/attn_layers.1/Gather_11_output_0', '/sentence_encoder/attn_encoder/attn_layers.0/Constant_16_output_0']	['/sentence_encoder/attn_encoder/attn_layers.1/Sub_7_output_0']
338	Pow	/sentence_encoder/attn_encoder/attn_layers.1/Pow	['/sentence_encoder/attn_encoder/attn_layers.1/Gather_11_output_0', '/sentence_encoder/attn_encoder/attn_layers.0/Constant_2_output_0']	['/sentence_encoder/attn_encoder/attn_layers.1/Pow_output_0']
339	Unsqueeze	/sentence_encoder/attn_encoder/attn_layers.1/Unsqueeze_30	['/sentence_encoder/attn_encoder/attn_layers.1/Gather_9_output_0', '/sentence_encoder/Constant_7_output_0']	['/sentence_encoder/attn_encoder/attn_layers.1/Unsqueeze_30_output_0']
340	Unsqueeze	/sentence_encoder/attn_encoder/attn_layers.1/Unsqueeze_31	['/sentence_encoder/attn_encoder/attn_layers.1/Gather_10_output_0', '/sentence_encoder/Constant_7_output_0']	['/sentence_encoder/attn_encoder/attn_layers.1/Unsqueeze_31_output_0']
341	Unsqueeze	/sentence_encoder/attn_encoder/attn_layers.1/Unsqueeze_34	['/sentence_encoder/attn_encoder/attn_layers.1/Gather_11_output_0', '/sentence_encoder/Constant_7_output_0']	['/sentence_encoder/attn_encoder/attn_layers.1/Unsqueeze_34_output_0']
342	Mul	/sentence_encoder/attn_encoder/attn_layers.1/Mul_4	['/sentence_encoder/attn_encoder/attn_layers.1/Gather_11_output_0', '/sentence_encoder/attn_encoder/attn_layers.0/Constant_2_output_0']	['/sentence_encoder/attn_encoder/attn_layers.1/Mul_4_output_0']
343	Unsqueeze	/sentence_encoder/attn_encoder/attn_layers.1/Unsqueeze_29	['/sentence_encoder/attn_encoder/attn_layers.1/Sub_7_output_0', '/sentence_encoder/Constant_7_output_0']	['/sentence_encoder/attn_encoder/attn_layers.1/Unsqueeze_29_output_0']
344	Mul	/sentence_encoder/attn_encoder/attn_layers.1/Mul_3	['/sentence_encoder/attn_encoder/attn_layers.1/Gather_11_output_0', '/sentence_encoder/attn_encoder/attn_layers.1/Sub_7_output_0']	['/sentence_encoder/attn_encoder/attn_layers.1/Mul_3_output_0']
345	Unsqueeze	/sentence_encoder/attn_encoder/attn_layers.1/Unsqueeze_38	['/sentence_encoder/attn_encoder/attn_layers.1/Mul_4_output_0', '/sentence_encoder/Constant_7_output_0']	['/sentence_encoder/attn_encoder/attn_layers.1/Unsqueeze_38_output_0']
346	Concat	/sentence_encoder/attn_encoder/attn_layers.1/Concat_20	['/sentence_encoder/attn_encoder/attn_layers.1/Unsqueeze_34_output_0', '/sentence_encoder/Constant_7_output_0', '/sentence_encoder/Constant_7_output_0', '/sentence_encoder/Constant_7_output_0', '/sentence_encoder/Constant_7_output_0', '/sentence_encoder/Constant_7_output_0']	['/sentence_encoder/attn_encoder/attn_layers.1/Concat_20_output_0']
347	Add	/sentence_encoder/attn_encoder/attn_layers.1/Add_3	['/sentence_encoder/attn_encoder/attn_layers.1/Pow_output_0', '/sentence_encoder/attn_encoder/attn_layers.1/Mul_3_output_0']	['/sentence_encoder/attn_encoder/attn_layers.1/Add_3_output_0']
348	Concat	/sentence_encoder/attn_encoder/attn_layers.1/Concat_21	['/sentence_encoder/attn_encoder/attn_layers.1/Unsqueeze_30_output_0', '/sentence_encoder/attn_encoder/attn_layers.1/Unsqueeze_31_output_0', '/sentence_encoder/attn_encoder/attn_layers.1/Unsqueeze_34_output_0', '/sentence_encoder/attn_encoder/attn_layers.1/Unsqueeze_38_output_0']	['/sentence_encoder/attn_encoder/attn_layers.1/Concat_21_output_0']
349	Reshape	/sentence_encoder/attn_encoder/attn_layers.1/Reshape_14	['/sentence_encoder/attn_encoder/attn_layers.1/Concat_20_output_0', '/sentence_encoder/attn_encoder/attn_layers.0/Constant_35_output_0']	['/sentence_encoder/attn_encoder/attn_layers.1/Reshape_14_output_0']
350	Concat	/sentence_encoder/attn_encoder/attn_layers.1/Concat_16	['/sentence_encoder/Constant_7_output_0', '/sentence_encoder/attn_encoder/attn_layers.1/Unsqueeze_29_output_0', '/sentence_encoder/Constant_7_output_0', '/sentence_encoder/Constant_7_output_0', '/sentence_encoder/Constant_7_output_0', '/sentence_encoder/Constant_7_output_0', '/sentence_encoder/Constant_7_output_0', '/sentence_encoder/Constant_7_output_0']	['/sentence_encoder/attn_encoder/attn_layers.1/Concat_16_output_0']
351	Unsqueeze	/sentence_encoder/attn_encoder/attn_layers.1/Unsqueeze_32	['/sentence_encoder/attn_encoder/attn_layers.1/Add_3_output_0', '/sentence_encoder/Constant_7_output_0']	['/sentence_encoder/attn_encoder/attn_layers.1/Unsqueeze_32_output_0']
352	Reshape	/sentence_encoder/attn_encoder/attn_layers.1/Reshape_11	['/sentence_encoder/attn_encoder/attn_layers.1/Concat_16_output_0', '/sentence_encoder/attn_encoder/attn_layers.0/Constant_35_output_0']	['/sentence_encoder/attn_encoder/attn_layers.1/Reshape_11_output_0']
353	Slice	/sentence_encoder/attn_encoder/attn_layers.1/Slice_7	['/sentence_encoder/attn_encoder/attn_layers.1/Reshape_14_output_0', '/predictor/Constant_3_output_0', '/sentence_encoder/attn_encoder/attn_layers.0/Constant_38_output_0', '/sentence_encoder/Constant_7_output_0', '/predictor/Constant_3_output_0']	['/sentence_encoder/attn_encoder/attn_layers.1/Slice_7_output_0']
354	Concat	/sentence_encoder/attn_encoder/attn_layers.1/Concat_17	['/sentence_encoder/attn_encoder/attn_layers.1/Unsqueeze_30_output_0', '/sentence_encoder/attn_encoder/attn_layers.1/Unsqueeze_31_output_0', '/sentence_encoder/attn_encoder/attn_layers.1/Unsqueeze_32_output_0']	['/sentence_encoder/attn_encoder/attn_layers.1/Concat_17_output_0']
355	Slice	/sentence_encoder/attn_encoder/attn_layers.1/Slice_6	['/sentence_encoder/attn_encoder/attn_layers.1/Reshape_11_output_0', '/predictor/Constant_3_output_0', '/sentence_encoder/attn_encoder/attn_layers.0/Constant_38_output_0', '/sentence_encoder/Constant_7_output_0', '/predictor/Constant_3_output_0']	['/sentence_encoder/attn_encoder/attn_layers.1/Slice_6_output_0']
356	Transpose	/sentence_encoder/attn_encoder/attn_layers.1/Transpose_7	['/sentence_encoder/attn_encoder/attn_layers.1/Slice_7_output_0']	['/sentence_encoder/attn_encoder/attn_layers.1/Transpose_7_output_0']
357	Transpose	/sentence_encoder/attn_encoder/attn_layers.1/Transpose_6	['/sentence_encoder/attn_encoder/attn_layers.1/Slice_6_output_0']	['/sentence_encoder/attn_encoder/attn_layers.1/Transpose_6_output_0']
358	Reshape	/sentence_encoder/attn_encoder/attn_layers.1/Reshape_15	['/sentence_encoder/attn_encoder/attn_layers.1/Transpose_7_output_0', '/predictor/Constant_3_output_0']	['/sentence_encoder/attn_encoder/attn_layers.1/Cast_9_output_0']
359	Reshape	/sentence_encoder/attn_encoder/attn_layers.1/Reshape_12	['/sentence_encoder/attn_encoder/attn_layers.1/Transpose_6_output_0', '/predictor/Constant_3_output_0']	['/sentence_encoder/attn_encoder/attn_layers.1/Cast_7_output_0']
360	Pad	/sentence_encoder/attn_encoder/attn_layers.1/Pad_3	['/sentence_encoder/attn_encoder/attn_layers.1/Softmax_output_0', '/sentence_encoder/attn_encoder/attn_layers.1/Cast_7_output_0', '']	['/sentence_encoder/attn_encoder/attn_layers.1/Pad_3_output_0']
361	Reshape	/sentence_encoder/attn_encoder/attn_layers.1/Reshape_13	['/sentence_encoder/attn_encoder/attn_layers.1/Pad_3_output_0', '/sentence_encoder/attn_encoder/attn_layers.1/Concat_17_output_0']	['/sentence_encoder/attn_encoder/attn_layers.1/Reshape_13_output_0']
362	Pad	/sentence_encoder/attn_encoder/attn_layers.1/Pad_4	['/sentence_encoder/attn_encoder/attn_layers.1/Reshape_13_output_0', '/sentence_encoder/attn_encoder/attn_layers.1/Cast_9_output_0', '']	['/sentence_encoder/attn_encoder/attn_layers.1/Pad_4_output_0']
363	Reshape	/sentence_encoder/attn_encoder/attn_layers.1/Reshape_16	['/sentence_encoder/attn_encoder/attn_layers.1/Pad_4_output_0', '/sentence_encoder/attn_encoder/attn_layers.1/Concat_21_output_0']	['/sentence_encoder/attn_encoder/attn_layers.1/Reshape_16_output_0']
364	Slice	/sentence_encoder/attn_encoder/attn_layers.1/Slice_8	['/sentence_encoder/attn_encoder/attn_layers.1/Reshape_16_output_0', '/sentence_encoder/Constant_8_output_0', '/sentence_encoder/attn_encoder/attn_layers.0/Constant_85_output_0', '/sentence_encoder/attn_encoder/attn_layers.0/Constant_83_output_0', '/sentence_encoder/Constant_8_output_0']	['/sentence_encoder/attn_encoder/attn_layers.1/Slice_8_output_0']
365	MatMul	/sentence_encoder/attn_encoder/attn_layers.1/MatMul_3	['/sentence_encoder/attn_encoder/attn_layers.1/Slice_8_output_0', '/sentence_encoder/attn_encoder/attn_layers.1/Unsqueeze_41_output_0']	['/sentence_encoder/attn_encoder/attn_layers.1/MatMul_3_output_0']
366	Add	/sentence_encoder/attn_encoder/attn_layers.1/Add_4	['/sentence_encoder/attn_encoder/attn_layers.1/MatMul_2_output_0', '/sentence_encoder/attn_encoder/attn_layers.1/MatMul_3_output_0']	['/sentence_encoder/attn_encoder/attn_layers.1/Add_4_output_0']
367	Transpose	/sentence_encoder/attn_encoder/attn_layers.1/Transpose_9	['/sentence_encoder/attn_encoder/attn_layers.1/Add_4_output_0']	['/sentence_encoder/attn_encoder/attn_layers.1/Transpose_9_output_0']
368	Reshape	/sentence_encoder/attn_encoder/attn_layers.1/Reshape_19	['/sentence_encoder/attn_encoder/attn_layers.1/Transpose_9_output_0', '/sentence_encoder/attn_encoder/attn_layers.1/Concat_23_output_0']	['/sentence_encoder/attn_encoder/attn_layers.1/Reshape_19_output_0']
369	Conv	/sentence_encoder/attn_encoder/attn_layers.1/conv_o/Conv	['/sentence_encoder/attn_encoder/attn_layers.1/Reshape_19_output_0', 'tts.dp.sentence_encoder.attn_encoder.attn_layers.1.conv_o.weight', 'tts.dp.sentence_encoder.attn_encoder.attn_layers.1.conv_o.bias']	['/sentence_encoder/attn_encoder/attn_layers.1/conv_o/Conv_output_0']
370	Add	/sentence_encoder/attn_encoder/Add_2	['/sentence_encoder/attn_encoder/norm_layers_2.0/Transpose_1_output_0', '/sentence_encoder/attn_encoder/attn_layers.1/conv_o/Conv_output_0']	['/sentence_encoder/attn_encoder/Add_2_output_0']
371	Transpose	/sentence_encoder/attn_encoder/norm_layers_1.1/Transpose	['/sentence_encoder/attn_encoder/Add_2_output_0']	['/sentence_encoder/attn_encoder/norm_layers_1.1/Transpose_output_0']
372	LayerNormalization	/sentence_encoder/attn_encoder/norm_layers_1.1/norm/LayerNormalization	['/sentence_encoder/attn_encoder/norm_layers_1.1/Transpose_output_0', 'tts.dp.sentence_encoder.attn_encoder.norm_layers_1.1.norm.weight', 'tts.dp.sentence_encoder.attn_encoder.norm_layers_1.1.norm.bias']	['/sentence_encoder/attn_encoder/norm_layers_1.1/norm/LayerNormalization_output_0']
373	Transpose	/sentence_encoder/attn_encoder/norm_layers_1.1/Transpose_1	['/sentence_encoder/attn_encoder/norm_layers_1.1/norm/LayerNormalization_output_0']	['/sentence_encoder/attn_encoder/norm_layers_1.1/Transpose_1_output_0']
374	Mul	/sentence_encoder/attn_encoder/ffn_layers.1/Mul	['/sentence_encoder/attn_encoder/norm_layers_1.1/Transpose_1_output_0', '/sentence_encoder/Concat_2_output_0']	['/sentence_encoder/attn_encoder/ffn_layers.1/Mul_output_0']
375	Conv	/sentence_encoder/attn_encoder/ffn_layers.1/conv_1/Conv	['/sentence_encoder/attn_encoder/ffn_layers.1/Mul_output_0', 'tts.dp.sentence_encoder.attn_encoder.ffn_layers.1.conv_1.weight', 'tts.dp.sentence_encoder.attn_encoder.ffn_layers.1.conv_1.bias']	['/sentence_encoder/attn_encoder/ffn_layers.1/conv_1/Conv_output_0']
376	Relu	/sentence_encoder/attn_encoder/ffn_layers.1/Relu	['/sentence_encoder/attn_encoder/ffn_layers.1/conv_1/Conv_output_0']	['/sentence_encoder/attn_encoder/ffn_layers.1/Relu_output_0']
377	Mul	/sentence_encoder/attn_encoder/ffn_layers.1/Mul_1	['/sentence_encoder/attn_encoder/ffn_layers.1/Relu_output_0', '/sentence_encoder/Concat_2_output_0']	['/sentence_encoder/attn_encoder/ffn_layers.1/Mul_1_output_0']
378	Conv	/sentence_encoder/attn_encoder/ffn_layers.1/conv_2/Conv	['/sentence_encoder/attn_encoder/ffn_layers.1/Mul_1_output_0', 'tts.dp.sentence_encoder.attn_encoder.ffn_layers.1.conv_2.weight', 'tts.dp.sentence_encoder.attn_encoder.ffn_layers.1.conv_2.bias']	['/sentence_encoder/attn_encoder/ffn_layers.1/conv_2/Conv_output_0']
379	Mul	/sentence_encoder/attn_encoder/ffn_layers.1/Mul_2	['/sentence_encoder/attn_encoder/ffn_layers.1/conv_2/Conv_output_0', '/sentence_encoder/Concat_2_output_0']	['/sentence_encoder/attn_encoder/ffn_layers.1/Mul_2_output_0']
380	Add	/sentence_encoder/attn_encoder/Add_3	['/sentence_encoder/attn_encoder/norm_layers_1.1/Transpose_1_output_0', '/sentence_encoder/attn_encoder/ffn_layers.1/Mul_2_output_0']	['/sentence_encoder/attn_encoder/Add_3_output_0']
381	Transpose	/sentence_encoder/attn_encoder/norm_layers_2.1/Transpose	['/sentence_encoder/attn_encoder/Add_3_output_0']	['/sentence_encoder/attn_encoder/norm_layers_2.1/Transpose_output_0']
382	LayerNormalization	/sentence_encoder/attn_encoder/norm_layers_2.1/norm/LayerNormalization	['/sentence_encoder/attn_encoder/norm_layers_2.1/Transpose_output_0', 'tts.dp.sentence_encoder.attn_encoder.norm_layers_2.1.norm.weight', 'tts.dp.sentence_encoder.attn_encoder.norm_layers_2.1.norm.bias']	['/sentence_encoder/attn_encoder/norm_layers_2.1/norm/LayerNormalization_output_0']
383	Transpose	/sentence_encoder/attn_encoder/norm_layers_2.1/Transpose_1	['/sentence_encoder/attn_encoder/norm_layers_2.1/norm/LayerNormalization_output_0']	['/sentence_encoder/attn_encoder/norm_layers_2.1/Transpose_1_output_0']
384	Mul	/sentence_encoder/attn_encoder/Mul_2	['/sentence_encoder/attn_encoder/norm_layers_2.1/Transpose_1_output_0', '/sentence_encoder/Concat_2_output_0']	['/sentence_encoder/attn_encoder/Mul_2_output_0']
385	Add	/sentence_encoder/Add	['/sentence_encoder/attn_encoder/Mul_2_output_0', '/sentence_encoder/convnext/convnext.5/Mul_3_output_0']	['/sentence_encoder/Add_output_0']
386	Slice	/sentence_encoder/Slice_1	['/sentence_encoder/Add_output_0', '/sentence_encoder/Constant_7_output_0', '/sentence_encoder/Constant_8_output_0', '/sentence_encoder/Constant_6_output_0', '/sentence_encoder/Constant_8_output_0']	['/sentence_encoder/Slice_1_output_0']
387	Conv	/sentence_encoder/proj_out/net/Conv	['/sentence_encoder/Slice_1_output_0', 'tts.dp.sentence_encoder.proj_out.net.weight']	['/sentence_encoder/proj_out/net/Conv_output_0']
388	Mul	/sentence_encoder/proj_out/Mul	['/sentence_encoder/proj_out/net/Conv_output_0', '/sentence_encoder/Slice_2_output_0']	['/sentence_encoder/proj_out/Mul_output_0']
389	Shape	/predictor/Shape	['/sentence_encoder/proj_out/Mul_output_0']	['/predictor/Shape_output_0']
390	Gather	/predictor/Gather	['/predictor/Shape_output_0', '/predictor/Constant_2_output_0']	['/predictor/Gather_output_0']
391	Unsqueeze	/predictor/Unsqueeze	['/predictor/Gather_output_0', '/sentence_encoder/Constant_7_output_0']	['/predictor/Unsqueeze_output_0']
392	Concat	/predictor/Concat	['/predictor/Unsqueeze_output_0', '/predictor/Constant_3_output_0']	['/predictor/Concat_output_0']
393	Reshape	/predictor/Reshape	['/sentence_encoder/proj_out/Mul_output_0', '/predictor/Concat_output_0']	['/predictor/Reshape_output_0']
394	Concat	/predictor/Concat_2	['/predictor/Reshape_output_0', '/predictor/Reshape_1_output_0']	['/predictor/Concat_2_output_0']
395	Gemm	/predictor/layers.0/Gemm	['/predictor/Concat_2_output_0', 'tts.dp.predictor.layers.0.weight', 'tts.dp.predictor.layers.0.bias']	['/predictor/layers.0/Gemm_output_0']
396	PRelu	/predictor/activation/PRelu	['/predictor/layers.0/Gemm_output_0', 'tts.dp.predictor.activation.weight']	['/predictor/activation/PRelu_output_0']
397	Gemm	/predictor/layers.1/Gemm	['/predictor/activation/PRelu_output_0', 'tts.dp.predictor.layers.1.weight', 'tts.dp.predictor.layers.1.bias']	['/predictor/layers.1/Gemm_output_0']
398	Exp	/predictor/Exp	['/predictor/layers.1/Gemm_output_0']	['/predictor/Exp_output_0']
399	Squeeze	/predictor/Squeeze	['/predictor/Exp_output_0', '/sentence_encoder/Constant_8_output_0']	['duration']