idx	op_type	name	inputs	outputs
0	Gather	/text_encoder/text_embedder/char_embedder/Gather	['tts.ttl.text_encoder.text_embedder.char_embedder.weight', 'text_ids']	['/text_encoder/text_embedder/char_embedder/Gather_output_0']
1	Transpose	/speech_prompted_text_encoder/Transpose_1	['text_mask']	['/speech_prompted_text_encoder/Transpose_1_output_0']
2	MatMul	/speech_prompted_text_encoder/attention1/W_value/linear/MatMul	['style_ttl', 'onnx::MatMul_3680']	['/speech_prompted_text_encoder/attention1/W_value/linear/MatMul_output_0']
3	MatMul	/speech_prompted_text_encoder/attention2/W_value/linear/MatMul	['style_ttl', 'onnx::MatMul_3684']	['/speech_prompted_text_encoder/attention2/W_value/linear/MatMul_output_0']
4	Unsqueeze	/text_encoder/attn_encoder/Unsqueeze	['text_mask', '/text_encoder/attn_encoder/Constant_output_0']	['/text_encoder/attn_encoder/Unsqueeze_output_0']
5	Unsqueeze	/text_encoder/attn_encoder/Unsqueeze_1	['text_mask', '/text_encoder/attn_encoder/Constant_1_output_0']	['/text_encoder/attn_encoder/Unsqueeze_1_output_0']
6	Transpose	/text_encoder/text_embedder/Transpose	['/text_encoder/text_embedder/char_embedder/Gather_output_0']	['/text_encoder/text_embedder/Transpose_output_0']
7	Add	/speech_prompted_text_encoder/attention1/W_value/linear/Add	['tts.ttl.speech_prompted_text_encoder.attention1.W_value.linear.bias', '/speech_prompted_text_encoder/attention1/W_value/linear/MatMul_output_0']	['/speech_prompted_text_encoder/attention1/W_value/linear/Add_output_0']
8	Unsqueeze	/speech_prompted_text_encoder/attention1/Unsqueeze_6	['/speech_prompted_text_encoder/Transpose_1_output_0', '/speech_prompted_text_encoder/attention1/Constant_10_output_0']	['/speech_prompted_text_encoder/attention1/Unsqueeze_6_output_0']
9	Add	/speech_prompted_text_encoder/attention2/W_value/linear/Add	['tts.ttl.speech_prompted_text_encoder.attention2.W_value.linear.bias', '/speech_prompted_text_encoder/attention2/W_value/linear/MatMul_output_0']	['/speech_prompted_text_encoder/attention2/W_value/linear/Add_output_0']
10	Mul	/text_encoder/attn_encoder/Mul	['/text_encoder/attn_encoder/Unsqueeze_output_0', '/text_encoder/attn_encoder/Unsqueeze_1_output_0']	['/text_encoder/attn_encoder/Mul_output_0']
11	Mul	/text_encoder/text_embedder/Mul	['/text_encoder/text_embedder/Transpose_output_0', 'text_mask']	['/text_encoder/text_embedder/Mul_output_0']
12	Split	/speech_prompted_text_encoder/attention1/Split_2	['/speech_prompted_text_encoder/attention1/W_value/linear/Add_output_0', '/speech_prompted_text_encoder/attention1/Constant_6_output_0']	['/speech_prompted_text_encoder/attention1/Split_2_output_0', '/speech_prompted_text_encoder/attention1/Split_2_output_1']
13	Equal	/speech_prompted_text_encoder/attention1/Equal	['/speech_prompted_text_encoder/attention1/Unsqueeze_6_output_0', '/speech_prompted_text_encoder/attention1/Constant_11_output_0']	['/speech_prompted_text_encoder/attention2/Cast_output_0']
14	Split	/speech_prompted_text_encoder/attention2/Split_2	['/speech_prompted_text_encoder/attention2/W_value/linear/Add_output_0', '/speech_prompted_text_encoder/attention1/Constant_6_output_0']	['/speech_prompted_text_encoder/attention2/Split_2_output_0', '/speech_prompted_text_encoder/attention2/Split_2_output_1']
15	Equal	/text_encoder/attn_encoder/attn_layers.0/Equal	['/text_encoder/attn_encoder/Mul_output_0', '/speech_prompted_text_encoder/attention1/Constant_11_output_0']	['/text_encoder/attn_encoder/attn_layers.3/Cast_5_output_0']
16	Mul	/text_encoder/convnext/convnext.0/Mul	['/text_encoder/text_embedder/Mul_output_0', 'text_mask']	['/text_encoder/convnext/convnext.0/Mul_output_0']
17	Unsqueeze	/speech_prompted_text_encoder/attention1/Unsqueeze_4	['/speech_prompted_text_encoder/attention1/Split_2_output_0', '/speech_prompted_text_encoder/attention1/Constant_10_output_0']	['/speech_prompted_text_encoder/attention1/Unsqueeze_4_output_0']
18	Unsqueeze	/speech_prompted_text_encoder/attention1/Unsqueeze_5	['/speech_prompted_text_encoder/attention1/Split_2_output_1', '/speech_prompted_text_encoder/attention1/Constant_10_output_0']	['/speech_prompted_text_encoder/attention1/Unsqueeze_5_output_0']
19	Unsqueeze	/speech_prompted_text_encoder/attention2/Unsqueeze_4	['/speech_prompted_text_encoder/attention2/Split_2_output_0', '/speech_prompted_text_encoder/attention1/Constant_10_output_0']	['/speech_prompted_text_encoder/attention2/Unsqueeze_4_output_0']
20	Unsqueeze	/speech_prompted_text_encoder/attention2/Unsqueeze_5	['/speech_prompted_text_encoder/attention2/Split_2_output_1', '/speech_prompted_text_encoder/attention1/Constant_10_output_0']	['/speech_prompted_text_encoder/attention2/Unsqueeze_5_output_0']
21	Concat	/speech_prompted_text_encoder/attention1/Concat_2	['/speech_prompted_text_encoder/attention1/Unsqueeze_4_output_0', '/speech_prompted_text_encoder/attention1/Unsqueeze_5_output_0']	['/speech_prompted_text_encoder/attention1/Concat_2_output_0']
22	Concat	/speech_prompted_text_encoder/attention2/Concat_2	['/speech_prompted_text_encoder/attention2/Unsqueeze_4_output_0', '/speech_prompted_text_encoder/attention2/Unsqueeze_5_output_0']	['/speech_prompted_text_encoder/attention2/Concat_2_output_0']
23	Pad	/text_encoder/convnext/convnext.0/dwconv/Pad	['/text_encoder/convnext/convnext.0/Mul_output_0', '/text_encoder/convnext/convnext.0/dwconv/Cast_output_0']	['/text_encoder/convnext/convnext.0/dwconv/Pad_output_0']
24	Conv	/text_encoder/convnext/convnext.0/dwconv/Conv	['/text_encoder/convnext/convnext.0/dwconv/Pad_output_0', 'tts.ttl.text_encoder.convnext.convnext.0.dwconv.weight', 'tts.ttl.text_encoder.convnext.convnext.0.dwconv.bias']	['/text_encoder/convnext/convnext.0/dwconv/Conv_output_0']
25	Mul	/text_encoder/convnext/convnext.0/Mul_1	['/text_encoder/convnext/convnext.0/dwconv/Conv_output_0', 'text_mask']	['/text_encoder/convnext/convnext.0/Mul_1_output_0']
26	Transpose	/text_encoder/convnext/convnext.0/norm/Transpose	['/text_encoder/convnext/convnext.0/Mul_1_output_0']	['/text_encoder/convnext/convnext.0/norm/Transpose_output_0']
27	LayerNormalization	/text_encoder/convnext/convnext.0/norm/norm/LayerNormalization	['/text_encoder/convnext/convnext.0/norm/Transpose_output_0', 'tts.ttl.text_encoder.convnext.convnext.0.norm.norm.weight', 'tts.ttl.text_encoder.convnext.convnext.0.norm.norm.bias']	['/text_encoder/convnext/convnext.0/norm/norm/LayerNormalization_output_0']
28	Transpose	/text_encoder/convnext/convnext.0/norm/Transpose_1	['/text_encoder/convnext/convnext.0/norm/norm/LayerNormalization_output_0']	['/text_encoder/convnext/convnext.0/norm/Transpose_1_output_0']
29	Conv	/text_encoder/convnext/convnext.0/pwconv1/Conv	['/text_encoder/convnext/convnext.0/norm/Transpose_1_output_0', 'tts.ttl.text_encoder.convnext.convnext.0.pwconv1.weight', 'tts.ttl.text_encoder.convnext.convnext.0.pwconv1.bias']	['/text_encoder/convnext/convnext.0/pwconv1/Conv_output_0']
30	Div	/text_encoder/convnext/convnext.0/act/Div	['/text_encoder/convnext/convnext.0/pwconv1/Conv_output_0', '/text_encoder/convnext/convnext.0/act/Constant_output_0']	['/text_encoder/convnext/convnext.0/act/Div_output_0']
31	Erf	/text_encoder/convnext/convnext.0/act/Erf	['/text_encoder/convnext/convnext.0/act/Div_output_0']	['/text_encoder/convnext/convnext.0/act/Erf_output_0']
32	Add	/text_encoder/convnext/convnext.0/act/Add	['/text_encoder/convnext/convnext.0/act/Erf_output_0', '/text_encoder/convnext/convnext.0/act/Constant_1_output_0']	['/text_encoder/convnext/convnext.0/act/Add_output_0']
33	Mul	/text_encoder/convnext/convnext.0/act/Mul	['/text_encoder/convnext/convnext.0/pwconv1/Conv_output_0', '/text_encoder/convnext/convnext.0/act/Add_output_0']	['/text_encoder/convnext/convnext.0/act/Mul_output_0']
34	Mul	/text_encoder/convnext/convnext.0/act/Mul_1	['/text_encoder/convnext/convnext.0/act/Mul_output_0', '/text_encoder/convnext/convnext.0/act/Constant_2_output_0']	['/text_encoder/convnext/convnext.0/act/Mul_1_output_0']
35	Conv	/text_encoder/convnext/convnext.0/pwconv2/Conv	['/text_encoder/convnext/convnext.0/act/Mul_1_output_0', 'tts.ttl.text_encoder.convnext.convnext.0.pwconv2.weight', 'tts.ttl.text_encoder.convnext.convnext.0.pwconv2.bias']	['/text_encoder/convnext/convnext.0/pwconv2/Conv_output_0']
36	Mul	/text_encoder/convnext/convnext.0/Mul_2	['tts.ttl.text_encoder.convnext.convnext.0.gamma', '/text_encoder/convnext/convnext.0/pwconv2/Conv_output_0']	['/text_encoder/convnext/convnext.0/Mul_2_output_0']
37	Add	/text_encoder/convnext/convnext.0/Add	['/text_encoder/convnext/convnext.0/Mul_output_0', '/text_encoder/convnext/convnext.0/Mul_2_output_0']	['/text_encoder/convnext/convnext.0/Add_output_0']
38	Mul	/text_encoder/convnext/convnext.0/Mul_3	['/text_encoder/convnext/convnext.0/Add_output_0', 'text_mask']	['/text_encoder/convnext/convnext.0/Mul_3_output_0']
39	Mul	/text_encoder/convnext/convnext.1/Mul	['/text_encoder/convnext/convnext.0/Mul_3_output_0', 'text_mask']	['/text_encoder/convnext/convnext.1/Mul_output_0']
40	Pad	/text_encoder/convnext/convnext.1/dwconv/Pad	['/text_encoder/convnext/convnext.1/Mul_output_0', '/text_encoder/convnext/convnext.0/dwconv/Cast_output_0']	['/text_encoder/convnext/convnext.1/dwconv/Pad_output_0']
41	Conv	/text_encoder/convnext/convnext.1/dwconv/Conv	['/text_encoder/convnext/convnext.1/dwconv/Pad_output_0', 'tts.ttl.text_encoder.convnext.convnext.1.dwconv.weight', 'tts.ttl.text_encoder.convnext.convnext.1.dwconv.bias']	['/text_encoder/convnext/convnext.1/dwconv/Conv_output_0']
42	Mul	/text_encoder/convnext/convnext.1/Mul_1	['/text_encoder/convnext/convnext.1/dwconv/Conv_output_0', 'text_mask']	['/text_encoder/convnext/convnext.1/Mul_1_output_0']
43	Transpose	/text_encoder/convnext/convnext.1/norm/Transpose	['/text_encoder/convnext/convnext.1/Mul_1_output_0']	['/text_encoder/convnext/convnext.1/norm/Transpose_output_0']
44	LayerNormalization	/text_encoder/convnext/convnext.1/norm/norm/LayerNormalization	['/text_encoder/convnext/convnext.1/norm/Transpose_output_0', 'tts.ttl.text_encoder.convnext.convnext.1.norm.norm.weight', 'tts.ttl.text_encoder.convnext.convnext.1.norm.norm.bias']	['/text_encoder/convnext/convnext.1/norm/norm/LayerNormalization_output_0']
45	Transpose	/text_encoder/convnext/convnext.1/norm/Transpose_1	['/text_encoder/convnext/convnext.1/norm/norm/LayerNormalization_output_0']	['/text_encoder/convnext/convnext.1/norm/Transpose_1_output_0']
46	Conv	/text_encoder/convnext/convnext.1/pwconv1/Conv	['/text_encoder/convnext/convnext.1/norm/Transpose_1_output_0', 'tts.ttl.text_encoder.convnext.convnext.1.pwconv1.weight', 'tts.ttl.text_encoder.convnext.convnext.1.pwconv1.bias']	['/text_encoder/convnext/convnext.1/pwconv1/Conv_output_0']
47	Div	/text_encoder/convnext/convnext.1/act/Div	['/text_encoder/convnext/convnext.1/pwconv1/Conv_output_0', '/text_encoder/convnext/convnext.0/act/Constant_output_0']	['/text_encoder/convnext/convnext.1/act/Div_output_0']
48	Erf	/text_encoder/convnext/convnext.1/act/Erf	['/text_encoder/convnext/convnext.1/act/Div_output_0']	['/text_encoder/convnext/convnext.1/act/Erf_output_0']
49	Add	/text_encoder/convnext/convnext.1/act/Add	['/text_encoder/convnext/convnext.1/act/Erf_output_0', '/text_encoder/convnext/convnext.0/act/Constant_1_output_0']	['/text_encoder/convnext/convnext.1/act/Add_output_0']
50	Mul	/text_encoder/convnext/convnext.1/act/Mul	['/text_encoder/convnext/convnext.1/pwconv1/Conv_output_0', '/text_encoder/convnext/convnext.1/act/Add_output_0']	['/text_encoder/convnext/convnext.1/act/Mul_output_0']
51	Mul	/text_encoder/convnext/convnext.1/act/Mul_1	['/text_encoder/convnext/convnext.1/act/Mul_output_0', '/text_encoder/convnext/convnext.0/act/Constant_2_output_0']	['/text_encoder/convnext/convnext.1/act/Mul_1_output_0']
52	Conv	/text_encoder/convnext/convnext.1/pwconv2/Conv	['/text_encoder/convnext/convnext.1/act/Mul_1_output_0', 'tts.ttl.text_encoder.convnext.convnext.1.pwconv2.weight', 'tts.ttl.text_encoder.convnext.convnext.1.pwconv2.bias']	['/text_encoder/convnext/convnext.1/pwconv2/Conv_output_0']
53	Mul	/text_encoder/convnext/convnext.1/Mul_2	['tts.ttl.text_encoder.convnext.convnext.1.gamma', '/text_encoder/convnext/convnext.1/pwconv2/Conv_output_0']	['/text_encoder/convnext/convnext.1/Mul_2_output_0']
54	Add	/text_encoder/convnext/convnext.1/Add	['/text_encoder/convnext/convnext.1/Mul_output_0', '/text_encoder/convnext/convnext.1/Mul_2_output_0']	['/text_encoder/convnext/convnext.1/Add_output_0']
55	Mul	/text_encoder/convnext/convnext.1/Mul_3	['/text_encoder/convnext/convnext.1/Add_output_0', 'text_mask']	['/text_encoder/convnext/convnext.1/Mul_3_output_0']
56	Mul	/text_encoder/convnext/convnext.2/Mul	['/text_encoder/convnext/convnext.1/Mul_3_output_0', 'text_mask']	['/text_encoder/convnext/convnext.2/Mul_output_0']
57	Pad	/text_encoder/convnext/convnext.2/dwconv/Pad	['/text_encoder/convnext/convnext.2/Mul_output_0', '/text_encoder/convnext/convnext.0/dwconv/Cast_output_0']	['/text_encoder/convnext/convnext.2/dwconv/Pad_output_0']
58	Conv	/text_encoder/convnext/convnext.2/dwconv/Conv	['/text_encoder/convnext/convnext.2/dwconv/Pad_output_0', 'tts.ttl.text_encoder.convnext.convnext.2.dwconv.weight', 'tts.ttl.text_encoder.convnext.convnext.2.dwconv.bias']	['/text_encoder/convnext/convnext.2/dwconv/Conv_output_0']
59	Mul	/text_encoder/convnext/convnext.2/Mul_1	['/text_encoder/convnext/convnext.2/dwconv/Conv_output_0', 'text_mask']	['/text_encoder/convnext/convnext.2/Mul_1_output_0']
60	Transpose	/text_encoder/convnext/convnext.2/norm/Transpose	['/text_encoder/convnext/convnext.2/Mul_1_output_0']	['/text_encoder/convnext/convnext.2/norm/Transpose_output_0']
61	LayerNormalization	/text_encoder/convnext/convnext.2/norm/norm/LayerNormalization	['/text_encoder/convnext/convnext.2/norm/Transpose_output_0', 'tts.ttl.text_encoder.convnext.convnext.2.norm.norm.weight', 'tts.ttl.text_encoder.convnext.convnext.2.norm.norm.bias']	['/text_encoder/convnext/convnext.2/norm/norm/LayerNormalization_output_0']
62	Transpose	/text_encoder/convnext/convnext.2/norm/Transpose_1	['/text_encoder/convnext/convnext.2/norm/norm/LayerNormalization_output_0']	['/text_encoder/convnext/convnext.2/norm/Transpose_1_output_0']
63	Conv	/text_encoder/convnext/convnext.2/pwconv1/Conv	['/text_encoder/convnext/convnext.2/norm/Transpose_1_output_0', 'tts.ttl.text_encoder.convnext.convnext.2.pwconv1.weight', 'tts.ttl.text_encoder.convnext.convnext.2.pwconv1.bias']	['/text_encoder/convnext/convnext.2/pwconv1/Conv_output_0']
64	Div	/text_encoder/convnext/convnext.2/act/Div	['/text_encoder/convnext/convnext.2/pwconv1/Conv_output_0', '/text_encoder/convnext/convnext.0/act/Constant_output_0']	['/text_encoder/convnext/convnext.2/act/Div_output_0']
65	Erf	/text_encoder/convnext/convnext.2/act/Erf	['/text_encoder/convnext/convnext.2/act/Div_output_0']	['/text_encoder/convnext/convnext.2/act/Erf_output_0']
66	Add	/text_encoder/convnext/convnext.2/act/Add	['/text_encoder/convnext/convnext.2/act/Erf_output_0', '/text_encoder/convnext/convnext.0/act/Constant_1_output_0']	['/text_encoder/convnext/convnext.2/act/Add_output_0']
67	Mul	/text_encoder/convnext/convnext.2/act/Mul	['/text_encoder/convnext/convnext.2/pwconv1/Conv_output_0', '/text_encoder/convnext/convnext.2/act/Add_output_0']	['/text_encoder/convnext/convnext.2/act/Mul_output_0']
68	Mul	/text_encoder/convnext/convnext.2/act/Mul_1	['/text_encoder/convnext/convnext.2/act/Mul_output_0', '/text_encoder/convnext/convnext.0/act/Constant_2_output_0']	['/text_encoder/convnext/convnext.2/act/Mul_1_output_0']
69	Conv	/text_encoder/convnext/convnext.2/pwconv2/Conv	['/text_encoder/convnext/convnext.2/act/Mul_1_output_0', 'tts.ttl.text_encoder.convnext.convnext.2.pwconv2.weight', 'tts.ttl.text_encoder.convnext.convnext.2.pwconv2.bias']	['/text_encoder/convnext/convnext.2/pwconv2/Conv_output_0']
70	Mul	/text_encoder/convnext/convnext.2/Mul_2	['tts.ttl.text_encoder.convnext.convnext.2.gamma', '/text_encoder/convnext/convnext.2/pwconv2/Conv_output_0']	['/text_encoder/convnext/convnext.2/Mul_2_output_0']
71	Add	/text_encoder/convnext/convnext.2/Add	['/text_encoder/convnext/convnext.2/Mul_output_0', '/text_encoder/convnext/convnext.2/Mul_2_output_0']	['/text_encoder/convnext/convnext.2/Add_output_0']
72	Mul	/text_encoder/convnext/convnext.2/Mul_3	['/text_encoder/convnext/convnext.2/Add_output_0', 'text_mask']	['/text_encoder/convnext/convnext.2/Mul_3_output_0']
73	Mul	/text_encoder/convnext/convnext.3/Mul	['/text_encoder/convnext/convnext.2/Mul_3_output_0', 'text_mask']	['/text_encoder/convnext/convnext.3/Mul_output_0']
74	Pad	/text_encoder/convnext/convnext.3/dwconv/Pad	['/text_encoder/convnext/convnext.3/Mul_output_0', '/text_encoder/convnext/convnext.0/dwconv/Cast_output_0']	['/text_encoder/convnext/convnext.3/dwconv/Pad_output_0']
75	Conv	/text_encoder/convnext/convnext.3/dwconv/Conv	['/text_encoder/convnext/convnext.3/dwconv/Pad_output_0', 'tts.ttl.text_encoder.convnext.convnext.3.dwconv.weight', 'tts.ttl.text_encoder.convnext.convnext.3.dwconv.bias']	['/text_encoder/convnext/convnext.3/dwconv/Conv_output_0']
76	Mul	/text_encoder/convnext/convnext.3/Mul_1	['/text_encoder/convnext/convnext.3/dwconv/Conv_output_0', 'text_mask']	['/text_encoder/convnext/convnext.3/Mul_1_output_0']
77	Transpose	/text_encoder/convnext/convnext.3/norm/Transpose	['/text_encoder/convnext/convnext.3/Mul_1_output_0']	['/text_encoder/convnext/convnext.3/norm/Transpose_output_0']
78	LayerNormalization	/text_encoder/convnext/convnext.3/norm/norm/LayerNormalization	['/text_encoder/convnext/convnext.3/norm/Transpose_output_0', 'tts.ttl.text_encoder.convnext.convnext.3.norm.norm.weight', 'tts.ttl.text_encoder.convnext.convnext.3.norm.norm.bias']	['/text_encoder/convnext/convnext.3/norm/norm/LayerNormalization_output_0']
79	Transpose	/text_encoder/convnext/convnext.3/norm/Transpose_1	['/text_encoder/convnext/convnext.3/norm/norm/LayerNormalization_output_0']	['/text_encoder/convnext/convnext.3/norm/Transpose_1_output_0']
80	Conv	/text_encoder/convnext/convnext.3/pwconv1/Conv	['/text_encoder/convnext/convnext.3/norm/Transpose_1_output_0', 'tts.ttl.text_encoder.convnext.convnext.3.pwconv1.weight', 'tts.ttl.text_encoder.convnext.convnext.3.pwconv1.bias']	['/text_encoder/convnext/convnext.3/pwconv1/Conv_output_0']
81	Div	/text_encoder/convnext/convnext.3/act/Div	['/text_encoder/convnext/convnext.3/pwconv1/Conv_output_0', '/text_encoder/convnext/convnext.0/act/Constant_output_0']	['/text_encoder/convnext/convnext.3/act/Div_output_0']
82	Erf	/text_encoder/convnext/convnext.3/act/Erf	['/text_encoder/convnext/convnext.3/act/Div_output_0']	['/text_encoder/convnext/convnext.3/act/Erf_output_0']
83	Add	/text_encoder/convnext/convnext.3/act/Add	['/text_encoder/convnext/convnext.3/act/Erf_output_0', '/text_encoder/convnext/convnext.0/act/Constant_1_output_0']	['/text_encoder/convnext/convnext.3/act/Add_output_0']
84	Mul	/text_encoder/convnext/convnext.3/act/Mul	['/text_encoder/convnext/convnext.3/pwconv1/Conv_output_0', '/text_encoder/convnext/convnext.3/act/Add_output_0']	['/text_encoder/convnext/convnext.3/act/Mul_output_0']
85	Mul	/text_encoder/convnext/convnext.3/act/Mul_1	['/text_encoder/convnext/convnext.3/act/Mul_output_0', '/text_encoder/convnext/convnext.0/act/Constant_2_output_0']	['/text_encoder/convnext/convnext.3/act/Mul_1_output_0']
86	Conv	/text_encoder/convnext/convnext.3/pwconv2/Conv	['/text_encoder/convnext/convnext.3/act/Mul_1_output_0', 'tts.ttl.text_encoder.convnext.convnext.3.pwconv2.weight', 'tts.ttl.text_encoder.convnext.convnext.3.pwconv2.bias']	['/text_encoder/convnext/convnext.3/pwconv2/Conv_output_0']
87	Mul	/text_encoder/convnext/convnext.3/Mul_2	['tts.ttl.text_encoder.convnext.convnext.3.gamma', '/text_encoder/convnext/convnext.3/pwconv2/Conv_output_0']	['/text_encoder/convnext/convnext.3/Mul_2_output_0']
88	Add	/text_encoder/convnext/convnext.3/Add	['/text_encoder/convnext/convnext.3/Mul_output_0', '/text_encoder/convnext/convnext.3/Mul_2_output_0']	['/text_encoder/convnext/convnext.3/Add_output_0']
89	Mul	/text_encoder/convnext/convnext.3/Mul_3	['/text_encoder/convnext/convnext.3/Add_output_0', 'text_mask']	['/text_encoder/convnext/convnext.3/Mul_3_output_0']
90	Mul	/text_encoder/convnext/convnext.4/Mul	['/text_encoder/convnext/convnext.3/Mul_3_output_0', 'text_mask']	['/text_encoder/convnext/convnext.4/Mul_output_0']
91	Pad	/text_encoder/convnext/convnext.4/dwconv/Pad	['/text_encoder/convnext/convnext.4/Mul_output_0', '/text_encoder/convnext/convnext.0/dwconv/Cast_output_0']	['/text_encoder/convnext/convnext.4/dwconv/Pad_output_0']
92	Conv	/text_encoder/convnext/convnext.4/dwconv/Conv	['/text_encoder/convnext/convnext.4/dwconv/Pad_output_0', 'tts.ttl.text_encoder.convnext.convnext.4.dwconv.weight', 'tts.ttl.text_encoder.convnext.convnext.4.dwconv.bias']	['/text_encoder/convnext/convnext.4/dwconv/Conv_output_0']
93	Mul	/text_encoder/convnext/convnext.4/Mul_1	['/text_encoder/convnext/convnext.4/dwconv/Conv_output_0', 'text_mask']	['/text_encoder/convnext/convnext.4/Mul_1_output_0']
94	Transpose	/text_encoder/convnext/convnext.4/norm/Transpose	['/text_encoder/convnext/convnext.4/Mul_1_output_0']	['/text_encoder/convnext/convnext.4/norm/Transpose_output_0']
95	LayerNormalization	/text_encoder/convnext/convnext.4/norm/norm/LayerNormalization	['/text_encoder/convnext/convnext.4/norm/Transpose_output_0', 'tts.ttl.text_encoder.convnext.convnext.4.norm.norm.weight', 'tts.ttl.text_encoder.convnext.convnext.4.norm.norm.bias']	['/text_encoder/convnext/convnext.4/norm/norm/LayerNormalization_output_0']
96	Transpose	/text_encoder/convnext/convnext.4/norm/Transpose_1	['/text_encoder/convnext/convnext.4/norm/norm/LayerNormalization_output_0']	['/text_encoder/convnext/convnext.4/norm/Transpose_1_output_0']
97	Conv	/text_encoder/convnext/convnext.4/pwconv1/Conv	['/text_encoder/convnext/convnext.4/norm/Transpose_1_output_0', 'tts.ttl.text_encoder.convnext.convnext.4.pwconv1.weight', 'tts.ttl.text_encoder.convnext.convnext.4.pwconv1.bias']	['/text_encoder/convnext/convnext.4/pwconv1/Conv_output_0']
98	Div	/text_encoder/convnext/convnext.4/act/Div	['/text_encoder/convnext/convnext.4/pwconv1/Conv_output_0', '/text_encoder/convnext/convnext.0/act/Constant_output_0']	['/text_encoder/convnext/convnext.4/act/Div_output_0']
99	Erf	/text_encoder/convnext/convnext.4/act/Erf	['/text_encoder/convnext/convnext.4/act/Div_output_0']	['/text_encoder/convnext/convnext.4/act/Erf_output_0']
100	Add	/text_encoder/convnext/convnext.4/act/Add	['/text_encoder/convnext/convnext.4/act/Erf_output_0', '/text_encoder/convnext/convnext.0/act/Constant_1_output_0']	['/text_encoder/convnext/convnext.4/act/Add_output_0']
101	Mul	/text_encoder/convnext/convnext.4/act/Mul	['/text_encoder/convnext/convnext.4/pwconv1/Conv_output_0', '/text_encoder/convnext/convnext.4/act/Add_output_0']	['/text_encoder/convnext/convnext.4/act/Mul_output_0']
102	Mul	/text_encoder/convnext/convnext.4/act/Mul_1	['/text_encoder/convnext/convnext.4/act/Mul_output_0', '/text_encoder/convnext/convnext.0/act/Constant_2_output_0']	['/text_encoder/convnext/convnext.4/act/Mul_1_output_0']
103	Conv	/text_encoder/convnext/convnext.4/pwconv2/Conv	['/text_encoder/convnext/convnext.4/act/Mul_1_output_0', 'tts.ttl.text_encoder.convnext.convnext.4.pwconv2.weight', 'tts.ttl.text_encoder.convnext.convnext.4.pwconv2.bias']	['/text_encoder/convnext/convnext.4/pwconv2/Conv_output_0']
104	Mul	/text_encoder/convnext/convnext.4/Mul_2	['tts.ttl.text_encoder.convnext.convnext.4.gamma', '/text_encoder/convnext/convnext.4/pwconv2/Conv_output_0']	['/text_encoder/convnext/convnext.4/Mul_2_output_0']
105	Add	/text_encoder/convnext/convnext.4/Add	['/text_encoder/convnext/convnext.4/Mul_output_0', '/text_encoder/convnext/convnext.4/Mul_2_output_0']	['/text_encoder/convnext/convnext.4/Add_output_0']
106	Mul	/text_encoder/convnext/convnext.4/Mul_3	['/text_encoder/convnext/convnext.4/Add_output_0', 'text_mask']	['/text_encoder/convnext/convnext.4/Mul_3_output_0']
107	Mul	/text_encoder/convnext/convnext.5/Mul	['/text_encoder/convnext/convnext.4/Mul_3_output_0', 'text_mask']	['/text_encoder/convnext/convnext.5/Mul_output_0']
108	Pad	/text_encoder/convnext/convnext.5/dwconv/Pad	['/text_encoder/convnext/convnext.5/Mul_output_0', '/text_encoder/convnext/convnext.0/dwconv/Cast_output_0']	['/text_encoder/convnext/convnext.5/dwconv/Pad_output_0']
109	Conv	/text_encoder/convnext/convnext.5/dwconv/Conv	['/text_encoder/convnext/convnext.5/dwconv/Pad_output_0', 'tts.ttl.text_encoder.convnext.convnext.5.dwconv.weight', 'tts.ttl.text_encoder.convnext.convnext.5.dwconv.bias']	['/text_encoder/convnext/convnext.5/dwconv/Conv_output_0']
110	Mul	/text_encoder/convnext/convnext.5/Mul_1	['/text_encoder/convnext/convnext.5/dwconv/Conv_output_0', 'text_mask']	['/text_encoder/convnext/convnext.5/Mul_1_output_0']
111	Transpose	/text_encoder/convnext/convnext.5/norm/Transpose	['/text_encoder/convnext/convnext.5/Mul_1_output_0']	['/text_encoder/convnext/convnext.5/norm/Transpose_output_0']
112	LayerNormalization	/text_encoder/convnext/convnext.5/norm/norm/LayerNormalization	['/text_encoder/convnext/convnext.5/norm/Transpose_output_0', 'tts.ttl.text_encoder.convnext.convnext.5.norm.norm.weight', 'tts.ttl.text_encoder.convnext.convnext.5.norm.norm.bias']	['/text_encoder/convnext/convnext.5/norm/norm/LayerNormalization_output_0']
113	Transpose	/text_encoder/convnext/convnext.5/norm/Transpose_1	['/text_encoder/convnext/convnext.5/norm/norm/LayerNormalization_output_0']	['/text_encoder/convnext/convnext.5/norm/Transpose_1_output_0']
114	Conv	/text_encoder/convnext/convnext.5/pwconv1/Conv	['/text_encoder/convnext/convnext.5/norm/Transpose_1_output_0', 'tts.ttl.text_encoder.convnext.convnext.5.pwconv1.weight', 'tts.ttl.text_encoder.convnext.convnext.5.pwconv1.bias']	['/text_encoder/convnext/convnext.5/pwconv1/Conv_output_0']
115	Div	/text_encoder/convnext/convnext.5/act/Div	['/text_encoder/convnext/convnext.5/pwconv1/Conv_output_0', '/text_encoder/convnext/convnext.0/act/Constant_output_0']	['/text_encoder/convnext/convnext.5/act/Div_output_0']
116	Erf	/text_encoder/convnext/convnext.5/act/Erf	['/text_encoder/convnext/convnext.5/act/Div_output_0']	['/text_encoder/convnext/convnext.5/act/Erf_output_0']
117	Add	/text_encoder/convnext/convnext.5/act/Add	['/text_encoder/convnext/convnext.5/act/Erf_output_0', '/text_encoder/convnext/convnext.0/act/Constant_1_output_0']	['/text_encoder/convnext/convnext.5/act/Add_output_0']
118	Mul	/text_encoder/convnext/convnext.5/act/Mul	['/text_encoder/convnext/convnext.5/pwconv1/Conv_output_0', '/text_encoder/convnext/convnext.5/act/Add_output_0']	['/text_encoder/convnext/convnext.5/act/Mul_output_0']
119	Mul	/text_encoder/convnext/convnext.5/act/Mul_1	['/text_encoder/convnext/convnext.5/act/Mul_output_0', '/text_encoder/convnext/convnext.0/act/Constant_2_output_0']	['/text_encoder/convnext/convnext.5/act/Mul_1_output_0']
120	Conv	/text_encoder/convnext/convnext.5/pwconv2/Conv	['/text_encoder/convnext/convnext.5/act/Mul_1_output_0', 'tts.ttl.text_encoder.convnext.convnext.5.pwconv2.weight', 'tts.ttl.text_encoder.convnext.convnext.5.pwconv2.bias']	['/text_encoder/convnext/convnext.5/pwconv2/Conv_output_0']
121	Mul	/text_encoder/convnext/convnext.5/Mul_2	['tts.ttl.text_encoder.convnext.convnext.5.gamma', '/text_encoder/convnext/convnext.5/pwconv2/Conv_output_0']	['/text_encoder/convnext/convnext.5/Mul_2_output_0']
122	Add	/text_encoder/convnext/convnext.5/Add	['/text_encoder/convnext/convnext.5/Mul_output_0', '/text_encoder/convnext/convnext.5/Mul_2_output_0']	['/text_encoder/convnext/convnext.5/Add_output_0']
123	Mul	/text_encoder/convnext/convnext.5/Mul_3	['/text_encoder/convnext/convnext.5/Add_output_0', 'text_mask']	['/text_encoder/convnext/convnext.5/Mul_3_output_0']
124	Mul	/text_encoder/attn_encoder/Mul_1	['/text_encoder/convnext/convnext.5/Mul_3_output_0', 'text_mask']	['/text_encoder/attn_encoder/Mul_1_output_0']
125	Conv	/text_encoder/attn_encoder/attn_layers.0/conv_q/Conv	['/text_encoder/attn_encoder/Mul_1_output_0', 'tts.ttl.text_encoder.attn_encoder.attn_layers.0.conv_q.weight', 'tts.ttl.text_encoder.attn_encoder.attn_layers.0.conv_q.bias']	['/text_encoder/attn_encoder/attn_layers.0/conv_q/Conv_output_0']
126	Conv	/text_encoder/attn_encoder/attn_layers.0/conv_k/Conv	['/text_encoder/attn_encoder/Mul_1_output_0', 'tts.ttl.text_encoder.attn_encoder.attn_layers.0.conv_k.weight', 'tts.ttl.text_encoder.attn_encoder.attn_layers.0.conv_k.bias']	['/text_encoder/attn_encoder/attn_layers.0/conv_k/Conv_output_0']
127	Conv	/text_encoder/attn_encoder/attn_layers.0/conv_v/Conv	['/text_encoder/attn_encoder/Mul_1_output_0', 'tts.ttl.text_encoder.attn_encoder.attn_layers.0.conv_v.weight', 'tts.ttl.text_encoder.attn_encoder.attn_layers.0.conv_v.bias']	['/text_encoder/attn_encoder/attn_layers.0/conv_v/Conv_output_0']
128	Shape	/text_encoder/attn_encoder/attn_layers.0/Shape	['/text_encoder/attn_encoder/attn_layers.0/conv_k/Conv_output_0']	['/text_encoder/attn_encoder/attn_layers.0/Shape_output_0']
129	Shape	/text_encoder/attn_encoder/attn_layers.0/Shape_3	['/text_encoder/attn_encoder/attn_layers.0/conv_q/Conv_output_0']	['/text_encoder/attn_encoder/attn_layers.0/Shape_3_output_0']
130	Gather	/text_encoder/attn_encoder/attn_layers.0/Gather	['/text_encoder/attn_encoder/attn_layers.0/Shape_output_0', '/text_encoder/attn_encoder/attn_layers.0/Constant_output_0']	['/text_encoder/attn_encoder/attn_layers.0/Gather_output_0']
131	Gather	/text_encoder/attn_encoder/attn_layers.0/Gather_2	['/text_encoder/attn_encoder/attn_layers.0/Shape_output_0', '/text_encoder/attn_encoder/attn_layers.0/Constant_2_output_0']	['/text_encoder/attn_encoder/attn_layers.0/Gather_2_output_0']
132	Gather	/text_encoder/attn_encoder/attn_layers.0/Gather_3	['/text_encoder/attn_encoder/attn_layers.0/Shape_3_output_0', '/text_encoder/attn_encoder/attn_layers.0/Constant_2_output_0']	['/text_encoder/attn_encoder/attn_layers.0/Gather_3_output_0']
133	Unsqueeze	/text_encoder/attn_encoder/attn_layers.0/Unsqueeze	['/text_encoder/attn_encoder/attn_layers.0/Gather_output_0', '/speech_prompted_text_encoder/attention1/Constant_10_output_0']	['/text_encoder/attn_encoder/attn_layers.0/Unsqueeze_output_0']
134	Unsqueeze	/text_encoder/attn_encoder/attn_layers.0/Unsqueeze_1	['/text_encoder/attn_encoder/attn_layers.0/Gather_3_output_0', '/speech_prompted_text_encoder/attention1/Constant_10_output_0']	['/text_encoder/attn_encoder/attn_layers.0/Unsqueeze_1_output_0']
135	Unsqueeze	/text_encoder/attn_encoder/attn_layers.0/Unsqueeze_3	['/text_encoder/attn_encoder/attn_layers.0/Gather_2_output_0', '/speech_prompted_text_encoder/attention1/Constant_10_output_0']	['/text_encoder/attn_encoder/attn_layers.0/Unsqueeze_3_output_0']
136	Sub	/text_encoder/attn_encoder/attn_layers.0/Sub	['/text_encoder/attn_encoder/attn_layers.0/Gather_2_output_0', '/text_encoder/attn_encoder/attn_layers.0/Constant_11_output_0']	['/text_encoder/attn_encoder/attn_layers.0/Sub_output_0']
137	Sub	/text_encoder/attn_encoder/attn_layers.0/Sub_1	['/text_encoder/attn_encoder/attn_layers.0/Constant_11_output_0', '/text_encoder/attn_encoder/attn_layers.0/Gather_2_output_0']	['/text_encoder/attn_encoder/attn_layers.0/Sub_1_output_0']
138	Mul	/text_encoder/attn_encoder/attn_layers.0/Mul	['/text_encoder/attn_encoder/attn_layers.0/Gather_2_output_0', '/text_encoder/attn_encoder/attn_layers.0/Constant_2_output_0']	['/text_encoder/attn_encoder/attn_layers.0/Mul_output_0']
139	Concat	/text_encoder/attn_encoder/attn_layers.0/Concat	['/text_encoder/attn_encoder/attn_layers.0/Unsqueeze_output_0', '/text_encoder/attn_encoder/attn_layers.0/Constant_4_output_0', '/text_encoder/attn_encoder/attn_layers.0/Constant_5_output_0', '/text_encoder/attn_encoder/attn_layers.0/Unsqueeze_1_output_0']	['/text_encoder/attn_encoder/attn_layers.0/Concat_output_0']
140	Concat	/text_encoder/attn_encoder/attn_layers.0/Concat_1	['/text_encoder/attn_encoder/attn_layers.0/Unsqueeze_output_0', '/text_encoder/attn_encoder/attn_layers.0/Constant_4_output_0', '/text_encoder/attn_encoder/attn_layers.0/Constant_5_output_0', '/text_encoder/attn_encoder/attn_layers.0/Unsqueeze_3_output_0']	['/text_encoder/attn_encoder/attn_layers.0/Concat_1_output_0']
141	Clip	/text_encoder/attn_encoder/attn_layers.0/Clip	['/text_encoder/attn_encoder/attn_layers.0/Sub_output_0', '/text_encoder/attn_encoder/attn_layers.0/Constant_output_0', '']	['/text_encoder/attn_encoder/attn_layers.0/Clip_output_0']
142	Clip	/text_encoder/attn_encoder/attn_layers.0/Clip_1	['/text_encoder/attn_encoder/attn_layers.0/Sub_1_output_0', '/text_encoder/attn_encoder/attn_layers.0/Constant_output_0', '']	['/text_encoder/attn_encoder/attn_layers.0/Clip_1_output_0']
143	Concat	/text_encoder/attn_encoder/attn_layers.0/Concat_23	['/text_encoder/attn_encoder/attn_layers.0/Unsqueeze_output_0', '/text_encoder/attn_encoder/attn_layers.0/Unsqueeze_43_output_0', '/text_encoder/attn_encoder/attn_layers.0/Unsqueeze_1_output_0']	['/text_encoder/attn_encoder/attn_layers.0/Concat_23_output_0']
144	Reshape	/text_encoder/attn_encoder/attn_layers.0/Reshape	['/text_encoder/attn_encoder/attn_layers.0/conv_q/Conv_output_0', '/text_encoder/attn_encoder/attn_layers.0/Concat_output_0']	['/text_encoder/attn_encoder/attn_layers.0/Reshape_output_0']
145	Reshape	/text_encoder/attn_encoder/attn_layers.0/Reshape_1	['/text_encoder/attn_encoder/attn_layers.0/conv_k/Conv_output_0', '/text_encoder/attn_encoder/attn_layers.0/Concat_1_output_0']	['/text_encoder/attn_encoder/attn_layers.0/Reshape_1_output_0']
146	Reshape	/text_encoder/attn_encoder/attn_layers.0/Reshape_2	['/text_encoder/attn_encoder/attn_layers.0/conv_v/Conv_output_0', '/text_encoder/attn_encoder/attn_layers.0/Concat_1_output_0']	['/text_encoder/attn_encoder/attn_layers.0/Reshape_2_output_0']
147	Add	/text_encoder/attn_encoder/attn_layers.0/Add	['/text_encoder/attn_encoder/attn_layers.0/Clip_1_output_0', '/text_encoder/attn_encoder/attn_layers.0/Mul_output_0']	['/text_encoder/attn_encoder/attn_layers.0/Add_output_0']
148	Unsqueeze	/text_encoder/attn_encoder/attn_layers.0/Unsqueeze_8	['/text_encoder/attn_encoder/attn_layers.0/Clip_output_0', '/speech_prompted_text_encoder/attention1/Constant_10_output_0']	['/text_encoder/attn_encoder/attn_layers.0/Unsqueeze_8_output_0']
149	Unsqueeze	/text_encoder/attn_encoder/attn_layers.0/Unsqueeze_14	['/text_encoder/attn_encoder/attn_layers.0/Clip_1_output_0', '/speech_prompted_text_encoder/attention1/Constant_10_output_0']	['/text_encoder/attn_encoder/attn_layers.0/Unsqueeze_14_output_0']
150	Transpose	/text_encoder/attn_encoder/attn_layers.0/Transpose	['/text_encoder/attn_encoder/attn_layers.0/Reshape_output_0']	['/text_encoder/attn_encoder/attn_layers.0/Transpose_output_0']
151	Transpose	/text_encoder/attn_encoder/attn_layers.0/Transpose_1	['/text_encoder/attn_encoder/attn_layers.0/Reshape_2_output_0']	['/text_encoder/attn_encoder/attn_layers.0/Transpose_1_output_0']
152	Sub	/text_encoder/attn_encoder/attn_layers.0/Sub_2	['/text_encoder/attn_encoder/attn_layers.0/Add_output_0', '/text_encoder/attn_encoder/attn_layers.0/Constant_16_output_0']	['/text_encoder/attn_encoder/attn_layers.0/Sub_2_output_0']
153	Concat	/text_encoder/attn_encoder/attn_layers.0/Concat_7	['/speech_prompted_text_encoder/attention1/Constant_10_output_0', '/speech_prompted_text_encoder/attention1/Constant_10_output_0', '/text_encoder/attn_encoder/attn_layers.0/Unsqueeze_8_output_0', '/text_encoder/attn_encoder/attn_layers.0/Unsqueeze_8_output_0', '/speech_prompted_text_encoder/attention1/Constant_10_output_0', '/speech_prompted_text_encoder/attention1/Constant_10_output_0']	['/text_encoder/attn_encoder/attn_layers.0/Concat_7_output_0']
154	Div	/text_encoder/attn_encoder/attn_layers.0/Div	['/text_encoder/attn_encoder/attn_layers.0/Transpose_output_0', '/text_encoder/attn_encoder/attn_layers.0/Constant_10_output_0']	['/text_encoder/attn_encoder/attn_layers.0/Div_output_0']
155	Unsqueeze	/text_encoder/attn_encoder/attn_layers.0/Unsqueeze_15	['/text_encoder/attn_encoder/attn_layers.0/Sub_2_output_0', '/speech_prompted_text_encoder/attention1/Constant_10_output_0']	['/text_encoder/attn_encoder/attn_layers.0/Unsqueeze_15_output_0']
156	Reshape	/text_encoder/attn_encoder/attn_layers.0/Reshape_3	['/text_encoder/attn_encoder/attn_layers.0/Concat_7_output_0', '/text_encoder/attn_encoder/attn_layers.0/Constant_35_output_0']	['/text_encoder/attn_encoder/attn_layers.0/Reshape_3_output_0']
157	MatMul	/text_encoder/attn_encoder/attn_layers.0/MatMul	['/text_encoder/attn_encoder/attn_layers.0/Div_output_0', '/text_encoder/attn_encoder/attn_layers.0/Reshape_1_output_0']	['/text_encoder/attn_encoder/attn_layers.0/MatMul_output_0']
158	Slice	/text_encoder/attn_encoder/attn_layers.0/Slice	['/text_encoder/attn_encoder/attn_layers.0/Reshape_3_output_0', '/text_encoder/attn_encoder/Constant_1_output_0', '/text_encoder/attn_encoder/attn_layers.0/Constant_38_output_0', '/speech_prompted_text_encoder/attention1/Constant_10_output_0', '/text_encoder/attn_encoder/Constant_1_output_0']	['/text_encoder/attn_encoder/attn_layers.0/Slice_output_0']
159	Transpose	/text_encoder/attn_encoder/attn_layers.0/Transpose_2	['/text_encoder/attn_encoder/attn_layers.0/Slice_output_0']	['/text_encoder/attn_encoder/attn_layers.0/Transpose_2_output_0']
160	Reshape	/text_encoder/attn_encoder/attn_layers.0/Reshape_4	['/text_encoder/attn_encoder/attn_layers.0/Transpose_2_output_0', '/text_encoder/attn_encoder/Constant_1_output_0']	['/text_encoder/attn_encoder/attn_layers.0/Cast_1_output_0']
161	Pad	/text_encoder/attn_encoder/attn_layers.0/Pad	['tts.ttl.text_encoder.attn_encoder.attn_layers.0.emb_rel_k', '/text_encoder/attn_encoder/attn_layers.0/Cast_1_output_0', '']	['/text_encoder/attn_encoder/attn_layers.0/Pad_output_0']
162	Pad	/text_encoder/attn_encoder/attn_layers.0/Pad_5	['tts.ttl.text_encoder.attn_encoder.attn_layers.0.emb_rel_v', '/text_encoder/attn_encoder/attn_layers.0/Cast_1_output_0', '']	['/text_encoder/attn_encoder/attn_layers.0/Pad_5_output_0']
163	Slice	/text_encoder/attn_encoder/attn_layers.0/Slice_1	['/text_encoder/attn_encoder/attn_layers.0/Pad_output_0', '/text_encoder/attn_encoder/attn_layers.0/Unsqueeze_14_output_0', '/text_encoder/attn_encoder/attn_layers.0/Unsqueeze_15_output_0', '/text_encoder/attn_encoder/attn_layers.0/Constant_41_output_0', '/text_encoder/attn_encoder/attn_layers.0/Constant_41_output_0']	['/text_encoder/attn_encoder/attn_layers.0/Slice_1_output_0']
164	Slice	/text_encoder/attn_encoder/attn_layers.0/Slice_10	['/text_encoder/attn_encoder/attn_layers.0/Pad_5_output_0', '/text_encoder/attn_encoder/attn_layers.0/Unsqueeze_14_output_0', '/text_encoder/attn_encoder/attn_layers.0/Unsqueeze_15_output_0', '/text_encoder/attn_encoder/attn_layers.0/Constant_41_output_0', '/text_encoder/attn_encoder/attn_layers.0/Constant_41_output_0']	['/text_encoder/attn_encoder/attn_layers.0/Slice_10_output_0']
165	Unsqueeze	/text_encoder/attn_encoder/attn_layers.0/Unsqueeze_16	['/text_encoder/attn_encoder/attn_layers.0/Slice_1_output_0', '/speech_prompted_text_encoder/attention1/Constant_10_output_0']	['/text_encoder/attn_encoder/attn_layers.0/Unsqueeze_16_output_0']
166	Unsqueeze	/text_encoder/attn_encoder/attn_layers.0/Unsqueeze_41	['/text_encoder/attn_encoder/attn_layers.0/Slice_10_output_0', '/speech_prompted_text_encoder/attention1/Constant_10_output_0']	['/text_encoder/attn_encoder/attn_layers.0/Unsqueeze_41_output_0']
167	Transpose	/text_encoder/attn_encoder/attn_layers.0/Transpose_3	['/text_encoder/attn_encoder/attn_layers.0/Unsqueeze_16_output_0']	['/text_encoder/attn_encoder/attn_layers.0/Transpose_3_output_0']
168	MatMul	/text_encoder/attn_encoder/attn_layers.0/MatMul_1	['/text_encoder/attn_encoder/attn_layers.0/Div_output_0', '/text_encoder/attn_encoder/attn_layers.0/Transpose_3_output_0']	['/text_encoder/attn_encoder/attn_layers.0/MatMul_1_output_0']
169	Shape	/text_encoder/attn_encoder/attn_layers.0/Shape_5	['/text_encoder/attn_encoder/attn_layers.0/MatMul_1_output_0']	['/text_encoder/attn_encoder/attn_layers.0/Shape_5_output_0']
170	Pad	/text_encoder/attn_encoder/attn_layers.0/Pad_1	['/text_encoder/attn_encoder/attn_layers.0/MatMul_1_output_0', '/text_encoder/attn_encoder/attn_layers.0/Cast_2_output_0', '']	['/text_encoder/attn_encoder/attn_layers.0/Pad_1_output_0']
171	Gather	/text_encoder/attn_encoder/attn_layers.0/Gather_5	['/text_encoder/attn_encoder/attn_layers.0/Shape_5_output_0', '/text_encoder/attn_encoder/attn_layers.0/Constant_output_0']	['/text_encoder/attn_encoder/attn_layers.0/Gather_5_output_0']
172	Gather	/text_encoder/attn_encoder/attn_layers.0/Gather_6	['/text_encoder/attn_encoder/attn_layers.0/Shape_5_output_0', '/text_encoder/attn_encoder/attn_layers.0/Constant_16_output_0']	['/text_encoder/attn_encoder/attn_layers.0/Gather_6_output_0']
173	Gather	/text_encoder/attn_encoder/attn_layers.0/Gather_7	['/text_encoder/attn_encoder/attn_layers.0/Shape_5_output_0', '/text_encoder/attn_encoder/attn_layers.0/Constant_2_output_0']	['/text_encoder/attn_encoder/attn_layers.0/Gather_7_output_0']
174	Mul	/text_encoder/attn_encoder/attn_layers.0/Mul_1	['/text_encoder/attn_encoder/attn_layers.0/Gather_7_output_0', '/text_encoder/attn_encoder/attn_layers.0/Constant_2_output_0']	['/text_encoder/attn_encoder/attn_layers.0/Mul_1_output_0']
175	Unsqueeze	/text_encoder/attn_encoder/attn_layers.0/Unsqueeze_17	['/text_encoder/attn_encoder/attn_layers.0/Gather_5_output_0', '/speech_prompted_text_encoder/attention1/Constant_10_output_0']	['/text_encoder/attn_encoder/attn_layers.0/Unsqueeze_17_output_0']
176	Unsqueeze	/text_encoder/attn_encoder/attn_layers.0/Unsqueeze_18	['/text_encoder/attn_encoder/attn_layers.0/Gather_6_output_0', '/speech_prompted_text_encoder/attention1/Constant_10_output_0']	['/text_encoder/attn_encoder/attn_layers.0/Unsqueeze_18_output_0']
177	Sub	/text_encoder/attn_encoder/attn_layers.0/Sub_4	['/text_encoder/attn_encoder/attn_layers.0/Gather_7_output_0', '/text_encoder/attn_encoder/attn_layers.0/Constant_16_output_0']	['/text_encoder/attn_encoder/attn_layers.0/Sub_4_output_0']
178	Add	/text_encoder/attn_encoder/attn_layers.0/Add_1	['/text_encoder/attn_encoder/attn_layers.0/Gather_7_output_0', '/text_encoder/attn_encoder/attn_layers.0/Constant_16_output_0']	['/text_encoder/attn_encoder/attn_layers.0/Add_1_output_0']
179	Unsqueeze	/text_encoder/attn_encoder/attn_layers.0/Unsqueeze_26	['/text_encoder/attn_encoder/attn_layers.0/Gather_7_output_0', '/speech_prompted_text_encoder/attention1/Constant_10_output_0']	['/text_encoder/attn_encoder/attn_layers.0/Unsqueeze_26_output_0']
180	Mul	/text_encoder/attn_encoder/attn_layers.0/Mul_2	['/text_encoder/attn_encoder/attn_layers.0/Mul_1_output_0', '/text_encoder/attn_encoder/attn_layers.0/Gather_7_output_0']	['/text_encoder/attn_encoder/attn_layers.0/Mul_2_output_0']
181	Unsqueeze	/text_encoder/attn_encoder/attn_layers.0/Unsqueeze_21	['/text_encoder/attn_encoder/attn_layers.0/Sub_4_output_0', '/speech_prompted_text_encoder/attention1/Constant_10_output_0']	['/text_encoder/attn_encoder/attn_layers.0/Unsqueeze_21_output_0']
182	Sub	/text_encoder/attn_encoder/attn_layers.0/Sub_6	['/text_encoder/attn_encoder/attn_layers.0/Mul_1_output_0', '/text_encoder/attn_encoder/attn_layers.0/Constant_16_output_0']	['/text_encoder/attn_encoder/attn_layers.0/Sub_6_output_0']
183	Unsqueeze	/text_encoder/attn_encoder/attn_layers.0/Unsqueeze_24	['/text_encoder/attn_encoder/attn_layers.0/Add_1_output_0', '/speech_prompted_text_encoder/attention1/Constant_10_output_0']	['/text_encoder/attn_encoder/attn_layers.0/Unsqueeze_24_output_0']
184	Unsqueeze	/text_encoder/attn_encoder/attn_layers.0/Unsqueeze_19	['/text_encoder/attn_encoder/attn_layers.0/Mul_2_output_0', '/speech_prompted_text_encoder/attention1/Constant_10_output_0']	['/text_encoder/attn_encoder/attn_layers.0/Unsqueeze_19_output_0']
185	Unsqueeze	/text_encoder/attn_encoder/attn_layers.0/Unsqueeze_25	['/text_encoder/attn_encoder/attn_layers.0/Sub_6_output_0', '/speech_prompted_text_encoder/attention1/Constant_10_output_0']	['/text_encoder/attn_encoder/attn_layers.0/Unsqueeze_25_output_0']
186	Concat	/text_encoder/attn_encoder/attn_layers.0/Concat_12	['/speech_prompted_text_encoder/attention1/Constant_10_output_0', '/text_encoder/attn_encoder/attn_layers.0/Unsqueeze_21_output_0', '/speech_prompted_text_encoder/attention1/Constant_10_output_0', '/speech_prompted_text_encoder/attention1/Constant_10_output_0', '/speech_prompted_text_encoder/attention1/Constant_10_output_0', '/speech_prompted_text_encoder/attention1/Constant_10_output_0']	['/text_encoder/attn_encoder/attn_layers.0/Concat_12_output_0']
187	Concat	/text_encoder/attn_encoder/attn_layers.0/Concat_9	['/text_encoder/attn_encoder/attn_layers.0/Unsqueeze_17_output_0', '/text_encoder/attn_encoder/attn_layers.0/Unsqueeze_18_output_0', '/text_encoder/attn_encoder/attn_layers.0/Unsqueeze_19_output_0']	['/text_encoder/attn_encoder/attn_layers.0/Concat_9_output_0']
188	Concat	/text_encoder/attn_encoder/attn_layers.0/Concat_13	['/text_encoder/attn_encoder/attn_layers.0/Unsqueeze_17_output_0', '/text_encoder/attn_encoder/attn_layers.0/Unsqueeze_18_output_0', '/text_encoder/attn_encoder/attn_layers.0/Unsqueeze_24_output_0', '/text_encoder/attn_encoder/attn_layers.0/Unsqueeze_25_output_0']	['/text_encoder/attn_encoder/attn_layers.0/Concat_13_output_0']
189	Reshape	/text_encoder/attn_encoder/attn_layers.0/Reshape_8	['/text_encoder/attn_encoder/attn_layers.0/Concat_12_output_0', '/text_encoder/attn_encoder/attn_layers.0/Constant_35_output_0']	['/text_encoder/attn_encoder/attn_layers.0/Reshape_8_output_0']
190	Reshape	/text_encoder/attn_encoder/attn_layers.0/Reshape_7	['/text_encoder/attn_encoder/attn_layers.0/Pad_1_output_0', '/text_encoder/attn_encoder/attn_layers.0/Concat_9_output_0']	['/text_encoder/attn_encoder/attn_layers.0/Reshape_7_output_0']
191	Slice	/text_encoder/attn_encoder/attn_layers.0/Slice_3	['/text_encoder/attn_encoder/attn_layers.0/Reshape_8_output_0', '/text_encoder/attn_encoder/Constant_1_output_0', '/text_encoder/attn_encoder/attn_layers.0/Constant_38_output_0', '/speech_prompted_text_encoder/attention1/Constant_10_output_0', '/text_encoder/attn_encoder/Constant_1_output_0']	['/text_encoder/attn_encoder/attn_layers.0/Slice_3_output_0']
192	Transpose	/text_encoder/attn_encoder/attn_layers.0/Transpose_5	['/text_encoder/attn_encoder/attn_layers.0/Slice_3_output_0']	['/text_encoder/attn_encoder/attn_layers.0/Transpose_5_output_0']
193	Reshape	/text_encoder/attn_encoder/attn_layers.0/Reshape_9	['/text_encoder/attn_encoder/attn_layers.0/Transpose_5_output_0', '/text_encoder/attn_encoder/Constant_1_output_0']	['/text_encoder/attn_encoder/attn_layers.0/Cast_4_output_0']
194	Pad	/text_encoder/attn_encoder/attn_layers.0/Pad_2	['/text_encoder/attn_encoder/attn_layers.0/Reshape_7_output_0', '/text_encoder/attn_encoder/attn_layers.0/Cast_4_output_0', '']	['/text_encoder/attn_encoder/attn_layers.0/Pad_2_output_0']
195	Reshape	/text_encoder/attn_encoder/attn_layers.0/Reshape_10	['/text_encoder/attn_encoder/attn_layers.0/Pad_2_output_0', '/text_encoder/attn_encoder/attn_layers.0/Concat_13_output_0']	['/text_encoder/attn_encoder/attn_layers.0/Reshape_10_output_0']
196	Slice	/text_encoder/attn_encoder/attn_layers.0/Slice_4	['/text_encoder/attn_encoder/attn_layers.0/Reshape_10_output_0', '/speech_prompted_text_encoder/attention1/Constant_10_output_0', '/text_encoder/attn_encoder/attn_layers.0/Unsqueeze_26_output_0', '/text_encoder/attn_encoder/Constant_output_0', '/text_encoder/attn_encoder/attn_layers.0/Constant_41_output_0']	['/text_encoder/attn_encoder/attn_layers.0/Slice_4_output_0']
197	Slice	/text_encoder/attn_encoder/attn_layers.0/Slice_5	['/text_encoder/attn_encoder/attn_layers.0/Slice_4_output_0', '/text_encoder/attn_encoder/attn_layers.0/Unsqueeze_21_output_0', '/text_encoder/attn_encoder/attn_layers.0/Constant_85_output_0', '/text_encoder/attn_encoder/attn_layers.0/Constant_83_output_0', '/text_encoder/attn_encoder/attn_layers.0/Constant_41_output_0']	['/text_encoder/attn_encoder/attn_layers.0/Slice_5_output_0']
198	Add	/text_encoder/attn_encoder/attn_layers.0/Add_2	['/text_encoder/attn_encoder/attn_layers.0/MatMul_output_0', '/text_encoder/attn_encoder/attn_layers.0/Slice_5_output_0']	['/text_encoder/attn_encoder/attn_layers.0/Add_2_output_0']
199	Where	/text_encoder/attn_encoder/attn_layers.0/Where	['/text_encoder/attn_encoder/attn_layers.3/Cast_5_output_0', '/text_encoder/attn_encoder/attn_layers.0/Constant_88_output_0', '/text_encoder/attn_encoder/attn_layers.0/Add_2_output_0']	['/text_encoder/attn_encoder/attn_layers.0/Where_output_0']
200	Softmax	/text_encoder/attn_encoder/attn_layers.0/Softmax	['/text_encoder/attn_encoder/attn_layers.0/Where_output_0']	['/text_encoder/attn_encoder/attn_layers.0/Softmax_output_0']
201	MatMul	/text_encoder/attn_encoder/attn_layers.0/MatMul_2	['/text_encoder/attn_encoder/attn_layers.0/Softmax_output_0', '/text_encoder/attn_encoder/attn_layers.0/Transpose_1_output_0']	['/text_encoder/attn_encoder/attn_layers.0/MatMul_2_output_0']
202	Shape	/text_encoder/attn_encoder/attn_layers.0/Shape_9	['/text_encoder/attn_encoder/attn_layers.0/Softmax_output_0']	['/text_encoder/attn_encoder/attn_layers.0/Shape_9_output_0']
203	Gather	/text_encoder/attn_encoder/attn_layers.0/Gather_9	['/text_encoder/attn_encoder/attn_layers.0/Shape_9_output_0', '/text_encoder/attn_encoder/attn_layers.0/Constant_output_0']	['/text_encoder/attn_encoder/attn_layers.0/Gather_9_output_0']
204	Gather	/text_encoder/attn_encoder/attn_layers.0/Gather_10	['/text_encoder/attn_encoder/attn_layers.0/Shape_9_output_0', '/text_encoder/attn_encoder/attn_layers.0/Constant_16_output_0']	['/text_encoder/attn_encoder/attn_layers.0/Gather_10_output_0']
205	Gather	/text_encoder/attn_encoder/attn_layers.0/Gather_11	['/text_encoder/attn_encoder/attn_layers.0/Shape_9_output_0', '/text_encoder/attn_encoder/attn_layers.0/Constant_2_output_0']	['/text_encoder/attn_encoder/attn_layers.0/Gather_11_output_0']
206	Sub	/text_encoder/attn_encoder/attn_layers.0/Sub_7	['/text_encoder/attn_encoder/attn_layers.0/Gather_11_output_0', '/text_encoder/attn_encoder/attn_layers.0/Constant_16_output_0']	['/text_encoder/attn_encoder/attn_layers.0/Sub_7_output_0']
207	Pow	/text_encoder/attn_encoder/attn_layers.0/Pow	['/text_encoder/attn_encoder/attn_layers.0/Gather_11_output_0', '/text_encoder/attn_encoder/attn_layers.0/Constant_2_output_0']	['/text_encoder/attn_encoder/attn_layers.0/Pow_output_0']
208	Unsqueeze	/text_encoder/attn_encoder/attn_layers.0/Unsqueeze_30	['/text_encoder/attn_encoder/attn_layers.0/Gather_9_output_0', '/speech_prompted_text_encoder/attention1/Constant_10_output_0']	['/text_encoder/attn_encoder/attn_layers.0/Unsqueeze_30_output_0']
209	Unsqueeze	/text_encoder/attn_encoder/attn_layers.0/Unsqueeze_31	['/text_encoder/attn_encoder/attn_layers.0/Gather_10_output_0', '/speech_prompted_text_encoder/attention1/Constant_10_output_0']	['/text_encoder/attn_encoder/attn_layers.0/Unsqueeze_31_output_0']
210	Unsqueeze	/text_encoder/attn_encoder/attn_layers.0/Unsqueeze_34	['/text_encoder/attn_encoder/attn_layers.0/Gather_11_output_0', '/speech_prompted_text_encoder/attention1/Constant_10_output_0']	['/text_encoder/attn_encoder/attn_layers.0/Unsqueeze_34_output_0']
211	Mul	/text_encoder/attn_encoder/attn_layers.0/Mul_4	['/text_encoder/attn_encoder/attn_layers.0/Gather_11_output_0', '/text_encoder/attn_encoder/attn_layers.0/Constant_2_output_0']	['/text_encoder/attn_encoder/attn_layers.0/Mul_4_output_0']
212	Unsqueeze	/text_encoder/attn_encoder/attn_layers.0/Unsqueeze_29	['/text_encoder/attn_encoder/attn_layers.0/Sub_7_output_0', '/speech_prompted_text_encoder/attention1/Constant_10_output_0']	['/text_encoder/attn_encoder/attn_layers.0/Unsqueeze_29_output_0']
213	Mul	/text_encoder/attn_encoder/attn_layers.0/Mul_3	['/text_encoder/attn_encoder/attn_layers.0/Gather_11_output_0', '/text_encoder/attn_encoder/attn_layers.0/Sub_7_output_0']	['/text_encoder/attn_encoder/attn_layers.0/Mul_3_output_0']
214	Unsqueeze	/text_encoder/attn_encoder/attn_layers.0/Unsqueeze_38	['/text_encoder/attn_encoder/attn_layers.0/Mul_4_output_0', '/speech_prompted_text_encoder/attention1/Constant_10_output_0']	['/text_encoder/attn_encoder/attn_layers.0/Unsqueeze_38_output_0']
215	Concat	/text_encoder/attn_encoder/attn_layers.0/Concat_20	['/text_encoder/attn_encoder/attn_layers.0/Unsqueeze_34_output_0', '/speech_prompted_text_encoder/attention1/Constant_10_output_0', '/speech_prompted_text_encoder/attention1/Constant_10_output_0', '/speech_prompted_text_encoder/attention1/Constant_10_output_0', '/speech_prompted_text_encoder/attention1/Constant_10_output_0', '/speech_prompted_text_encoder/attention1/Constant_10_output_0']	['/text_encoder/attn_encoder/attn_layers.0/Concat_20_output_0']
216	Add	/text_encoder/attn_encoder/attn_layers.0/Add_3	['/text_encoder/attn_encoder/attn_layers.0/Pow_output_0', '/text_encoder/attn_encoder/attn_layers.0/Mul_3_output_0']	['/text_encoder/attn_encoder/attn_layers.0/Add_3_output_0']
217	Concat	/text_encoder/attn_encoder/attn_layers.0/Concat_21	['/text_encoder/attn_encoder/attn_layers.0/Unsqueeze_30_output_0', '/text_encoder/attn_encoder/attn_layers.0/Unsqueeze_31_output_0', '/text_encoder/attn_encoder/attn_layers.0/Unsqueeze_34_output_0', '/text_encoder/attn_encoder/attn_layers.0/Unsqueeze_38_output_0']	['/text_encoder/attn_encoder/attn_layers.0/Concat_21_output_0']
218	Reshape	/text_encoder/attn_encoder/attn_layers.0/Reshape_14	['/text_encoder/attn_encoder/attn_layers.0/Concat_20_output_0', '/text_encoder/attn_encoder/attn_layers.0/Constant_35_output_0']	['/text_encoder/attn_encoder/attn_layers.0/Reshape_14_output_0']
219	Concat	/text_encoder/attn_encoder/attn_layers.0/Concat_16	['/speech_prompted_text_encoder/attention1/Constant_10_output_0', '/text_encoder/attn_encoder/attn_layers.0/Unsqueeze_29_output_0', '/speech_prompted_text_encoder/attention1/Constant_10_output_0', '/speech_prompted_text_encoder/attention1/Constant_10_output_0', '/speech_prompted_text_encoder/attention1/Constant_10_output_0', '/speech_prompted_text_encoder/attention1/Constant_10_output_0', '/speech_prompted_text_encoder/attention1/Constant_10_output_0', '/speech_prompted_text_encoder/attention1/Constant_10_output_0']	['/text_encoder/attn_encoder/attn_layers.0/Concat_16_output_0']
220	Unsqueeze	/text_encoder/attn_encoder/attn_layers.0/Unsqueeze_32	['/text_encoder/attn_encoder/attn_layers.0/Add_3_output_0', '/speech_prompted_text_encoder/attention1/Constant_10_output_0']	['/text_encoder/attn_encoder/attn_layers.0/Unsqueeze_32_output_0']
221	Reshape	/text_encoder/attn_encoder/attn_layers.0/Reshape_11	['/text_encoder/attn_encoder/attn_layers.0/Concat_16_output_0', '/text_encoder/attn_encoder/attn_layers.0/Constant_35_output_0']	['/text_encoder/attn_encoder/attn_layers.0/Reshape_11_output_0']
222	Slice	/text_encoder/attn_encoder/attn_layers.0/Slice_7	['/text_encoder/attn_encoder/attn_layers.0/Reshape_14_output_0', '/text_encoder/attn_encoder/Constant_1_output_0', '/text_encoder/attn_encoder/attn_layers.0/Constant_38_output_0', '/speech_prompted_text_encoder/attention1/Constant_10_output_0', '/text_encoder/attn_encoder/Constant_1_output_0']	['/text_encoder/attn_encoder/attn_layers.0/Slice_7_output_0']
223	Concat	/text_encoder/attn_encoder/attn_layers.0/Concat_17	['/text_encoder/attn_encoder/attn_layers.0/Unsqueeze_30_output_0', '/text_encoder/attn_encoder/attn_layers.0/Unsqueeze_31_output_0', '/text_encoder/attn_encoder/attn_layers.0/Unsqueeze_32_output_0']	['/text_encoder/attn_encoder/attn_layers.0/Concat_17_output_0']
224	Slice	/text_encoder/attn_encoder/attn_layers.0/Slice_6	['/text_encoder/attn_encoder/attn_layers.0/Reshape_11_output_0', '/text_encoder/attn_encoder/Constant_1_output_0', '/text_encoder/attn_encoder/attn_layers.0/Constant_38_output_0', '/speech_prompted_text_encoder/attention1/Constant_10_output_0', '/text_encoder/attn_encoder/Constant_1_output_0']	['/text_encoder/attn_encoder/attn_layers.0/Slice_6_output_0']
225	Transpose	/text_encoder/attn_encoder/attn_layers.0/Transpose_7	['/text_encoder/attn_encoder/attn_layers.0/Slice_7_output_0']	['/text_encoder/attn_encoder/attn_layers.0/Transpose_7_output_0']
226	Transpose	/text_encoder/attn_encoder/attn_layers.0/Transpose_6	['/text_encoder/attn_encoder/attn_layers.0/Slice_6_output_0']	['/text_encoder/attn_encoder/attn_layers.0/Transpose_6_output_0']
227	Reshape	/text_encoder/attn_encoder/attn_layers.0/Reshape_15	['/text_encoder/attn_encoder/attn_layers.0/Transpose_7_output_0', '/text_encoder/attn_encoder/Constant_1_output_0']	['/text_encoder/attn_encoder/attn_layers.0/Cast_9_output_0']
228	Reshape	/text_encoder/attn_encoder/attn_layers.0/Reshape_12	['/text_encoder/attn_encoder/attn_layers.0/Transpose_6_output_0', '/text_encoder/attn_encoder/Constant_1_output_0']	['/text_encoder/attn_encoder/attn_layers.0/Cast_7_output_0']
229	Pad	/text_encoder/attn_encoder/attn_layers.0/Pad_3	['/text_encoder/attn_encoder/attn_layers.0/Softmax_output_0', '/text_encoder/attn_encoder/attn_layers.0/Cast_7_output_0', '']	['/text_encoder/attn_encoder/attn_layers.0/Pad_3_output_0']
230	Reshape	/text_encoder/attn_encoder/attn_layers.0/Reshape_13	['/text_encoder/attn_encoder/attn_layers.0/Pad_3_output_0', '/text_encoder/attn_encoder/attn_layers.0/Concat_17_output_0']	['/text_encoder/attn_encoder/attn_layers.0/Reshape_13_output_0']
231	Pad	/text_encoder/attn_encoder/attn_layers.0/Pad_4	['/text_encoder/attn_encoder/attn_layers.0/Reshape_13_output_0', '/text_encoder/attn_encoder/attn_layers.0/Cast_9_output_0', '']	['/text_encoder/attn_encoder/attn_layers.0/Pad_4_output_0']
232	Reshape	/text_encoder/attn_encoder/attn_layers.0/Reshape_16	['/text_encoder/attn_encoder/attn_layers.0/Pad_4_output_0', '/text_encoder/attn_encoder/attn_layers.0/Concat_21_output_0']	['/text_encoder/attn_encoder/attn_layers.0/Reshape_16_output_0']
233	Slice	/text_encoder/attn_encoder/attn_layers.0/Slice_8	['/text_encoder/attn_encoder/attn_layers.0/Reshape_16_output_0', '/text_encoder/attn_encoder/attn_layers.0/Constant_41_output_0', '/text_encoder/attn_encoder/attn_layers.0/Constant_85_output_0', '/text_encoder/attn_encoder/attn_layers.0/Constant_83_output_0', '/text_encoder/attn_encoder/attn_layers.0/Constant_41_output_0']	['/text_encoder/attn_encoder/attn_layers.0/Slice_8_output_0']
234	MatMul	/text_encoder/attn_encoder/attn_layers.0/MatMul_3	['/text_encoder/attn_encoder/attn_layers.0/Slice_8_output_0', '/text_encoder/attn_encoder/attn_layers.0/Unsqueeze_41_output_0']	['/text_encoder/attn_encoder/attn_layers.0/MatMul_3_output_0']
235	Add	/text_encoder/attn_encoder/attn_layers.0/Add_4	['/text_encoder/attn_encoder/attn_layers.0/MatMul_2_output_0', '/text_encoder/attn_encoder/attn_layers.0/MatMul_3_output_0']	['/text_encoder/attn_encoder/attn_layers.0/Add_4_output_0']
236	Transpose	/text_encoder/attn_encoder/attn_layers.0/Transpose_9	['/text_encoder/attn_encoder/attn_layers.0/Add_4_output_0']	['/text_encoder/attn_encoder/attn_layers.0/Transpose_9_output_0']
237	Reshape	/text_encoder/attn_encoder/attn_layers.0/Reshape_19	['/text_encoder/attn_encoder/attn_layers.0/Transpose_9_output_0', '/text_encoder/attn_encoder/attn_layers.0/Concat_23_output_0']	['/text_encoder/attn_encoder/attn_layers.0/Reshape_19_output_0']
238	Conv	/text_encoder/attn_encoder/attn_layers.0/conv_o/Conv	['/text_encoder/attn_encoder/attn_layers.0/Reshape_19_output_0', 'tts.ttl.text_encoder.attn_encoder.attn_layers.0.conv_o.weight', 'tts.ttl.text_encoder.attn_encoder.attn_layers.0.conv_o.bias']	['/text_encoder/attn_encoder/attn_layers.0/conv_o/Conv_output_0']
239	Add	/text_encoder/attn_encoder/Add	['/text_encoder/attn_encoder/Mul_1_output_0', '/text_encoder/attn_encoder/attn_layers.0/conv_o/Conv_output_0']	['/text_encoder/attn_encoder/Add_output_0']
240	Transpose	/text_encoder/attn_encoder/norm_layers_1.0/Transpose	['/text_encoder/attn_encoder/Add_output_0']	['/text_encoder/attn_encoder/norm_layers_1.0/Transpose_output_0']
241	LayerNormalization	/text_encoder/attn_encoder/norm_layers_1.0/norm/LayerNormalization	['/text_encoder/attn_encoder/norm_layers_1.0/Transpose_output_0', 'tts.ttl.text_encoder.attn_encoder.norm_layers_1.0.norm.weight', 'tts.ttl.text_encoder.attn_encoder.norm_layers_1.0.norm.bias']	['/text_encoder/attn_encoder/norm_layers_1.0/norm/LayerNormalization_output_0']
242	Transpose	/text_encoder/attn_encoder/norm_layers_1.0/Transpose_1	['/text_encoder/attn_encoder/norm_layers_1.0/norm/LayerNormalization_output_0']	['/text_encoder/attn_encoder/norm_layers_1.0/Transpose_1_output_0']
243	Mul	/text_encoder/attn_encoder/ffn_layers.0/Mul	['/text_encoder/attn_encoder/norm_layers_1.0/Transpose_1_output_0', 'text_mask']	['/text_encoder/attn_encoder/ffn_layers.0/Mul_output_0']
244	Conv	/text_encoder/attn_encoder/ffn_layers.0/conv_1/Conv	['/text_encoder/attn_encoder/ffn_layers.0/Mul_output_0', 'tts.ttl.text_encoder.attn_encoder.ffn_layers.0.conv_1.weight', 'tts.ttl.text_encoder.attn_encoder.ffn_layers.0.conv_1.bias']	['/text_encoder/attn_encoder/ffn_layers.0/conv_1/Conv_output_0']
245	Relu	/text_encoder/attn_encoder/ffn_layers.0/Relu	['/text_encoder/attn_encoder/ffn_layers.0/conv_1/Conv_output_0']	['/text_encoder/attn_encoder/ffn_layers.0/Relu_output_0']
246	Mul	/text_encoder/attn_encoder/ffn_layers.0/Mul_1	['/text_encoder/attn_encoder/ffn_layers.0/Relu_output_0', 'text_mask']	['/text_encoder/attn_encoder/ffn_layers.0/Mul_1_output_0']
247	Conv	/text_encoder/attn_encoder/ffn_layers.0/conv_2/Conv	['/text_encoder/attn_encoder/ffn_layers.0/Mul_1_output_0', 'tts.ttl.text_encoder.attn_encoder.ffn_layers.0.conv_2.weight', 'tts.ttl.text_encoder.attn_encoder.ffn_layers.0.conv_2.bias']	['/text_encoder/attn_encoder/ffn_layers.0/conv_2/Conv_output_0']
248	Mul	/text_encoder/attn_encoder/ffn_layers.0/Mul_2	['/text_encoder/attn_encoder/ffn_layers.0/conv_2/Conv_output_0', 'text_mask']	['/text_encoder/attn_encoder/ffn_layers.0/Mul_2_output_0']
249	Add	/text_encoder/attn_encoder/Add_1	['/text_encoder/attn_encoder/norm_layers_1.0/Transpose_1_output_0', '/text_encoder/attn_encoder/ffn_layers.0/Mul_2_output_0']	['/text_encoder/attn_encoder/Add_1_output_0']
250	Transpose	/text_encoder/attn_encoder/norm_layers_2.0/Transpose	['/text_encoder/attn_encoder/Add_1_output_0']	['/text_encoder/attn_encoder/norm_layers_2.0/Transpose_output_0']
251	LayerNormalization	/text_encoder/attn_encoder/norm_layers_2.0/norm/LayerNormalization	['/text_encoder/attn_encoder/norm_layers_2.0/Transpose_output_0', 'tts.ttl.text_encoder.attn_encoder.norm_layers_2.0.norm.weight', 'tts.ttl.text_encoder.attn_encoder.norm_layers_2.0.norm.bias']	['/text_encoder/attn_encoder/norm_layers_2.0/norm/LayerNormalization_output_0']
252	Transpose	/text_encoder/attn_encoder/norm_layers_2.0/Transpose_1	['/text_encoder/attn_encoder/norm_layers_2.0/norm/LayerNormalization_output_0']	['/text_encoder/attn_encoder/norm_layers_2.0/Transpose_1_output_0']
253	Conv	/text_encoder/attn_encoder/attn_layers.1/conv_q/Conv	['/text_encoder/attn_encoder/norm_layers_2.0/Transpose_1_output_0', 'tts.ttl.text_encoder.attn_encoder.attn_layers.1.conv_q.weight', 'tts.ttl.text_encoder.attn_encoder.attn_layers.1.conv_q.bias']	['/text_encoder/attn_encoder/attn_layers.1/conv_q/Conv_output_0']
254	Conv	/text_encoder/attn_encoder/attn_layers.1/conv_k/Conv	['/text_encoder/attn_encoder/norm_layers_2.0/Transpose_1_output_0', 'tts.ttl.text_encoder.attn_encoder.attn_layers.1.conv_k.weight', 'tts.ttl.text_encoder.attn_encoder.attn_layers.1.conv_k.bias']	['/text_encoder/attn_encoder/attn_layers.1/conv_k/Conv_output_0']
255	Conv	/text_encoder/attn_encoder/attn_layers.1/conv_v/Conv	['/text_encoder/attn_encoder/norm_layers_2.0/Transpose_1_output_0', 'tts.ttl.text_encoder.attn_encoder.attn_layers.1.conv_v.weight', 'tts.ttl.text_encoder.attn_encoder.attn_layers.1.conv_v.bias']	['/text_encoder/attn_encoder/attn_layers.1/conv_v/Conv_output_0']
256	Shape	/text_encoder/attn_encoder/attn_layers.1/Shape	['/text_encoder/attn_encoder/attn_layers.1/conv_k/Conv_output_0']	['/text_encoder/attn_encoder/attn_layers.1/Shape_output_0']
257	Shape	/text_encoder/attn_encoder/attn_layers.1/Shape_3	['/text_encoder/attn_encoder/attn_layers.1/conv_q/Conv_output_0']	['/text_encoder/attn_encoder/attn_layers.1/Shape_3_output_0']
258	Gather	/text_encoder/attn_encoder/attn_layers.1/Gather	['/text_encoder/attn_encoder/attn_layers.1/Shape_output_0', '/text_encoder/attn_encoder/attn_layers.0/Constant_output_0']	['/text_encoder/attn_encoder/attn_layers.1/Gather_output_0']
259	Gather	/text_encoder/attn_encoder/attn_layers.1/Gather_2	['/text_encoder/attn_encoder/attn_layers.1/Shape_output_0', '/text_encoder/attn_encoder/attn_layers.0/Constant_2_output_0']	['/text_encoder/attn_encoder/attn_layers.1/Gather_2_output_0']
260	Gather	/text_encoder/attn_encoder/attn_layers.1/Gather_3	['/text_encoder/attn_encoder/attn_layers.1/Shape_3_output_0', '/text_encoder/attn_encoder/attn_layers.0/Constant_2_output_0']	['/text_encoder/attn_encoder/attn_layers.1/Gather_3_output_0']
261	Unsqueeze	/text_encoder/attn_encoder/attn_layers.1/Unsqueeze	['/text_encoder/attn_encoder/attn_layers.1/Gather_output_0', '/speech_prompted_text_encoder/attention1/Constant_10_output_0']	['/text_encoder/attn_encoder/attn_layers.1/Unsqueeze_output_0']
262	Unsqueeze	/text_encoder/attn_encoder/attn_layers.1/Unsqueeze_1	['/text_encoder/attn_encoder/attn_layers.1/Gather_3_output_0', '/speech_prompted_text_encoder/attention1/Constant_10_output_0']	['/text_encoder/attn_encoder/attn_layers.1/Unsqueeze_1_output_0']
263	Unsqueeze	/text_encoder/attn_encoder/attn_layers.1/Unsqueeze_3	['/text_encoder/attn_encoder/attn_layers.1/Gather_2_output_0', '/speech_prompted_text_encoder/attention1/Constant_10_output_0']	['/text_encoder/attn_encoder/attn_layers.1/Unsqueeze_3_output_0']
264	Sub	/text_encoder/attn_encoder/attn_layers.1/Sub	['/text_encoder/attn_encoder/attn_layers.1/Gather_2_output_0', '/text_encoder/attn_encoder/attn_layers.0/Constant_11_output_0']	['/text_encoder/attn_encoder/attn_layers.1/Sub_output_0']
265	Sub	/text_encoder/attn_encoder/attn_layers.1/Sub_1	['/text_encoder/attn_encoder/attn_layers.0/Constant_11_output_0', '/text_encoder/attn_encoder/attn_layers.1/Gather_2_output_0']	['/text_encoder/attn_encoder/attn_layers.1/Sub_1_output_0']
266	Mul	/text_encoder/attn_encoder/attn_layers.1/Mul	['/text_encoder/attn_encoder/attn_layers.1/Gather_2_output_0', '/text_encoder/attn_encoder/attn_layers.0/Constant_2_output_0']	['/text_encoder/attn_encoder/attn_layers.1/Mul_output_0']
267	Concat	/text_encoder/attn_encoder/attn_layers.1/Concat	['/text_encoder/attn_encoder/attn_layers.1/Unsqueeze_output_0', '/text_encoder/attn_encoder/attn_layers.0/Constant_4_output_0', '/text_encoder/attn_encoder/attn_layers.0/Constant_5_output_0', '/text_encoder/attn_encoder/attn_layers.1/Unsqueeze_1_output_0']	['/text_encoder/attn_encoder/attn_layers.1/Concat_output_0']
268	Concat	/text_encoder/attn_encoder/attn_layers.1/Concat_1	['/text_encoder/attn_encoder/attn_layers.1/Unsqueeze_output_0', '/text_encoder/attn_encoder/attn_layers.0/Constant_4_output_0', '/text_encoder/attn_encoder/attn_layers.0/Constant_5_output_0', '/text_encoder/attn_encoder/attn_layers.1/Unsqueeze_3_output_0']	['/text_encoder/attn_encoder/attn_layers.1/Concat_1_output_0']
269	Clip	/text_encoder/attn_encoder/attn_layers.1/Clip	['/text_encoder/attn_encoder/attn_layers.1/Sub_output_0', '/text_encoder/attn_encoder/attn_layers.0/Constant_output_0', '']	['/text_encoder/attn_encoder/attn_layers.1/Clip_output_0']
270	Clip	/text_encoder/attn_encoder/attn_layers.1/Clip_1	['/text_encoder/attn_encoder/attn_layers.1/Sub_1_output_0', '/text_encoder/attn_encoder/attn_layers.0/Constant_output_0', '']	['/text_encoder/attn_encoder/attn_layers.1/Clip_1_output_0']
271	Concat	/text_encoder/attn_encoder/attn_layers.1/Concat_23	['/text_encoder/attn_encoder/attn_layers.1/Unsqueeze_output_0', '/text_encoder/attn_encoder/attn_layers.0/Unsqueeze_43_output_0', '/text_encoder/attn_encoder/attn_layers.1/Unsqueeze_1_output_0']	['/text_encoder/attn_encoder/attn_layers.1/Concat_23_output_0']
272	Reshape	/text_encoder/attn_encoder/attn_layers.1/Reshape	['/text_encoder/attn_encoder/attn_layers.1/conv_q/Conv_output_0', '/text_encoder/attn_encoder/attn_layers.1/Concat_output_0']	['/text_encoder/attn_encoder/attn_layers.1/Reshape_output_0']
273	Reshape	/text_encoder/attn_encoder/attn_layers.1/Reshape_1	['/text_encoder/attn_encoder/attn_layers.1/conv_k/Conv_output_0', '/text_encoder/attn_encoder/attn_layers.1/Concat_1_output_0']	['/text_encoder/attn_encoder/attn_layers.1/Reshape_1_output_0']
274	Reshape	/text_encoder/attn_encoder/attn_layers.1/Reshape_2	['/text_encoder/attn_encoder/attn_layers.1/conv_v/Conv_output_0', '/text_encoder/attn_encoder/attn_layers.1/Concat_1_output_0']	['/text_encoder/attn_encoder/attn_layers.1/Reshape_2_output_0']
275	Add	/text_encoder/attn_encoder/attn_layers.1/Add	['/text_encoder/attn_encoder/attn_layers.1/Clip_1_output_0', '/text_encoder/attn_encoder/attn_layers.1/Mul_output_0']	['/text_encoder/attn_encoder/attn_layers.1/Add_output_0']
276	Unsqueeze	/text_encoder/attn_encoder/attn_layers.1/Unsqueeze_8	['/text_encoder/attn_encoder/attn_layers.1/Clip_output_0', '/speech_prompted_text_encoder/attention1/Constant_10_output_0']	['/text_encoder/attn_encoder/attn_layers.1/Unsqueeze_8_output_0']
277	Unsqueeze	/text_encoder/attn_encoder/attn_layers.1/Unsqueeze_14	['/text_encoder/attn_encoder/attn_layers.1/Clip_1_output_0', '/speech_prompted_text_encoder/attention1/Constant_10_output_0']	['/text_encoder/attn_encoder/attn_layers.1/Unsqueeze_14_output_0']
278	Transpose	/text_encoder/attn_encoder/attn_layers.1/Transpose	['/text_encoder/attn_encoder/attn_layers.1/Reshape_output_0']	['/text_encoder/attn_encoder/attn_layers.1/Transpose_output_0']
279	Transpose	/text_encoder/attn_encoder/attn_layers.1/Transpose_1	['/text_encoder/attn_encoder/attn_layers.1/Reshape_2_output_0']	['/text_encoder/attn_encoder/attn_layers.1/Transpose_1_output_0']
280	Sub	/text_encoder/attn_encoder/attn_layers.1/Sub_2	['/text_encoder/attn_encoder/attn_layers.1/Add_output_0', '/text_encoder/attn_encoder/attn_layers.0/Constant_16_output_0']	['/text_encoder/attn_encoder/attn_layers.1/Sub_2_output_0']
281	Concat	/text_encoder/attn_encoder/attn_layers.1/Concat_7	['/speech_prompted_text_encoder/attention1/Constant_10_output_0', '/speech_prompted_text_encoder/attention1/Constant_10_output_0', '/text_encoder/attn_encoder/attn_layers.1/Unsqueeze_8_output_0', '/text_encoder/attn_encoder/attn_layers.1/Unsqueeze_8_output_0', '/speech_prompted_text_encoder/attention1/Constant_10_output_0', '/speech_prompted_text_encoder/attention1/Constant_10_output_0']	['/text_encoder/attn_encoder/attn_layers.1/Concat_7_output_0']
282	Div	/text_encoder/attn_encoder/attn_layers.1/Div	['/text_encoder/attn_encoder/attn_layers.1/Transpose_output_0', '/text_encoder/attn_encoder/attn_layers.0/Constant_10_output_0']	['/text_encoder/attn_encoder/attn_layers.1/Div_output_0']
283	Unsqueeze	/text_encoder/attn_encoder/attn_layers.1/Unsqueeze_15	['/text_encoder/attn_encoder/attn_layers.1/Sub_2_output_0', '/speech_prompted_text_encoder/attention1/Constant_10_output_0']	['/text_encoder/attn_encoder/attn_layers.1/Unsqueeze_15_output_0']
284	Reshape	/text_encoder/attn_encoder/attn_layers.1/Reshape_3	['/text_encoder/attn_encoder/attn_layers.1/Concat_7_output_0', '/text_encoder/attn_encoder/attn_layers.0/Constant_35_output_0']	['/text_encoder/attn_encoder/attn_layers.1/Reshape_3_output_0']
285	MatMul	/text_encoder/attn_encoder/attn_layers.1/MatMul	['/text_encoder/attn_encoder/attn_layers.1/Div_output_0', '/text_encoder/attn_encoder/attn_layers.1/Reshape_1_output_0']	['/text_encoder/attn_encoder/attn_layers.1/MatMul_output_0']
286	Slice	/text_encoder/attn_encoder/attn_layers.1/Slice	['/text_encoder/attn_encoder/attn_layers.1/Reshape_3_output_0', '/text_encoder/attn_encoder/Constant_1_output_0', '/text_encoder/attn_encoder/attn_layers.0/Constant_38_output_0', '/speech_prompted_text_encoder/attention1/Constant_10_output_0', '/text_encoder/attn_encoder/Constant_1_output_0']	['/text_encoder/attn_encoder/attn_layers.1/Slice_output_0']
287	Transpose	/text_encoder/attn_encoder/attn_layers.1/Transpose_2	['/text_encoder/attn_encoder/attn_layers.1/Slice_output_0']	['/text_encoder/attn_encoder/attn_layers.1/Transpose_2_output_0']
288	Reshape	/text_encoder/attn_encoder/attn_layers.1/Reshape_4	['/text_encoder/attn_encoder/attn_layers.1/Transpose_2_output_0', '/text_encoder/attn_encoder/Constant_1_output_0']	['/text_encoder/attn_encoder/attn_layers.1/Cast_1_output_0']
289	Pad	/text_encoder/attn_encoder/attn_layers.1/Pad	['tts.ttl.text_encoder.attn_encoder.attn_layers.1.emb_rel_k', '/text_encoder/attn_encoder/attn_layers.1/Cast_1_output_0', '']	['/text_encoder/attn_encoder/attn_layers.1/Pad_output_0']
290	Pad	/text_encoder/attn_encoder/attn_layers.1/Pad_5	['tts.ttl.text_encoder.attn_encoder.attn_layers.1.emb_rel_v', '/text_encoder/attn_encoder/attn_layers.1/Cast_1_output_0', '']	['/text_encoder/attn_encoder/attn_layers.1/Pad_5_output_0']
291	Slice	/text_encoder/attn_encoder/attn_layers.1/Slice_1	['/text_encoder/attn_encoder/attn_layers.1/Pad_output_0', '/text_encoder/attn_encoder/attn_layers.1/Unsqueeze_14_output_0', '/text_encoder/attn_encoder/attn_layers.1/Unsqueeze_15_output_0', '/text_encoder/attn_encoder/attn_layers.0/Constant_41_output_0', '/text_encoder/attn_encoder/attn_layers.0/Constant_41_output_0']	['/text_encoder/attn_encoder/attn_layers.1/Slice_1_output_0']
292	Slice	/text_encoder/attn_encoder/attn_layers.1/Slice_10	['/text_encoder/attn_encoder/attn_layers.1/Pad_5_output_0', '/text_encoder/attn_encoder/attn_layers.1/Unsqueeze_14_output_0', '/text_encoder/attn_encoder/attn_layers.1/Unsqueeze_15_output_0', '/text_encoder/attn_encoder/attn_layers.0/Constant_41_output_0', '/text_encoder/attn_encoder/attn_layers.0/Constant_41_output_0']	['/text_encoder/attn_encoder/attn_layers.1/Slice_10_output_0']
293	Unsqueeze	/text_encoder/attn_encoder/attn_layers.1/Unsqueeze_16	['/text_encoder/attn_encoder/attn_layers.1/Slice_1_output_0', '/speech_prompted_text_encoder/attention1/Constant_10_output_0']	['/text_encoder/attn_encoder/attn_layers.1/Unsqueeze_16_output_0']
294	Unsqueeze	/text_encoder/attn_encoder/attn_layers.1/Unsqueeze_41	['/text_encoder/attn_encoder/attn_layers.1/Slice_10_output_0', '/speech_prompted_text_encoder/attention1/Constant_10_output_0']	['/text_encoder/attn_encoder/attn_layers.1/Unsqueeze_41_output_0']
295	Transpose	/text_encoder/attn_encoder/attn_layers.1/Transpose_3	['/text_encoder/attn_encoder/attn_layers.1/Unsqueeze_16_output_0']	['/text_encoder/attn_encoder/attn_layers.1/Transpose_3_output_0']
296	MatMul	/text_encoder/attn_encoder/attn_layers.1/MatMul_1	['/text_encoder/attn_encoder/attn_layers.1/Div_output_0', '/text_encoder/attn_encoder/attn_layers.1/Transpose_3_output_0']	['/text_encoder/attn_encoder/attn_layers.1/MatMul_1_output_0']
297	Shape	/text_encoder/attn_encoder/attn_layers.1/Shape_5	['/text_encoder/attn_encoder/attn_layers.1/MatMul_1_output_0']	['/text_encoder/attn_encoder/attn_layers.1/Shape_5_output_0']
298	Pad	/text_encoder/attn_encoder/attn_layers.1/Pad_1	['/text_encoder/attn_encoder/attn_layers.1/MatMul_1_output_0', '/text_encoder/attn_encoder/attn_layers.0/Cast_2_output_0', '']	['/text_encoder/attn_encoder/attn_layers.1/Pad_1_output_0']
299	Gather	/text_encoder/attn_encoder/attn_layers.1/Gather_5	['/text_encoder/attn_encoder/attn_layers.1/Shape_5_output_0', '/text_encoder/attn_encoder/attn_layers.0/Constant_output_0']	['/text_encoder/attn_encoder/attn_layers.1/Gather_5_output_0']
300	Gather	/text_encoder/attn_encoder/attn_layers.1/Gather_6	['/text_encoder/attn_encoder/attn_layers.1/Shape_5_output_0', '/text_encoder/attn_encoder/attn_layers.0/Constant_16_output_0']	['/text_encoder/attn_encoder/attn_layers.1/Gather_6_output_0']
301	Gather	/text_encoder/attn_encoder/attn_layers.1/Gather_7	['/text_encoder/attn_encoder/attn_layers.1/Shape_5_output_0', '/text_encoder/attn_encoder/attn_layers.0/Constant_2_output_0']	['/text_encoder/attn_encoder/attn_layers.1/Gather_7_output_0']
302	Mul	/text_encoder/attn_encoder/attn_layers.1/Mul_1	['/text_encoder/attn_encoder/attn_layers.1/Gather_7_output_0', '/text_encoder/attn_encoder/attn_layers.0/Constant_2_output_0']	['/text_encoder/attn_encoder/attn_layers.1/Mul_1_output_0']
303	Unsqueeze	/text_encoder/attn_encoder/attn_layers.1/Unsqueeze_17	['/text_encoder/attn_encoder/attn_layers.1/Gather_5_output_0', '/speech_prompted_text_encoder/attention1/Constant_10_output_0']	['/text_encoder/attn_encoder/attn_layers.1/Unsqueeze_17_output_0']
304	Unsqueeze	/text_encoder/attn_encoder/attn_layers.1/Unsqueeze_18	['/text_encoder/attn_encoder/attn_layers.1/Gather_6_output_0', '/speech_prompted_text_encoder/attention1/Constant_10_output_0']	['/text_encoder/attn_encoder/attn_layers.1/Unsqueeze_18_output_0']
305	Sub	/text_encoder/attn_encoder/attn_layers.1/Sub_4	['/text_encoder/attn_encoder/attn_layers.1/Gather_7_output_0', '/text_encoder/attn_encoder/attn_layers.0/Constant_16_output_0']	['/text_encoder/attn_encoder/attn_layers.1/Sub_4_output_0']
306	Add	/text_encoder/attn_encoder/attn_layers.1/Add_1	['/text_encoder/attn_encoder/attn_layers.1/Gather_7_output_0', '/text_encoder/attn_encoder/attn_layers.0/Constant_16_output_0']	['/text_encoder/attn_encoder/attn_layers.1/Add_1_output_0']
307	Unsqueeze	/text_encoder/attn_encoder/attn_layers.1/Unsqueeze_26	['/text_encoder/attn_encoder/attn_layers.1/Gather_7_output_0', '/speech_prompted_text_encoder/attention1/Constant_10_output_0']	['/text_encoder/attn_encoder/attn_layers.1/Unsqueeze_26_output_0']
308	Mul	/text_encoder/attn_encoder/attn_layers.1/Mul_2	['/text_encoder/attn_encoder/attn_layers.1/Mul_1_output_0', '/text_encoder/attn_encoder/attn_layers.1/Gather_7_output_0']	['/text_encoder/attn_encoder/attn_layers.1/Mul_2_output_0']
309	Unsqueeze	/text_encoder/attn_encoder/attn_layers.1/Unsqueeze_21	['/text_encoder/attn_encoder/attn_layers.1/Sub_4_output_0', '/speech_prompted_text_encoder/attention1/Constant_10_output_0']	['/text_encoder/attn_encoder/attn_layers.1/Unsqueeze_21_output_0']
310	Sub	/text_encoder/attn_encoder/attn_layers.1/Sub_6	['/text_encoder/attn_encoder/attn_layers.1/Mul_1_output_0', '/text_encoder/attn_encoder/attn_layers.0/Constant_16_output_0']	['/text_encoder/attn_encoder/attn_layers.1/Sub_6_output_0']
311	Unsqueeze	/text_encoder/attn_encoder/attn_layers.1/Unsqueeze_24	['/text_encoder/attn_encoder/attn_layers.1/Add_1_output_0', '/speech_prompted_text_encoder/attention1/Constant_10_output_0']	['/text_encoder/attn_encoder/attn_layers.1/Unsqueeze_24_output_0']
312	Unsqueeze	/text_encoder/attn_encoder/attn_layers.1/Unsqueeze_19	['/text_encoder/attn_encoder/attn_layers.1/Mul_2_output_0', '/speech_prompted_text_encoder/attention1/Constant_10_output_0']	['/text_encoder/attn_encoder/attn_layers.1/Unsqueeze_19_output_0']
313	Unsqueeze	/text_encoder/attn_encoder/attn_layers.1/Unsqueeze_25	['/text_encoder/attn_encoder/attn_layers.1/Sub_6_output_0', '/speech_prompted_text_encoder/attention1/Constant_10_output_0']	['/text_encoder/attn_encoder/attn_layers.1/Unsqueeze_25_output_0']
314	Concat	/text_encoder/attn_encoder/attn_layers.1/Concat_12	['/speech_prompted_text_encoder/attention1/Constant_10_output_0', '/text_encoder/attn_encoder/attn_layers.1/Unsqueeze_21_output_0', '/speech_prompted_text_encoder/attention1/Constant_10_output_0', '/speech_prompted_text_encoder/attention1/Constant_10_output_0', '/speech_prompted_text_encoder/attention1/Constant_10_output_0', '/speech_prompted_text_encoder/attention1/Constant_10_output_0']	['/text_encoder/attn_encoder/attn_layers.1/Concat_12_output_0']
315	Concat	/text_encoder/attn_encoder/attn_layers.1/Concat_9	['/text_encoder/attn_encoder/attn_layers.1/Unsqueeze_17_output_0', '/text_encoder/attn_encoder/attn_layers.1/Unsqueeze_18_output_0', '/text_encoder/attn_encoder/attn_layers.1/Unsqueeze_19_output_0']	['/text_encoder/attn_encoder/attn_layers.1/Concat_9_output_0']
316	Concat	/text_encoder/attn_encoder/attn_layers.1/Concat_13	['/text_encoder/attn_encoder/attn_layers.1/Unsqueeze_17_output_0', '/text_encoder/attn_encoder/attn_layers.1/Unsqueeze_18_output_0', '/text_encoder/attn_encoder/attn_layers.1/Unsqueeze_24_output_0', '/text_encoder/attn_encoder/attn_layers.1/Unsqueeze_25_output_0']	['/text_encoder/attn_encoder/attn_layers.1/Concat_13_output_0']
317	Reshape	/text_encoder/attn_encoder/attn_layers.1/Reshape_8	['/text_encoder/attn_encoder/attn_layers.1/Concat_12_output_0', '/text_encoder/attn_encoder/attn_layers.0/Constant_35_output_0']	['/text_encoder/attn_encoder/attn_layers.1/Reshape_8_output_0']
318	Reshape	/text_encoder/attn_encoder/attn_layers.1/Reshape_7	['/text_encoder/attn_encoder/attn_layers.1/Pad_1_output_0', '/text_encoder/attn_encoder/attn_layers.1/Concat_9_output_0']	['/text_encoder/attn_encoder/attn_layers.1/Reshape_7_output_0']
319	Slice	/text_encoder/attn_encoder/attn_layers.1/Slice_3	['/text_encoder/attn_encoder/attn_layers.1/Reshape_8_output_0', '/text_encoder/attn_encoder/Constant_1_output_0', '/text_encoder/attn_encoder/attn_layers.0/Constant_38_output_0', '/speech_prompted_text_encoder/attention1/Constant_10_output_0', '/text_encoder/attn_encoder/Constant_1_output_0']	['/text_encoder/attn_encoder/attn_layers.1/Slice_3_output_0']
320	Transpose	/text_encoder/attn_encoder/attn_layers.1/Transpose_5	['/text_encoder/attn_encoder/attn_layers.1/Slice_3_output_0']	['/text_encoder/attn_encoder/attn_layers.1/Transpose_5_output_0']
321	Reshape	/text_encoder/attn_encoder/attn_layers.1/Reshape_9	['/text_encoder/attn_encoder/attn_layers.1/Transpose_5_output_0', '/text_encoder/attn_encoder/Constant_1_output_0']	['/text_encoder/attn_encoder/attn_layers.1/Cast_4_output_0']
322	Pad	/text_encoder/attn_encoder/attn_layers.1/Pad_2	['/text_encoder/attn_encoder/attn_layers.1/Reshape_7_output_0', '/text_encoder/attn_encoder/attn_layers.1/Cast_4_output_0', '']	['/text_encoder/attn_encoder/attn_layers.1/Pad_2_output_0']
323	Reshape	/text_encoder/attn_encoder/attn_layers.1/Reshape_10	['/text_encoder/attn_encoder/attn_layers.1/Pad_2_output_0', '/text_encoder/attn_encoder/attn_layers.1/Concat_13_output_0']	['/text_encoder/attn_encoder/attn_layers.1/Reshape_10_output_0']
324	Slice	/text_encoder/attn_encoder/attn_layers.1/Slice_4	['/text_encoder/attn_encoder/attn_layers.1/Reshape_10_output_0', '/speech_prompted_text_encoder/attention1/Constant_10_output_0', '/text_encoder/attn_encoder/attn_layers.1/Unsqueeze_26_output_0', '/text_encoder/attn_encoder/Constant_output_0', '/text_encoder/attn_encoder/attn_layers.0/Constant_41_output_0']	['/text_encoder/attn_encoder/attn_layers.1/Slice_4_output_0']
325	Slice	/text_encoder/attn_encoder/attn_layers.1/Slice_5	['/text_encoder/attn_encoder/attn_layers.1/Slice_4_output_0', '/text_encoder/attn_encoder/attn_layers.1/Unsqueeze_21_output_0', '/text_encoder/attn_encoder/attn_layers.0/Constant_85_output_0', '/text_encoder/attn_encoder/attn_layers.0/Constant_83_output_0', '/text_encoder/attn_encoder/attn_layers.0/Constant_41_output_0']	['/text_encoder/attn_encoder/attn_layers.1/Slice_5_output_0']
326	Add	/text_encoder/attn_encoder/attn_layers.1/Add_2	['/text_encoder/attn_encoder/attn_layers.1/MatMul_output_0', '/text_encoder/attn_encoder/attn_layers.1/Slice_5_output_0']	['/text_encoder/attn_encoder/attn_layers.1/Add_2_output_0']
327	Where	/text_encoder/attn_encoder/attn_layers.1/Where	['/text_encoder/attn_encoder/attn_layers.3/Cast_5_output_0', '/text_encoder/attn_encoder/attn_layers.0/Constant_88_output_0', '/text_encoder/attn_encoder/attn_layers.1/Add_2_output_0']	['/text_encoder/attn_encoder/attn_layers.1/Where_output_0']
328	Softmax	/text_encoder/attn_encoder/attn_layers.1/Softmax	['/text_encoder/attn_encoder/attn_layers.1/Where_output_0']	['/text_encoder/attn_encoder/attn_layers.1/Softmax_output_0']
329	MatMul	/text_encoder/attn_encoder/attn_layers.1/MatMul_2	['/text_encoder/attn_encoder/attn_layers.1/Softmax_output_0', '/text_encoder/attn_encoder/attn_layers.1/Transpose_1_output_0']	['/text_encoder/attn_encoder/attn_layers.1/MatMul_2_output_0']
330	Shape	/text_encoder/attn_encoder/attn_layers.1/Shape_9	['/text_encoder/attn_encoder/attn_layers.1/Softmax_output_0']	['/text_encoder/attn_encoder/attn_layers.1/Shape_9_output_0']
331	Gather	/text_encoder/attn_encoder/attn_layers.1/Gather_9	['/text_encoder/attn_encoder/attn_layers.1/Shape_9_output_0', '/text_encoder/attn_encoder/attn_layers.0/Constant_output_0']	['/text_encoder/attn_encoder/attn_layers.1/Gather_9_output_0']
332	Gather	/text_encoder/attn_encoder/attn_layers.1/Gather_10	['/text_encoder/attn_encoder/attn_layers.1/Shape_9_output_0', '/text_encoder/attn_encoder/attn_layers.0/Constant_16_output_0']	['/text_encoder/attn_encoder/attn_layers.1/Gather_10_output_0']
333	Gather	/text_encoder/attn_encoder/attn_layers.1/Gather_11	['/text_encoder/attn_encoder/attn_layers.1/Shape_9_output_0', '/text_encoder/attn_encoder/attn_layers.0/Constant_2_output_0']	['/text_encoder/attn_encoder/attn_layers.1/Gather_11_output_0']
334	Sub	/text_encoder/attn_encoder/attn_layers.1/Sub_7	['/text_encoder/attn_encoder/attn_layers.1/Gather_11_output_0', '/text_encoder/attn_encoder/attn_layers.0/Constant_16_output_0']	['/text_encoder/attn_encoder/attn_layers.1/Sub_7_output_0']
335	Pow	/text_encoder/attn_encoder/attn_layers.1/Pow	['/text_encoder/attn_encoder/attn_layers.1/Gather_11_output_0', '/text_encoder/attn_encoder/attn_layers.0/Constant_2_output_0']	['/text_encoder/attn_encoder/attn_layers.1/Pow_output_0']
336	Unsqueeze	/text_encoder/attn_encoder/attn_layers.1/Unsqueeze_30	['/text_encoder/attn_encoder/attn_layers.1/Gather_9_output_0', '/speech_prompted_text_encoder/attention1/Constant_10_output_0']	['/text_encoder/attn_encoder/attn_layers.1/Unsqueeze_30_output_0']
337	Unsqueeze	/text_encoder/attn_encoder/attn_layers.1/Unsqueeze_31	['/text_encoder/attn_encoder/attn_layers.1/Gather_10_output_0', '/speech_prompted_text_encoder/attention1/Constant_10_output_0']	['/text_encoder/attn_encoder/attn_layers.1/Unsqueeze_31_output_0']
338	Unsqueeze	/text_encoder/attn_encoder/attn_layers.1/Unsqueeze_34	['/text_encoder/attn_encoder/attn_layers.1/Gather_11_output_0', '/speech_prompted_text_encoder/attention1/Constant_10_output_0']	['/text_encoder/attn_encoder/attn_layers.1/Unsqueeze_34_output_0']
339	Mul	/text_encoder/attn_encoder/attn_layers.1/Mul_4	['/text_encoder/attn_encoder/attn_layers.1/Gather_11_output_0', '/text_encoder/attn_encoder/attn_layers.0/Constant_2_output_0']	['/text_encoder/attn_encoder/attn_layers.1/Mul_4_output_0']
340	Unsqueeze	/text_encoder/attn_encoder/attn_layers.1/Unsqueeze_29	['/text_encoder/attn_encoder/attn_layers.1/Sub_7_output_0', '/speech_prompted_text_encoder/attention1/Constant_10_output_0']	['/text_encoder/attn_encoder/attn_layers.1/Unsqueeze_29_output_0']
341	Mul	/text_encoder/attn_encoder/attn_layers.1/Mul_3	['/text_encoder/attn_encoder/attn_layers.1/Gather_11_output_0', '/text_encoder/attn_encoder/attn_layers.1/Sub_7_output_0']	['/text_encoder/attn_encoder/attn_layers.1/Mul_3_output_0']
342	Unsqueeze	/text_encoder/attn_encoder/attn_layers.1/Unsqueeze_38	['/text_encoder/attn_encoder/attn_layers.1/Mul_4_output_0', '/speech_prompted_text_encoder/attention1/Constant_10_output_0']	['/text_encoder/attn_encoder/attn_layers.1/Unsqueeze_38_output_0']
343	Concat	/text_encoder/attn_encoder/attn_layers.1/Concat_20	['/text_encoder/attn_encoder/attn_layers.1/Unsqueeze_34_output_0', '/speech_prompted_text_encoder/attention1/Constant_10_output_0', '/speech_prompted_text_encoder/attention1/Constant_10_output_0', '/speech_prompted_text_encoder/attention1/Constant_10_output_0', '/speech_prompted_text_encoder/attention1/Constant_10_output_0', '/speech_prompted_text_encoder/attention1/Constant_10_output_0']	['/text_encoder/attn_encoder/attn_layers.1/Concat_20_output_0']
344	Add	/text_encoder/attn_encoder/attn_layers.1/Add_3	['/text_encoder/attn_encoder/attn_layers.1/Pow_output_0', '/text_encoder/attn_encoder/attn_layers.1/Mul_3_output_0']	['/text_encoder/attn_encoder/attn_layers.1/Add_3_output_0']
345	Concat	/text_encoder/attn_encoder/attn_layers.1/Concat_21	['/text_encoder/attn_encoder/attn_layers.1/Unsqueeze_30_output_0', '/text_encoder/attn_encoder/attn_layers.1/Unsqueeze_31_output_0', '/text_encoder/attn_encoder/attn_layers.1/Unsqueeze_34_output_0', '/text_encoder/attn_encoder/attn_layers.1/Unsqueeze_38_output_0']	['/text_encoder/attn_encoder/attn_layers.1/Concat_21_output_0']
346	Reshape	/text_encoder/attn_encoder/attn_layers.1/Reshape_14	['/text_encoder/attn_encoder/attn_layers.1/Concat_20_output_0', '/text_encoder/attn_encoder/attn_layers.0/Constant_35_output_0']	['/text_encoder/attn_encoder/attn_layers.1/Reshape_14_output_0']
347	Concat	/text_encoder/attn_encoder/attn_layers.1/Concat_16	['/speech_prompted_text_encoder/attention1/Constant_10_output_0', '/text_encoder/attn_encoder/attn_layers.1/Unsqueeze_29_output_0', '/speech_prompted_text_encoder/attention1/Constant_10_output_0', '/speech_prompted_text_encoder/attention1/Constant_10_output_0', '/speech_prompted_text_encoder/attention1/Constant_10_output_0', '/speech_prompted_text_encoder/attention1/Constant_10_output_0', '/speech_prompted_text_encoder/attention1/Constant_10_output_0', '/speech_prompted_text_encoder/attention1/Constant_10_output_0']	['/text_encoder/attn_encoder/attn_layers.1/Concat_16_output_0']
348	Unsqueeze	/text_encoder/attn_encoder/attn_layers.1/Unsqueeze_32	['/text_encoder/attn_encoder/attn_layers.1/Add_3_output_0', '/speech_prompted_text_encoder/attention1/Constant_10_output_0']	['/text_encoder/attn_encoder/attn_layers.1/Unsqueeze_32_output_0']
349	Reshape	/text_encoder/attn_encoder/attn_layers.1/Reshape_11	['/text_encoder/attn_encoder/attn_layers.1/Concat_16_output_0', '/text_encoder/attn_encoder/attn_layers.0/Constant_35_output_0']	['/text_encoder/attn_encoder/attn_layers.1/Reshape_11_output_0']
350	Slice	/text_encoder/attn_encoder/attn_layers.1/Slice_7	['/text_encoder/attn_encoder/attn_layers.1/Reshape_14_output_0', '/text_encoder/attn_encoder/Constant_1_output_0', '/text_encoder/attn_encoder/attn_layers.0/Constant_38_output_0', '/speech_prompted_text_encoder/attention1/Constant_10_output_0', '/text_encoder/attn_encoder/Constant_1_output_0']	['/text_encoder/attn_encoder/attn_layers.1/Slice_7_output_0']
351	Concat	/text_encoder/attn_encoder/attn_layers.1/Concat_17	['/text_encoder/attn_encoder/attn_layers.1/Unsqueeze_30_output_0', '/text_encoder/attn_encoder/attn_layers.1/Unsqueeze_31_output_0', '/text_encoder/attn_encoder/attn_layers.1/Unsqueeze_32_output_0']	['/text_encoder/attn_encoder/attn_layers.1/Concat_17_output_0']
352	Slice	/text_encoder/attn_encoder/attn_layers.1/Slice_6	['/text_encoder/attn_encoder/attn_layers.1/Reshape_11_output_0', '/text_encoder/attn_encoder/Constant_1_output_0', '/text_encoder/attn_encoder/attn_layers.0/Constant_38_output_0', '/speech_prompted_text_encoder/attention1/Constant_10_output_0', '/text_encoder/attn_encoder/Constant_1_output_0']	['/text_encoder/attn_encoder/attn_layers.1/Slice_6_output_0']
353	Transpose	/text_encoder/attn_encoder/attn_layers.1/Transpose_7	['/text_encoder/attn_encoder/attn_layers.1/Slice_7_output_0']	['/text_encoder/attn_encoder/attn_layers.1/Transpose_7_output_0']
354	Transpose	/text_encoder/attn_encoder/attn_layers.1/Transpose_6	['/text_encoder/attn_encoder/attn_layers.1/Slice_6_output_0']	['/text_encoder/attn_encoder/attn_layers.1/Transpose_6_output_0']
355	Reshape	/text_encoder/attn_encoder/attn_layers.1/Reshape_15	['/text_encoder/attn_encoder/attn_layers.1/Transpose_7_output_0', '/text_encoder/attn_encoder/Constant_1_output_0']	['/text_encoder/attn_encoder/attn_layers.1/Cast_9_output_0']
356	Reshape	/text_encoder/attn_encoder/attn_layers.1/Reshape_12	['/text_encoder/attn_encoder/attn_layers.1/Transpose_6_output_0', '/text_encoder/attn_encoder/Constant_1_output_0']	['/text_encoder/attn_encoder/attn_layers.1/Cast_7_output_0']
357	Pad	/text_encoder/attn_encoder/attn_layers.1/Pad_3	['/text_encoder/attn_encoder/attn_layers.1/Softmax_output_0', '/text_encoder/attn_encoder/attn_layers.1/Cast_7_output_0', '']	['/text_encoder/attn_encoder/attn_layers.1/Pad_3_output_0']
358	Reshape	/text_encoder/attn_encoder/attn_layers.1/Reshape_13	['/text_encoder/attn_encoder/attn_layers.1/Pad_3_output_0', '/text_encoder/attn_encoder/attn_layers.1/Concat_17_output_0']	['/text_encoder/attn_encoder/attn_layers.1/Reshape_13_output_0']
359	Pad	/text_encoder/attn_encoder/attn_layers.1/Pad_4	['/text_encoder/attn_encoder/attn_layers.1/Reshape_13_output_0', '/text_encoder/attn_encoder/attn_layers.1/Cast_9_output_0', '']	['/text_encoder/attn_encoder/attn_layers.1/Pad_4_output_0']
360	Reshape	/text_encoder/attn_encoder/attn_layers.1/Reshape_16	['/text_encoder/attn_encoder/attn_layers.1/Pad_4_output_0', '/text_encoder/attn_encoder/attn_layers.1/Concat_21_output_0']	['/text_encoder/attn_encoder/attn_layers.1/Reshape_16_output_0']
361	Slice	/text_encoder/attn_encoder/attn_layers.1/Slice_8	['/text_encoder/attn_encoder/attn_layers.1/Reshape_16_output_0', '/text_encoder/attn_encoder/attn_layers.0/Constant_41_output_0', '/text_encoder/attn_encoder/attn_layers.0/Constant_85_output_0', '/text_encoder/attn_encoder/attn_layers.0/Constant_83_output_0', '/text_encoder/attn_encoder/attn_layers.0/Constant_41_output_0']	['/text_encoder/attn_encoder/attn_layers.1/Slice_8_output_0']
362	MatMul	/text_encoder/attn_encoder/attn_layers.1/MatMul_3	['/text_encoder/attn_encoder/attn_layers.1/Slice_8_output_0', '/text_encoder/attn_encoder/attn_layers.1/Unsqueeze_41_output_0']	['/text_encoder/attn_encoder/attn_layers.1/MatMul_3_output_0']
363	Add	/text_encoder/attn_encoder/attn_layers.1/Add_4	['/text_encoder/attn_encoder/attn_layers.1/MatMul_2_output_0', '/text_encoder/attn_encoder/attn_layers.1/MatMul_3_output_0']	['/text_encoder/attn_encoder/attn_layers.1/Add_4_output_0']
364	Transpose	/text_encoder/attn_encoder/attn_layers.1/Transpose_9	['/text_encoder/attn_encoder/attn_layers.1/Add_4_output_0']	['/text_encoder/attn_encoder/attn_layers.1/Transpose_9_output_0']
365	Reshape	/text_encoder/attn_encoder/attn_layers.1/Reshape_19	['/text_encoder/attn_encoder/attn_layers.1/Transpose_9_output_0', '/text_encoder/attn_encoder/attn_layers.1/Concat_23_output_0']	['/text_encoder/attn_encoder/attn_layers.1/Reshape_19_output_0']
366	Conv	/text_encoder/attn_encoder/attn_layers.1/conv_o/Conv	['/text_encoder/attn_encoder/attn_layers.1/Reshape_19_output_0', 'tts.ttl.text_encoder.attn_encoder.attn_layers.1.conv_o.weight', 'tts.ttl.text_encoder.attn_encoder.attn_layers.1.conv_o.bias']	['/text_encoder/attn_encoder/attn_layers.1/conv_o/Conv_output_0']
367	Add	/text_encoder/attn_encoder/Add_2	['/text_encoder/attn_encoder/norm_layers_2.0/Transpose_1_output_0', '/text_encoder/attn_encoder/attn_layers.1/conv_o/Conv_output_0']	['/text_encoder/attn_encoder/Add_2_output_0']
368	Transpose	/text_encoder/attn_encoder/norm_layers_1.1/Transpose	['/text_encoder/attn_encoder/Add_2_output_0']	['/text_encoder/attn_encoder/norm_layers_1.1/Transpose_output_0']
369	LayerNormalization	/text_encoder/attn_encoder/norm_layers_1.1/norm/LayerNormalization	['/text_encoder/attn_encoder/norm_layers_1.1/Transpose_output_0', 'tts.ttl.text_encoder.attn_encoder.norm_layers_1.1.norm.weight', 'tts.ttl.text_encoder.attn_encoder.norm_layers_1.1.norm.bias']	['/text_encoder/attn_encoder/norm_layers_1.1/norm/LayerNormalization_output_0']
370	Transpose	/text_encoder/attn_encoder/norm_layers_1.1/Transpose_1	['/text_encoder/attn_encoder/norm_layers_1.1/norm/LayerNormalization_output_0']	['/text_encoder/attn_encoder/norm_layers_1.1/Transpose_1_output_0']
371	Mul	/text_encoder/attn_encoder/ffn_layers.1/Mul	['/text_encoder/attn_encoder/norm_layers_1.1/Transpose_1_output_0', 'text_mask']	['/text_encoder/attn_encoder/ffn_layers.1/Mul_output_0']
372	Conv	/text_encoder/attn_encoder/ffn_layers.1/conv_1/Conv	['/text_encoder/attn_encoder/ffn_layers.1/Mul_output_0', 'tts.ttl.text_encoder.attn_encoder.ffn_layers.1.conv_1.weight', 'tts.ttl.text_encoder.attn_encoder.ffn_layers.1.conv_1.bias']	['/text_encoder/attn_encoder/ffn_layers.1/conv_1/Conv_output_0']
373	Relu	/text_encoder/attn_encoder/ffn_layers.1/Relu	['/text_encoder/attn_encoder/ffn_layers.1/conv_1/Conv_output_0']	['/text_encoder/attn_encoder/ffn_layers.1/Relu_output_0']
374	Mul	/text_encoder/attn_encoder/ffn_layers.1/Mul_1	['/text_encoder/attn_encoder/ffn_layers.1/Relu_output_0', 'text_mask']	['/text_encoder/attn_encoder/ffn_layers.1/Mul_1_output_0']
375	Conv	/text_encoder/attn_encoder/ffn_layers.1/conv_2/Conv	['/text_encoder/attn_encoder/ffn_layers.1/Mul_1_output_0', 'tts.ttl.text_encoder.attn_encoder.ffn_layers.1.conv_2.weight', 'tts.ttl.text_encoder.attn_encoder.ffn_layers.1.conv_2.bias']	['/text_encoder/attn_encoder/ffn_layers.1/conv_2/Conv_output_0']
376	Mul	/text_encoder/attn_encoder/ffn_layers.1/Mul_2	['/text_encoder/attn_encoder/ffn_layers.1/conv_2/Conv_output_0', 'text_mask']	['/text_encoder/attn_encoder/ffn_layers.1/Mul_2_output_0']
377	Add	/text_encoder/attn_encoder/Add_3	['/text_encoder/attn_encoder/norm_layers_1.1/Transpose_1_output_0', '/text_encoder/attn_encoder/ffn_layers.1/Mul_2_output_0']	['/text_encoder/attn_encoder/Add_3_output_0']
378	Transpose	/text_encoder/attn_encoder/norm_layers_2.1/Transpose	['/text_encoder/attn_encoder/Add_3_output_0']	['/text_encoder/attn_encoder/norm_layers_2.1/Transpose_output_0']
379	LayerNormalization	/text_encoder/attn_encoder/norm_layers_2.1/norm/LayerNormalization	['/text_encoder/attn_encoder/norm_layers_2.1/Transpose_output_0', 'tts.ttl.text_encoder.attn_encoder.norm_layers_2.1.norm.weight', 'tts.ttl.text_encoder.attn_encoder.norm_layers_2.1.norm.bias']	['/text_encoder/attn_encoder/norm_layers_2.1/norm/LayerNormalization_output_0']
380	Transpose	/text_encoder/attn_encoder/norm_layers_2.1/Transpose_1	['/text_encoder/attn_encoder/norm_layers_2.1/norm/LayerNormalization_output_0']	['/text_encoder/attn_encoder/norm_layers_2.1/Transpose_1_output_0']
381	Conv	/text_encoder/attn_encoder/attn_layers.2/conv_q/Conv	['/text_encoder/attn_encoder/norm_layers_2.1/Transpose_1_output_0', 'tts.ttl.text_encoder.attn_encoder.attn_layers.2.conv_q.weight', 'tts.ttl.text_encoder.attn_encoder.attn_layers.2.conv_q.bias']	['/text_encoder/attn_encoder/attn_layers.2/conv_q/Conv_output_0']
382	Conv	/text_encoder/attn_encoder/attn_layers.2/conv_k/Conv	['/text_encoder/attn_encoder/norm_layers_2.1/Transpose_1_output_0', 'tts.ttl.text_encoder.attn_encoder.attn_layers.2.conv_k.weight', 'tts.ttl.text_encoder.attn_encoder.attn_layers.2.conv_k.bias']	['/text_encoder/attn_encoder/attn_layers.2/conv_k/Conv_output_0']
383	Conv	/text_encoder/attn_encoder/attn_layers.2/conv_v/Conv	['/text_encoder/attn_encoder/norm_layers_2.1/Transpose_1_output_0', 'tts.ttl.text_encoder.attn_encoder.attn_layers.2.conv_v.weight', 'tts.ttl.text_encoder.attn_encoder.attn_layers.2.conv_v.bias']	['/text_encoder/attn_encoder/attn_layers.2/conv_v/Conv_output_0']
384	Shape	/text_encoder/attn_encoder/attn_layers.2/Shape	['/text_encoder/attn_encoder/attn_layers.2/conv_k/Conv_output_0']	['/text_encoder/attn_encoder/attn_layers.2/Shape_output_0']
385	Shape	/text_encoder/attn_encoder/attn_layers.2/Shape_3	['/text_encoder/attn_encoder/attn_layers.2/conv_q/Conv_output_0']	['/text_encoder/attn_encoder/attn_layers.2/Shape_3_output_0']
386	Gather	/text_encoder/attn_encoder/attn_layers.2/Gather	['/text_encoder/attn_encoder/attn_layers.2/Shape_output_0', '/text_encoder/attn_encoder/attn_layers.0/Constant_output_0']	['/text_encoder/attn_encoder/attn_layers.2/Gather_output_0']
387	Gather	/text_encoder/attn_encoder/attn_layers.2/Gather_2	['/text_encoder/attn_encoder/attn_layers.2/Shape_output_0', '/text_encoder/attn_encoder/attn_layers.0/Constant_2_output_0']	['/text_encoder/attn_encoder/attn_layers.2/Gather_2_output_0']
388	Gather	/text_encoder/attn_encoder/attn_layers.2/Gather_3	['/text_encoder/attn_encoder/attn_layers.2/Shape_3_output_0', '/text_encoder/attn_encoder/attn_layers.0/Constant_2_output_0']	['/text_encoder/attn_encoder/attn_layers.2/Gather_3_output_0']
389	Unsqueeze	/text_encoder/attn_encoder/attn_layers.2/Unsqueeze	['/text_encoder/attn_encoder/attn_layers.2/Gather_output_0', '/speech_prompted_text_encoder/attention1/Constant_10_output_0']	['/text_encoder/attn_encoder/attn_layers.2/Unsqueeze_output_0']
390	Unsqueeze	/text_encoder/attn_encoder/attn_layers.2/Unsqueeze_1	['/text_encoder/attn_encoder/attn_layers.2/Gather_3_output_0', '/speech_prompted_text_encoder/attention1/Constant_10_output_0']	['/text_encoder/attn_encoder/attn_layers.2/Unsqueeze_1_output_0']
391	Unsqueeze	/text_encoder/attn_encoder/attn_layers.2/Unsqueeze_3	['/text_encoder/attn_encoder/attn_layers.2/Gather_2_output_0', '/speech_prompted_text_encoder/attention1/Constant_10_output_0']	['/text_encoder/attn_encoder/attn_layers.2/Unsqueeze_3_output_0']
392	Sub	/text_encoder/attn_encoder/attn_layers.2/Sub	['/text_encoder/attn_encoder/attn_layers.2/Gather_2_output_0', '/text_encoder/attn_encoder/attn_layers.0/Constant_11_output_0']	['/text_encoder/attn_encoder/attn_layers.2/Sub_output_0']
393	Sub	/text_encoder/attn_encoder/attn_layers.2/Sub_1	['/text_encoder/attn_encoder/attn_layers.0/Constant_11_output_0', '/text_encoder/attn_encoder/attn_layers.2/Gather_2_output_0']	['/text_encoder/attn_encoder/attn_layers.2/Sub_1_output_0']
394	Mul	/text_encoder/attn_encoder/attn_layers.2/Mul	['/text_encoder/attn_encoder/attn_layers.2/Gather_2_output_0', '/text_encoder/attn_encoder/attn_layers.0/Constant_2_output_0']	['/text_encoder/attn_encoder/attn_layers.2/Mul_output_0']
395	Concat	/text_encoder/attn_encoder/attn_layers.2/Concat	['/text_encoder/attn_encoder/attn_layers.2/Unsqueeze_output_0', '/text_encoder/attn_encoder/attn_layers.0/Constant_4_output_0', '/text_encoder/attn_encoder/attn_layers.0/Constant_5_output_0', '/text_encoder/attn_encoder/attn_layers.2/Unsqueeze_1_output_0']	['/text_encoder/attn_encoder/attn_layers.2/Concat_output_0']
396	Concat	/text_encoder/attn_encoder/attn_layers.2/Concat_1	['/text_encoder/attn_encoder/attn_layers.2/Unsqueeze_output_0', '/text_encoder/attn_encoder/attn_layers.0/Constant_4_output_0', '/text_encoder/attn_encoder/attn_layers.0/Constant_5_output_0', '/text_encoder/attn_encoder/attn_layers.2/Unsqueeze_3_output_0']	['/text_encoder/attn_encoder/attn_layers.2/Concat_1_output_0']
397	Clip	/text_encoder/attn_encoder/attn_layers.2/Clip	['/text_encoder/attn_encoder/attn_layers.2/Sub_output_0', '/text_encoder/attn_encoder/attn_layers.0/Constant_output_0', '']	['/text_encoder/attn_encoder/attn_layers.2/Clip_output_0']
398	Clip	/text_encoder/attn_encoder/attn_layers.2/Clip_1	['/text_encoder/attn_encoder/attn_layers.2/Sub_1_output_0', '/text_encoder/attn_encoder/attn_layers.0/Constant_output_0', '']	['/text_encoder/attn_encoder/attn_layers.2/Clip_1_output_0']
399	Concat	/text_encoder/attn_encoder/attn_layers.2/Concat_23	['/text_encoder/attn_encoder/attn_layers.2/Unsqueeze_output_0', '/text_encoder/attn_encoder/attn_layers.0/Unsqueeze_43_output_0', '/text_encoder/attn_encoder/attn_layers.2/Unsqueeze_1_output_0']	['/text_encoder/attn_encoder/attn_layers.2/Concat_23_output_0']
400	Reshape	/text_encoder/attn_encoder/attn_layers.2/Reshape	['/text_encoder/attn_encoder/attn_layers.2/conv_q/Conv_output_0', '/text_encoder/attn_encoder/attn_layers.2/Concat_output_0']	['/text_encoder/attn_encoder/attn_layers.2/Reshape_output_0']
401	Reshape	/text_encoder/attn_encoder/attn_layers.2/Reshape_1	['/text_encoder/attn_encoder/attn_layers.2/conv_k/Conv_output_0', '/text_encoder/attn_encoder/attn_layers.2/Concat_1_output_0']	['/text_encoder/attn_encoder/attn_layers.2/Reshape_1_output_0']
402	Reshape	/text_encoder/attn_encoder/attn_layers.2/Reshape_2	['/text_encoder/attn_encoder/attn_layers.2/conv_v/Conv_output_0', '/text_encoder/attn_encoder/attn_layers.2/Concat_1_output_0']	['/text_encoder/attn_encoder/attn_layers.2/Reshape_2_output_0']
403	Add	/text_encoder/attn_encoder/attn_layers.2/Add	['/text_encoder/attn_encoder/attn_layers.2/Clip_1_output_0', '/text_encoder/attn_encoder/attn_layers.2/Mul_output_0']	['/text_encoder/attn_encoder/attn_layers.2/Add_output_0']
404	Unsqueeze	/text_encoder/attn_encoder/attn_layers.2/Unsqueeze_8	['/text_encoder/attn_encoder/attn_layers.2/Clip_output_0', '/speech_prompted_text_encoder/attention1/Constant_10_output_0']	['/text_encoder/attn_encoder/attn_layers.2/Unsqueeze_8_output_0']
405	Unsqueeze	/text_encoder/attn_encoder/attn_layers.2/Unsqueeze_14	['/text_encoder/attn_encoder/attn_layers.2/Clip_1_output_0', '/speech_prompted_text_encoder/attention1/Constant_10_output_0']	['/text_encoder/attn_encoder/attn_layers.2/Unsqueeze_14_output_0']
406	Transpose	/text_encoder/attn_encoder/attn_layers.2/Transpose	['/text_encoder/attn_encoder/attn_layers.2/Reshape_output_0']	['/text_encoder/attn_encoder/attn_layers.2/Transpose_output_0']
407	Transpose	/text_encoder/attn_encoder/attn_layers.2/Transpose_1	['/text_encoder/attn_encoder/attn_layers.2/Reshape_2_output_0']	['/text_encoder/attn_encoder/attn_layers.2/Transpose_1_output_0']
408	Sub	/text_encoder/attn_encoder/attn_layers.2/Sub_2	['/text_encoder/attn_encoder/attn_layers.2/Add_output_0', '/text_encoder/attn_encoder/attn_layers.0/Constant_16_output_0']	['/text_encoder/attn_encoder/attn_layers.2/Sub_2_output_0']
409	Concat	/text_encoder/attn_encoder/attn_layers.2/Concat_7	['/speech_prompted_text_encoder/attention1/Constant_10_output_0', '/speech_prompted_text_encoder/attention1/Constant_10_output_0', '/text_encoder/attn_encoder/attn_layers.2/Unsqueeze_8_output_0', '/text_encoder/attn_encoder/attn_layers.2/Unsqueeze_8_output_0', '/speech_prompted_text_encoder/attention1/Constant_10_output_0', '/speech_prompted_text_encoder/attention1/Constant_10_output_0']	['/text_encoder/attn_encoder/attn_layers.2/Concat_7_output_0']
410	Div	/text_encoder/attn_encoder/attn_layers.2/Div	['/text_encoder/attn_encoder/attn_layers.2/Transpose_output_0', '/text_encoder/attn_encoder/attn_layers.0/Constant_10_output_0']	['/text_encoder/attn_encoder/attn_layers.2/Div_output_0']
411	Unsqueeze	/text_encoder/attn_encoder/attn_layers.2/Unsqueeze_15	['/text_encoder/attn_encoder/attn_layers.2/Sub_2_output_0', '/speech_prompted_text_encoder/attention1/Constant_10_output_0']	['/text_encoder/attn_encoder/attn_layers.2/Unsqueeze_15_output_0']
412	Reshape	/text_encoder/attn_encoder/attn_layers.2/Reshape_3	['/text_encoder/attn_encoder/attn_layers.2/Concat_7_output_0', '/text_encoder/attn_encoder/attn_layers.0/Constant_35_output_0']	['/text_encoder/attn_encoder/attn_layers.2/Reshape_3_output_0']
413	MatMul	/text_encoder/attn_encoder/attn_layers.2/MatMul	['/text_encoder/attn_encoder/attn_layers.2/Div_output_0', '/text_encoder/attn_encoder/attn_layers.2/Reshape_1_output_0']	['/text_encoder/attn_encoder/attn_layers.2/MatMul_output_0']
414	Slice	/text_encoder/attn_encoder/attn_layers.2/Slice	['/text_encoder/attn_encoder/attn_layers.2/Reshape_3_output_0', '/text_encoder/attn_encoder/Constant_1_output_0', '/text_encoder/attn_encoder/attn_layers.0/Constant_38_output_0', '/speech_prompted_text_encoder/attention1/Constant_10_output_0', '/text_encoder/attn_encoder/Constant_1_output_0']	['/text_encoder/attn_encoder/attn_layers.2/Slice_output_0']
415	Transpose	/text_encoder/attn_encoder/attn_layers.2/Transpose_2	['/text_encoder/attn_encoder/attn_layers.2/Slice_output_0']	['/text_encoder/attn_encoder/attn_layers.2/Transpose_2_output_0']
416	Reshape	/text_encoder/attn_encoder/attn_layers.2/Reshape_4	['/text_encoder/attn_encoder/attn_layers.2/Transpose_2_output_0', '/text_encoder/attn_encoder/Constant_1_output_0']	['/text_encoder/attn_encoder/attn_layers.2/Cast_1_output_0']
417	Pad	/text_encoder/attn_encoder/attn_layers.2/Pad	['tts.ttl.text_encoder.attn_encoder.attn_layers.2.emb_rel_k', '/text_encoder/attn_encoder/attn_layers.2/Cast_1_output_0', '']	['/text_encoder/attn_encoder/attn_layers.2/Pad_output_0']
418	Pad	/text_encoder/attn_encoder/attn_layers.2/Pad_5	['tts.ttl.text_encoder.attn_encoder.attn_layers.2.emb_rel_v', '/text_encoder/attn_encoder/attn_layers.2/Cast_1_output_0', '']	['/text_encoder/attn_encoder/attn_layers.2/Pad_5_output_0']
419	Slice	/text_encoder/attn_encoder/attn_layers.2/Slice_1	['/text_encoder/attn_encoder/attn_layers.2/Pad_output_0', '/text_encoder/attn_encoder/attn_layers.2/Unsqueeze_14_output_0', '/text_encoder/attn_encoder/attn_layers.2/Unsqueeze_15_output_0', '/text_encoder/attn_encoder/attn_layers.0/Constant_41_output_0', '/text_encoder/attn_encoder/attn_layers.0/Constant_41_output_0']	['/text_encoder/attn_encoder/attn_layers.2/Slice_1_output_0']
420	Slice	/text_encoder/attn_encoder/attn_layers.2/Slice_10	['/text_encoder/attn_encoder/attn_layers.2/Pad_5_output_0', '/text_encoder/attn_encoder/attn_layers.2/Unsqueeze_14_output_0', '/text_encoder/attn_encoder/attn_layers.2/Unsqueeze_15_output_0', '/text_encoder/attn_encoder/attn_layers.0/Constant_41_output_0', '/text_encoder/attn_encoder/attn_layers.0/Constant_41_output_0']	['/text_encoder/attn_encoder/attn_layers.2/Slice_10_output_0']
421	Unsqueeze	/text_encoder/attn_encoder/attn_layers.2/Unsqueeze_16	['/text_encoder/attn_encoder/attn_layers.2/Slice_1_output_0', '/speech_prompted_text_encoder/attention1/Constant_10_output_0']	['/text_encoder/attn_encoder/attn_layers.2/Unsqueeze_16_output_0']
422	Unsqueeze	/text_encoder/attn_encoder/attn_layers.2/Unsqueeze_41	['/text_encoder/attn_encoder/attn_layers.2/Slice_10_output_0', '/speech_prompted_text_encoder/attention1/Constant_10_output_0']	['/text_encoder/attn_encoder/attn_layers.2/Unsqueeze_41_output_0']
423	Transpose	/text_encoder/attn_encoder/attn_layers.2/Transpose_3	['/text_encoder/attn_encoder/attn_layers.2/Unsqueeze_16_output_0']	['/text_encoder/attn_encoder/attn_layers.2/Transpose_3_output_0']
424	MatMul	/text_encoder/attn_encoder/attn_layers.2/MatMul_1	['/text_encoder/attn_encoder/attn_layers.2/Div_output_0', '/text_encoder/attn_encoder/attn_layers.2/Transpose_3_output_0']	['/text_encoder/attn_encoder/attn_layers.2/MatMul_1_output_0']
425	Shape	/text_encoder/attn_encoder/attn_layers.2/Shape_5	['/text_encoder/attn_encoder/attn_layers.2/MatMul_1_output_0']	['/text_encoder/attn_encoder/attn_layers.2/Shape_5_output_0']
426	Pad	/text_encoder/attn_encoder/attn_layers.2/Pad_1	['/text_encoder/attn_encoder/attn_layers.2/MatMul_1_output_0', '/text_encoder/attn_encoder/attn_layers.0/Cast_2_output_0', '']	['/text_encoder/attn_encoder/attn_layers.2/Pad_1_output_0']
427	Gather	/text_encoder/attn_encoder/attn_layers.2/Gather_5	['/text_encoder/attn_encoder/attn_layers.2/Shape_5_output_0', '/text_encoder/attn_encoder/attn_layers.0/Constant_output_0']	['/text_encoder/attn_encoder/attn_layers.2/Gather_5_output_0']
428	Gather	/text_encoder/attn_encoder/attn_layers.2/Gather_6	['/text_encoder/attn_encoder/attn_layers.2/Shape_5_output_0', '/text_encoder/attn_encoder/attn_layers.0/Constant_16_output_0']	['/text_encoder/attn_encoder/attn_layers.2/Gather_6_output_0']
429	Gather	/text_encoder/attn_encoder/attn_layers.2/Gather_7	['/text_encoder/attn_encoder/attn_layers.2/Shape_5_output_0', '/text_encoder/attn_encoder/attn_layers.0/Constant_2_output_0']	['/text_encoder/attn_encoder/attn_layers.2/Gather_7_output_0']
430	Mul	/text_encoder/attn_encoder/attn_layers.2/Mul_1	['/text_encoder/attn_encoder/attn_layers.2/Gather_7_output_0', '/text_encoder/attn_encoder/attn_layers.0/Constant_2_output_0']	['/text_encoder/attn_encoder/attn_layers.2/Mul_1_output_0']
431	Unsqueeze	/text_encoder/attn_encoder/attn_layers.2/Unsqueeze_17	['/text_encoder/attn_encoder/attn_layers.2/Gather_5_output_0', '/speech_prompted_text_encoder/attention1/Constant_10_output_0']	['/text_encoder/attn_encoder/attn_layers.2/Unsqueeze_17_output_0']
432	Unsqueeze	/text_encoder/attn_encoder/attn_layers.2/Unsqueeze_18	['/text_encoder/attn_encoder/attn_layers.2/Gather_6_output_0', '/speech_prompted_text_encoder/attention1/Constant_10_output_0']	['/text_encoder/attn_encoder/attn_layers.2/Unsqueeze_18_output_0']
433	Sub	/text_encoder/attn_encoder/attn_layers.2/Sub_4	['/text_encoder/attn_encoder/attn_layers.2/Gather_7_output_0', '/text_encoder/attn_encoder/attn_layers.0/Constant_16_output_0']	['/text_encoder/attn_encoder/attn_layers.2/Sub_4_output_0']
434	Add	/text_encoder/attn_encoder/attn_layers.2/Add_1	['/text_encoder/attn_encoder/attn_layers.2/Gather_7_output_0', '/text_encoder/attn_encoder/attn_layers.0/Constant_16_output_0']	['/text_encoder/attn_encoder/attn_layers.2/Add_1_output_0']
435	Unsqueeze	/text_encoder/attn_encoder/attn_layers.2/Unsqueeze_26	['/text_encoder/attn_encoder/attn_layers.2/Gather_7_output_0', '/speech_prompted_text_encoder/attention1/Constant_10_output_0']	['/text_encoder/attn_encoder/attn_layers.2/Unsqueeze_26_output_0']
436	Mul	/text_encoder/attn_encoder/attn_layers.2/Mul_2	['/text_encoder/attn_encoder/attn_layers.2/Mul_1_output_0', '/text_encoder/attn_encoder/attn_layers.2/Gather_7_output_0']	['/text_encoder/attn_encoder/attn_layers.2/Mul_2_output_0']
437	Unsqueeze	/text_encoder/attn_encoder/attn_layers.2/Unsqueeze_21	['/text_encoder/attn_encoder/attn_layers.2/Sub_4_output_0', '/speech_prompted_text_encoder/attention1/Constant_10_output_0']	['/text_encoder/attn_encoder/attn_layers.2/Unsqueeze_21_output_0']
438	Sub	/text_encoder/attn_encoder/attn_layers.2/Sub_6	['/text_encoder/attn_encoder/attn_layers.2/Mul_1_output_0', '/text_encoder/attn_encoder/attn_layers.0/Constant_16_output_0']	['/text_encoder/attn_encoder/attn_layers.2/Sub_6_output_0']
439	Unsqueeze	/text_encoder/attn_encoder/attn_layers.2/Unsqueeze_24	['/text_encoder/attn_encoder/attn_layers.2/Add_1_output_0', '/speech_prompted_text_encoder/attention1/Constant_10_output_0']	['/text_encoder/attn_encoder/attn_layers.2/Unsqueeze_24_output_0']
440	Unsqueeze	/text_encoder/attn_encoder/attn_layers.2/Unsqueeze_19	['/text_encoder/attn_encoder/attn_layers.2/Mul_2_output_0', '/speech_prompted_text_encoder/attention1/Constant_10_output_0']	['/text_encoder/attn_encoder/attn_layers.2/Unsqueeze_19_output_0']
441	Unsqueeze	/text_encoder/attn_encoder/attn_layers.2/Unsqueeze_25	['/text_encoder/attn_encoder/attn_layers.2/Sub_6_output_0', '/speech_prompted_text_encoder/attention1/Constant_10_output_0']	['/text_encoder/attn_encoder/attn_layers.2/Unsqueeze_25_output_0']
442	Concat	/text_encoder/attn_encoder/attn_layers.2/Concat_12	['/speech_prompted_text_encoder/attention1/Constant_10_output_0', '/text_encoder/attn_encoder/attn_layers.2/Unsqueeze_21_output_0', '/speech_prompted_text_encoder/attention1/Constant_10_output_0', '/speech_prompted_text_encoder/attention1/Constant_10_output_0', '/speech_prompted_text_encoder/attention1/Constant_10_output_0', '/speech_prompted_text_encoder/attention1/Constant_10_output_0']	['/text_encoder/attn_encoder/attn_layers.2/Concat_12_output_0']
443	Concat	/text_encoder/attn_encoder/attn_layers.2/Concat_9	['/text_encoder/attn_encoder/attn_layers.2/Unsqueeze_17_output_0', '/text_encoder/attn_encoder/attn_layers.2/Unsqueeze_18_output_0', '/text_encoder/attn_encoder/attn_layers.2/Unsqueeze_19_output_0']	['/text_encoder/attn_encoder/attn_layers.2/Concat_9_output_0']
444	Concat	/text_encoder/attn_encoder/attn_layers.2/Concat_13	['/text_encoder/attn_encoder/attn_layers.2/Unsqueeze_17_output_0', '/text_encoder/attn_encoder/attn_layers.2/Unsqueeze_18_output_0', '/text_encoder/attn_encoder/attn_layers.2/Unsqueeze_24_output_0', '/text_encoder/attn_encoder/attn_layers.2/Unsqueeze_25_output_0']	['/text_encoder/attn_encoder/attn_layers.2/Concat_13_output_0']
445	Reshape	/text_encoder/attn_encoder/attn_layers.2/Reshape_8	['/text_encoder/attn_encoder/attn_layers.2/Concat_12_output_0', '/text_encoder/attn_encoder/attn_layers.0/Constant_35_output_0']	['/text_encoder/attn_encoder/attn_layers.2/Reshape_8_output_0']
446	Reshape	/text_encoder/attn_encoder/attn_layers.2/Reshape_7	['/text_encoder/attn_encoder/attn_layers.2/Pad_1_output_0', '/text_encoder/attn_encoder/attn_layers.2/Concat_9_output_0']	['/text_encoder/attn_encoder/attn_layers.2/Reshape_7_output_0']
447	Slice	/text_encoder/attn_encoder/attn_layers.2/Slice_3	['/text_encoder/attn_encoder/attn_layers.2/Reshape_8_output_0', '/text_encoder/attn_encoder/Constant_1_output_0', '/text_encoder/attn_encoder/attn_layers.0/Constant_38_output_0', '/speech_prompted_text_encoder/attention1/Constant_10_output_0', '/text_encoder/attn_encoder/Constant_1_output_0']	['/text_encoder/attn_encoder/attn_layers.2/Slice_3_output_0']
448	Transpose	/text_encoder/attn_encoder/attn_layers.2/Transpose_5	['/text_encoder/attn_encoder/attn_layers.2/Slice_3_output_0']	['/text_encoder/attn_encoder/attn_layers.2/Transpose_5_output_0']
449	Reshape	/text_encoder/attn_encoder/attn_layers.2/Reshape_9	['/text_encoder/attn_encoder/attn_layers.2/Transpose_5_output_0', '/text_encoder/attn_encoder/Constant_1_output_0']	['/text_encoder/attn_encoder/attn_layers.2/Cast_4_output_0']
450	Pad	/text_encoder/attn_encoder/attn_layers.2/Pad_2	['/text_encoder/attn_encoder/attn_layers.2/Reshape_7_output_0', '/text_encoder/attn_encoder/attn_layers.2/Cast_4_output_0', '']	['/text_encoder/attn_encoder/attn_layers.2/Pad_2_output_0']
451	Reshape	/text_encoder/attn_encoder/attn_layers.2/Reshape_10	['/text_encoder/attn_encoder/attn_layers.2/Pad_2_output_0', '/text_encoder/attn_encoder/attn_layers.2/Concat_13_output_0']	['/text_encoder/attn_encoder/attn_layers.2/Reshape_10_output_0']
452	Slice	/text_encoder/attn_encoder/attn_layers.2/Slice_4	['/text_encoder/attn_encoder/attn_layers.2/Reshape_10_output_0', '/speech_prompted_text_encoder/attention1/Constant_10_output_0', '/text_encoder/attn_encoder/attn_layers.2/Unsqueeze_26_output_0', '/text_encoder/attn_encoder/Constant_output_0', '/text_encoder/attn_encoder/attn_layers.0/Constant_41_output_0']	['/text_encoder/attn_encoder/attn_layers.2/Slice_4_output_0']
453	Slice	/text_encoder/attn_encoder/attn_layers.2/Slice_5	['/text_encoder/attn_encoder/attn_layers.2/Slice_4_output_0', '/text_encoder/attn_encoder/attn_layers.2/Unsqueeze_21_output_0', '/text_encoder/attn_encoder/attn_layers.0/Constant_85_output_0', '/text_encoder/attn_encoder/attn_layers.0/Constant_83_output_0', '/text_encoder/attn_encoder/attn_layers.0/Constant_41_output_0']	['/text_encoder/attn_encoder/attn_layers.2/Slice_5_output_0']
454	Add	/text_encoder/attn_encoder/attn_layers.2/Add_2	['/text_encoder/attn_encoder/attn_layers.2/MatMul_output_0', '/text_encoder/attn_encoder/attn_layers.2/Slice_5_output_0']	['/text_encoder/attn_encoder/attn_layers.2/Add_2_output_0']
455	Where	/text_encoder/attn_encoder/attn_layers.2/Where	['/text_encoder/attn_encoder/attn_layers.3/Cast_5_output_0', '/text_encoder/attn_encoder/attn_layers.0/Constant_88_output_0', '/text_encoder/attn_encoder/attn_layers.2/Add_2_output_0']	['/text_encoder/attn_encoder/attn_layers.2/Where_output_0']
456	Softmax	/text_encoder/attn_encoder/attn_layers.2/Softmax	['/text_encoder/attn_encoder/attn_layers.2/Where_output_0']	['/text_encoder/attn_encoder/attn_layers.2/Softmax_output_0']
457	MatMul	/text_encoder/attn_encoder/attn_layers.2/MatMul_2	['/text_encoder/attn_encoder/attn_layers.2/Softmax_output_0', '/text_encoder/attn_encoder/attn_layers.2/Transpose_1_output_0']	['/text_encoder/attn_encoder/attn_layers.2/MatMul_2_output_0']
458	Shape	/text_encoder/attn_encoder/attn_layers.2/Shape_9	['/text_encoder/attn_encoder/attn_layers.2/Softmax_output_0']	['/text_encoder/attn_encoder/attn_layers.2/Shape_9_output_0']
459	Gather	/text_encoder/attn_encoder/attn_layers.2/Gather_9	['/text_encoder/attn_encoder/attn_layers.2/Shape_9_output_0', '/text_encoder/attn_encoder/attn_layers.0/Constant_output_0']	['/text_encoder/attn_encoder/attn_layers.2/Gather_9_output_0']
460	Gather	/text_encoder/attn_encoder/attn_layers.2/Gather_10	['/text_encoder/attn_encoder/attn_layers.2/Shape_9_output_0', '/text_encoder/attn_encoder/attn_layers.0/Constant_16_output_0']	['/text_encoder/attn_encoder/attn_layers.2/Gather_10_output_0']
461	Gather	/text_encoder/attn_encoder/attn_layers.2/Gather_11	['/text_encoder/attn_encoder/attn_layers.2/Shape_9_output_0', '/text_encoder/attn_encoder/attn_layers.0/Constant_2_output_0']	['/text_encoder/attn_encoder/attn_layers.2/Gather_11_output_0']
462	Sub	/text_encoder/attn_encoder/attn_layers.2/Sub_7	['/text_encoder/attn_encoder/attn_layers.2/Gather_11_output_0', '/text_encoder/attn_encoder/attn_layers.0/Constant_16_output_0']	['/text_encoder/attn_encoder/attn_layers.2/Sub_7_output_0']
463	Pow	/text_encoder/attn_encoder/attn_layers.2/Pow	['/text_encoder/attn_encoder/attn_layers.2/Gather_11_output_0', '/text_encoder/attn_encoder/attn_layers.0/Constant_2_output_0']	['/text_encoder/attn_encoder/attn_layers.2/Pow_output_0']
464	Unsqueeze	/text_encoder/attn_encoder/attn_layers.2/Unsqueeze_30	['/text_encoder/attn_encoder/attn_layers.2/Gather_9_output_0', '/speech_prompted_text_encoder/attention1/Constant_10_output_0']	['/text_encoder/attn_encoder/attn_layers.2/Unsqueeze_30_output_0']
465	Unsqueeze	/text_encoder/attn_encoder/attn_layers.2/Unsqueeze_31	['/text_encoder/attn_encoder/attn_layers.2/Gather_10_output_0', '/speech_prompted_text_encoder/attention1/Constant_10_output_0']	['/text_encoder/attn_encoder/attn_layers.2/Unsqueeze_31_output_0']
466	Unsqueeze	/text_encoder/attn_encoder/attn_layers.2/Unsqueeze_34	['/text_encoder/attn_encoder/attn_layers.2/Gather_11_output_0', '/speech_prompted_text_encoder/attention1/Constant_10_output_0']	['/text_encoder/attn_encoder/attn_layers.2/Unsqueeze_34_output_0']
467	Mul	/text_encoder/attn_encoder/attn_layers.2/Mul_4	['/text_encoder/attn_encoder/attn_layers.2/Gather_11_output_0', '/text_encoder/attn_encoder/attn_layers.0/Constant_2_output_0']	['/text_encoder/attn_encoder/attn_layers.2/Mul_4_output_0']
468	Unsqueeze	/text_encoder/attn_encoder/attn_layers.2/Unsqueeze_29	['/text_encoder/attn_encoder/attn_layers.2/Sub_7_output_0', '/speech_prompted_text_encoder/attention1/Constant_10_output_0']	['/text_encoder/attn_encoder/attn_layers.2/Unsqueeze_29_output_0']
469	Mul	/text_encoder/attn_encoder/attn_layers.2/Mul_3	['/text_encoder/attn_encoder/attn_layers.2/Gather_11_output_0', '/text_encoder/attn_encoder/attn_layers.2/Sub_7_output_0']	['/text_encoder/attn_encoder/attn_layers.2/Mul_3_output_0']
470	Unsqueeze	/text_encoder/attn_encoder/attn_layers.2/Unsqueeze_38	['/text_encoder/attn_encoder/attn_layers.2/Mul_4_output_0', '/speech_prompted_text_encoder/attention1/Constant_10_output_0']	['/text_encoder/attn_encoder/attn_layers.2/Unsqueeze_38_output_0']
471	Concat	/text_encoder/attn_encoder/attn_layers.2/Concat_20	['/text_encoder/attn_encoder/attn_layers.2/Unsqueeze_34_output_0', '/speech_prompted_text_encoder/attention1/Constant_10_output_0', '/speech_prompted_text_encoder/attention1/Constant_10_output_0', '/speech_prompted_text_encoder/attention1/Constant_10_output_0', '/speech_prompted_text_encoder/attention1/Constant_10_output_0', '/speech_prompted_text_encoder/attention1/Constant_10_output_0']	['/text_encoder/attn_encoder/attn_layers.2/Concat_20_output_0']
472	Add	/text_encoder/attn_encoder/attn_layers.2/Add_3	['/text_encoder/attn_encoder/attn_layers.2/Pow_output_0', '/text_encoder/attn_encoder/attn_layers.2/Mul_3_output_0']	['/text_encoder/attn_encoder/attn_layers.2/Add_3_output_0']
473	Concat	/text_encoder/attn_encoder/attn_layers.2/Concat_21	['/text_encoder/attn_encoder/attn_layers.2/Unsqueeze_30_output_0', '/text_encoder/attn_encoder/attn_layers.2/Unsqueeze_31_output_0', '/text_encoder/attn_encoder/attn_layers.2/Unsqueeze_34_output_0', '/text_encoder/attn_encoder/attn_layers.2/Unsqueeze_38_output_0']	['/text_encoder/attn_encoder/attn_layers.2/Concat_21_output_0']
474	Reshape	/text_encoder/attn_encoder/attn_layers.2/Reshape_14	['/text_encoder/attn_encoder/attn_layers.2/Concat_20_output_0', '/text_encoder/attn_encoder/attn_layers.0/Constant_35_output_0']	['/text_encoder/attn_encoder/attn_layers.2/Reshape_14_output_0']
475	Concat	/text_encoder/attn_encoder/attn_layers.2/Concat_16	['/speech_prompted_text_encoder/attention1/Constant_10_output_0', '/text_encoder/attn_encoder/attn_layers.2/Unsqueeze_29_output_0', '/speech_prompted_text_encoder/attention1/Constant_10_output_0', '/speech_prompted_text_encoder/attention1/Constant_10_output_0', '/speech_prompted_text_encoder/attention1/Constant_10_output_0', '/speech_prompted_text_encoder/attention1/Constant_10_output_0', '/speech_prompted_text_encoder/attention1/Constant_10_output_0', '/speech_prompted_text_encoder/attention1/Constant_10_output_0']	['/text_encoder/attn_encoder/attn_layers.2/Concat_16_output_0']
476	Unsqueeze	/text_encoder/attn_encoder/attn_layers.2/Unsqueeze_32	['/text_encoder/attn_encoder/attn_layers.2/Add_3_output_0', '/speech_prompted_text_encoder/attention1/Constant_10_output_0']	['/text_encoder/attn_encoder/attn_layers.2/Unsqueeze_32_output_0']
477	Reshape	/text_encoder/attn_encoder/attn_layers.2/Reshape_11	['/text_encoder/attn_encoder/attn_layers.2/Concat_16_output_0', '/text_encoder/attn_encoder/attn_layers.0/Constant_35_output_0']	['/text_encoder/attn_encoder/attn_layers.2/Reshape_11_output_0']
478	Slice	/text_encoder/attn_encoder/attn_layers.2/Slice_7	['/text_encoder/attn_encoder/attn_layers.2/Reshape_14_output_0', '/text_encoder/attn_encoder/Constant_1_output_0', '/text_encoder/attn_encoder/attn_layers.0/Constant_38_output_0', '/speech_prompted_text_encoder/attention1/Constant_10_output_0', '/text_encoder/attn_encoder/Constant_1_output_0']	['/text_encoder/attn_encoder/attn_layers.2/Slice_7_output_0']
479	Concat	/text_encoder/attn_encoder/attn_layers.2/Concat_17	['/text_encoder/attn_encoder/attn_layers.2/Unsqueeze_30_output_0', '/text_encoder/attn_encoder/attn_layers.2/Unsqueeze_31_output_0', '/text_encoder/attn_encoder/attn_layers.2/Unsqueeze_32_output_0']	['/text_encoder/attn_encoder/attn_layers.2/Concat_17_output_0']
480	Slice	/text_encoder/attn_encoder/attn_layers.2/Slice_6	['/text_encoder/attn_encoder/attn_layers.2/Reshape_11_output_0', '/text_encoder/attn_encoder/Constant_1_output_0', '/text_encoder/attn_encoder/attn_layers.0/Constant_38_output_0', '/speech_prompted_text_encoder/attention1/Constant_10_output_0', '/text_encoder/attn_encoder/Constant_1_output_0']	['/text_encoder/attn_encoder/attn_layers.2/Slice_6_output_0']
481	Transpose	/text_encoder/attn_encoder/attn_layers.2/Transpose_7	['/text_encoder/attn_encoder/attn_layers.2/Slice_7_output_0']	['/text_encoder/attn_encoder/attn_layers.2/Transpose_7_output_0']
482	Transpose	/text_encoder/attn_encoder/attn_layers.2/Transpose_6	['/text_encoder/attn_encoder/attn_layers.2/Slice_6_output_0']	['/text_encoder/attn_encoder/attn_layers.2/Transpose_6_output_0']
483	Reshape	/text_encoder/attn_encoder/attn_layers.2/Reshape_15	['/text_encoder/attn_encoder/attn_layers.2/Transpose_7_output_0', '/text_encoder/attn_encoder/Constant_1_output_0']	['/text_encoder/attn_encoder/attn_layers.2/Cast_9_output_0']
484	Reshape	/text_encoder/attn_encoder/attn_layers.2/Reshape_12	['/text_encoder/attn_encoder/attn_layers.2/Transpose_6_output_0', '/text_encoder/attn_encoder/Constant_1_output_0']	['/text_encoder/attn_encoder/attn_layers.2/Cast_7_output_0']
485	Pad	/text_encoder/attn_encoder/attn_layers.2/Pad_3	['/text_encoder/attn_encoder/attn_layers.2/Softmax_output_0', '/text_encoder/attn_encoder/attn_layers.2/Cast_7_output_0', '']	['/text_encoder/attn_encoder/attn_layers.2/Pad_3_output_0']
486	Reshape	/text_encoder/attn_encoder/attn_layers.2/Reshape_13	['/text_encoder/attn_encoder/attn_layers.2/Pad_3_output_0', '/text_encoder/attn_encoder/attn_layers.2/Concat_17_output_0']	['/text_encoder/attn_encoder/attn_layers.2/Reshape_13_output_0']
487	Pad	/text_encoder/attn_encoder/attn_layers.2/Pad_4	['/text_encoder/attn_encoder/attn_layers.2/Reshape_13_output_0', '/text_encoder/attn_encoder/attn_layers.2/Cast_9_output_0', '']	['/text_encoder/attn_encoder/attn_layers.2/Pad_4_output_0']
488	Reshape	/text_encoder/attn_encoder/attn_layers.2/Reshape_16	['/text_encoder/attn_encoder/attn_layers.2/Pad_4_output_0', '/text_encoder/attn_encoder/attn_layers.2/Concat_21_output_0']	['/text_encoder/attn_encoder/attn_layers.2/Reshape_16_output_0']
489	Slice	/text_encoder/attn_encoder/attn_layers.2/Slice_8	['/text_encoder/attn_encoder/attn_layers.2/Reshape_16_output_0', '/text_encoder/attn_encoder/attn_layers.0/Constant_41_output_0', '/text_encoder/attn_encoder/attn_layers.0/Constant_85_output_0', '/text_encoder/attn_encoder/attn_layers.0/Constant_83_output_0', '/text_encoder/attn_encoder/attn_layers.0/Constant_41_output_0']	['/text_encoder/attn_encoder/attn_layers.2/Slice_8_output_0']
490	MatMul	/text_encoder/attn_encoder/attn_layers.2/MatMul_3	['/text_encoder/attn_encoder/attn_layers.2/Slice_8_output_0', '/text_encoder/attn_encoder/attn_layers.2/Unsqueeze_41_output_0']	['/text_encoder/attn_encoder/attn_layers.2/MatMul_3_output_0']
491	Add	/text_encoder/attn_encoder/attn_layers.2/Add_4	['/text_encoder/attn_encoder/attn_layers.2/MatMul_2_output_0', '/text_encoder/attn_encoder/attn_layers.2/MatMul_3_output_0']	['/text_encoder/attn_encoder/attn_layers.2/Add_4_output_0']
492	Transpose	/text_encoder/attn_encoder/attn_layers.2/Transpose_9	['/text_encoder/attn_encoder/attn_layers.2/Add_4_output_0']	['/text_encoder/attn_encoder/attn_layers.2/Transpose_9_output_0']
493	Reshape	/text_encoder/attn_encoder/attn_layers.2/Reshape_19	['/text_encoder/attn_encoder/attn_layers.2/Transpose_9_output_0', '/text_encoder/attn_encoder/attn_layers.2/Concat_23_output_0']	['/text_encoder/attn_encoder/attn_layers.2/Reshape_19_output_0']
494	Conv	/text_encoder/attn_encoder/attn_layers.2/conv_o/Conv	['/text_encoder/attn_encoder/attn_layers.2/Reshape_19_output_0', 'tts.ttl.text_encoder.attn_encoder.attn_layers.2.conv_o.weight', 'tts.ttl.text_encoder.attn_encoder.attn_layers.2.conv_o.bias']	['/text_encoder/attn_encoder/attn_layers.2/conv_o/Conv_output_0']
495	Add	/text_encoder/attn_encoder/Add_4	['/text_encoder/attn_encoder/norm_layers_2.1/Transpose_1_output_0', '/text_encoder/attn_encoder/attn_layers.2/conv_o/Conv_output_0']	['/text_encoder/attn_encoder/Add_4_output_0']
496	Transpose	/text_encoder/attn_encoder/norm_layers_1.2/Transpose	['/text_encoder/attn_encoder/Add_4_output_0']	['/text_encoder/attn_encoder/norm_layers_1.2/Transpose_output_0']
497	LayerNormalization	/text_encoder/attn_encoder/norm_layers_1.2/norm/LayerNormalization	['/text_encoder/attn_encoder/norm_layers_1.2/Transpose_output_0', 'tts.ttl.text_encoder.attn_encoder.norm_layers_1.2.norm.weight', 'tts.ttl.text_encoder.attn_encoder.norm_layers_1.2.norm.bias']	['/text_encoder/attn_encoder/norm_layers_1.2/norm/LayerNormalization_output_0']
498	Transpose	/text_encoder/attn_encoder/norm_layers_1.2/Transpose_1	['/text_encoder/attn_encoder/norm_layers_1.2/norm/LayerNormalization_output_0']	['/text_encoder/attn_encoder/norm_layers_1.2/Transpose_1_output_0']
499	Mul	/text_encoder/attn_encoder/ffn_layers.2/Mul	['/text_encoder/attn_encoder/norm_layers_1.2/Transpose_1_output_0', 'text_mask']	['/text_encoder/attn_encoder/ffn_layers.2/Mul_output_0']
500	Conv	/text_encoder/attn_encoder/ffn_layers.2/conv_1/Conv	['/text_encoder/attn_encoder/ffn_layers.2/Mul_output_0', 'tts.ttl.text_encoder.attn_encoder.ffn_layers.2.conv_1.weight', 'tts.ttl.text_encoder.attn_encoder.ffn_layers.2.conv_1.bias']	['/text_encoder/attn_encoder/ffn_layers.2/conv_1/Conv_output_0']
501	Relu	/text_encoder/attn_encoder/ffn_layers.2/Relu	['/text_encoder/attn_encoder/ffn_layers.2/conv_1/Conv_output_0']	['/text_encoder/attn_encoder/ffn_layers.2/Relu_output_0']
502	Mul	/text_encoder/attn_encoder/ffn_layers.2/Mul_1	['/text_encoder/attn_encoder/ffn_layers.2/Relu_output_0', 'text_mask']	['/text_encoder/attn_encoder/ffn_layers.2/Mul_1_output_0']
503	Conv	/text_encoder/attn_encoder/ffn_layers.2/conv_2/Conv	['/text_encoder/attn_encoder/ffn_layers.2/Mul_1_output_0', 'tts.ttl.text_encoder.attn_encoder.ffn_layers.2.conv_2.weight', 'tts.ttl.text_encoder.attn_encoder.ffn_layers.2.conv_2.bias']	['/text_encoder/attn_encoder/ffn_layers.2/conv_2/Conv_output_0']
504	Mul	/text_encoder/attn_encoder/ffn_layers.2/Mul_2	['/text_encoder/attn_encoder/ffn_layers.2/conv_2/Conv_output_0', 'text_mask']	['/text_encoder/attn_encoder/ffn_layers.2/Mul_2_output_0']
505	Add	/text_encoder/attn_encoder/Add_5	['/text_encoder/attn_encoder/norm_layers_1.2/Transpose_1_output_0', '/text_encoder/attn_encoder/ffn_layers.2/Mul_2_output_0']	['/text_encoder/attn_encoder/Add_5_output_0']
506	Transpose	/text_encoder/attn_encoder/norm_layers_2.2/Transpose	['/text_encoder/attn_encoder/Add_5_output_0']	['/text_encoder/attn_encoder/norm_layers_2.2/Transpose_output_0']
507	LayerNormalization	/text_encoder/attn_encoder/norm_layers_2.2/norm/LayerNormalization	['/text_encoder/attn_encoder/norm_layers_2.2/Transpose_output_0', 'tts.ttl.text_encoder.attn_encoder.norm_layers_2.2.norm.weight', 'tts.ttl.text_encoder.attn_encoder.norm_layers_2.2.norm.bias']	['/text_encoder/attn_encoder/norm_layers_2.2/norm/LayerNormalization_output_0']
508	Transpose	/text_encoder/attn_encoder/norm_layers_2.2/Transpose_1	['/text_encoder/attn_encoder/norm_layers_2.2/norm/LayerNormalization_output_0']	['/text_encoder/attn_encoder/norm_layers_2.2/Transpose_1_output_0']
509	Conv	/text_encoder/attn_encoder/attn_layers.3/conv_q/Conv	['/text_encoder/attn_encoder/norm_layers_2.2/Transpose_1_output_0', 'tts.ttl.text_encoder.attn_encoder.attn_layers.3.conv_q.weight', 'tts.ttl.text_encoder.attn_encoder.attn_layers.3.conv_q.bias']	['/text_encoder/attn_encoder/attn_layers.3/conv_q/Conv_output_0']
510	Conv	/text_encoder/attn_encoder/attn_layers.3/conv_k/Conv	['/text_encoder/attn_encoder/norm_layers_2.2/Transpose_1_output_0', 'tts.ttl.text_encoder.attn_encoder.attn_layers.3.conv_k.weight', 'tts.ttl.text_encoder.attn_encoder.attn_layers.3.conv_k.bias']	['/text_encoder/attn_encoder/attn_layers.3/conv_k/Conv_output_0']
511	Conv	/text_encoder/attn_encoder/attn_layers.3/conv_v/Conv	['/text_encoder/attn_encoder/norm_layers_2.2/Transpose_1_output_0', 'tts.ttl.text_encoder.attn_encoder.attn_layers.3.conv_v.weight', 'tts.ttl.text_encoder.attn_encoder.attn_layers.3.conv_v.bias']	['/text_encoder/attn_encoder/attn_layers.3/conv_v/Conv_output_0']
512	Shape	/text_encoder/attn_encoder/attn_layers.3/Shape	['/text_encoder/attn_encoder/attn_layers.3/conv_k/Conv_output_0']	['/text_encoder/attn_encoder/attn_layers.3/Shape_output_0']
513	Shape	/text_encoder/attn_encoder/attn_layers.3/Shape_3	['/text_encoder/attn_encoder/attn_layers.3/conv_q/Conv_output_0']	['/text_encoder/attn_encoder/attn_layers.3/Shape_3_output_0']
514	Gather	/text_encoder/attn_encoder/attn_layers.3/Gather	['/text_encoder/attn_encoder/attn_layers.3/Shape_output_0', '/text_encoder/attn_encoder/attn_layers.0/Constant_output_0']	['/text_encoder/attn_encoder/attn_layers.3/Gather_output_0']
515	Gather	/text_encoder/attn_encoder/attn_layers.3/Gather_2	['/text_encoder/attn_encoder/attn_layers.3/Shape_output_0', '/text_encoder/attn_encoder/attn_layers.0/Constant_2_output_0']	['/text_encoder/attn_encoder/attn_layers.3/Gather_2_output_0']
516	Gather	/text_encoder/attn_encoder/attn_layers.3/Gather_3	['/text_encoder/attn_encoder/attn_layers.3/Shape_3_output_0', '/text_encoder/attn_encoder/attn_layers.0/Constant_2_output_0']	['/text_encoder/attn_encoder/attn_layers.3/Gather_3_output_0']
517	Unsqueeze	/text_encoder/attn_encoder/attn_layers.3/Unsqueeze	['/text_encoder/attn_encoder/attn_layers.3/Gather_output_0', '/speech_prompted_text_encoder/attention1/Constant_10_output_0']	['/text_encoder/attn_encoder/attn_layers.3/Unsqueeze_output_0']
518	Unsqueeze	/text_encoder/attn_encoder/attn_layers.3/Unsqueeze_1	['/text_encoder/attn_encoder/attn_layers.3/Gather_3_output_0', '/speech_prompted_text_encoder/attention1/Constant_10_output_0']	['/text_encoder/attn_encoder/attn_layers.3/Unsqueeze_1_output_0']
519	Unsqueeze	/text_encoder/attn_encoder/attn_layers.3/Unsqueeze_3	['/text_encoder/attn_encoder/attn_layers.3/Gather_2_output_0', '/speech_prompted_text_encoder/attention1/Constant_10_output_0']	['/text_encoder/attn_encoder/attn_layers.3/Unsqueeze_3_output_0']
520	Sub	/text_encoder/attn_encoder/attn_layers.3/Sub	['/text_encoder/attn_encoder/attn_layers.3/Gather_2_output_0', '/text_encoder/attn_encoder/attn_layers.0/Constant_11_output_0']	['/text_encoder/attn_encoder/attn_layers.3/Sub_output_0']
521	Sub	/text_encoder/attn_encoder/attn_layers.3/Sub_1	['/text_encoder/attn_encoder/attn_layers.0/Constant_11_output_0', '/text_encoder/attn_encoder/attn_layers.3/Gather_2_output_0']	['/text_encoder/attn_encoder/attn_layers.3/Sub_1_output_0']
522	Mul	/text_encoder/attn_encoder/attn_layers.3/Mul	['/text_encoder/attn_encoder/attn_layers.3/Gather_2_output_0', '/text_encoder/attn_encoder/attn_layers.0/Constant_2_output_0']	['/text_encoder/attn_encoder/attn_layers.3/Mul_output_0']
523	Concat	/text_encoder/attn_encoder/attn_layers.3/Concat	['/text_encoder/attn_encoder/attn_layers.3/Unsqueeze_output_0', '/text_encoder/attn_encoder/attn_layers.0/Constant_4_output_0', '/text_encoder/attn_encoder/attn_layers.0/Constant_5_output_0', '/text_encoder/attn_encoder/attn_layers.3/Unsqueeze_1_output_0']	['/text_encoder/attn_encoder/attn_layers.3/Concat_output_0']
524	Concat	/text_encoder/attn_encoder/attn_layers.3/Concat_1	['/text_encoder/attn_encoder/attn_layers.3/Unsqueeze_output_0', '/text_encoder/attn_encoder/attn_layers.0/Constant_4_output_0', '/text_encoder/attn_encoder/attn_layers.0/Constant_5_output_0', '/text_encoder/attn_encoder/attn_layers.3/Unsqueeze_3_output_0']	['/text_encoder/attn_encoder/attn_layers.3/Concat_1_output_0']
525	Clip	/text_encoder/attn_encoder/attn_layers.3/Clip	['/text_encoder/attn_encoder/attn_layers.3/Sub_output_0', '/text_encoder/attn_encoder/attn_layers.0/Constant_output_0', '']	['/text_encoder/attn_encoder/attn_layers.3/Clip_output_0']
526	Clip	/text_encoder/attn_encoder/attn_layers.3/Clip_1	['/text_encoder/attn_encoder/attn_layers.3/Sub_1_output_0', '/text_encoder/attn_encoder/attn_layers.0/Constant_output_0', '']	['/text_encoder/attn_encoder/attn_layers.3/Clip_1_output_0']
527	Concat	/text_encoder/attn_encoder/attn_layers.3/Concat_23	['/text_encoder/attn_encoder/attn_layers.3/Unsqueeze_output_0', '/text_encoder/attn_encoder/attn_layers.0/Unsqueeze_43_output_0', '/text_encoder/attn_encoder/attn_layers.3/Unsqueeze_1_output_0']	['/text_encoder/attn_encoder/attn_layers.3/Concat_23_output_0']
528	Reshape	/text_encoder/attn_encoder/attn_layers.3/Reshape	['/text_encoder/attn_encoder/attn_layers.3/conv_q/Conv_output_0', '/text_encoder/attn_encoder/attn_layers.3/Concat_output_0']	['/text_encoder/attn_encoder/attn_layers.3/Reshape_output_0']
529	Reshape	/text_encoder/attn_encoder/attn_layers.3/Reshape_1	['/text_encoder/attn_encoder/attn_layers.3/conv_k/Conv_output_0', '/text_encoder/attn_encoder/attn_layers.3/Concat_1_output_0']	['/text_encoder/attn_encoder/attn_layers.3/Reshape_1_output_0']
530	Reshape	/text_encoder/attn_encoder/attn_layers.3/Reshape_2	['/text_encoder/attn_encoder/attn_layers.3/conv_v/Conv_output_0', '/text_encoder/attn_encoder/attn_layers.3/Concat_1_output_0']	['/text_encoder/attn_encoder/attn_layers.3/Reshape_2_output_0']
531	Add	/text_encoder/attn_encoder/attn_layers.3/Add	['/text_encoder/attn_encoder/attn_layers.3/Clip_1_output_0', '/text_encoder/attn_encoder/attn_layers.3/Mul_output_0']	['/text_encoder/attn_encoder/attn_layers.3/Add_output_0']
532	Unsqueeze	/text_encoder/attn_encoder/attn_layers.3/Unsqueeze_8	['/text_encoder/attn_encoder/attn_layers.3/Clip_output_0', '/speech_prompted_text_encoder/attention1/Constant_10_output_0']	['/text_encoder/attn_encoder/attn_layers.3/Unsqueeze_8_output_0']
533	Unsqueeze	/text_encoder/attn_encoder/attn_layers.3/Unsqueeze_14	['/text_encoder/attn_encoder/attn_layers.3/Clip_1_output_0', '/speech_prompted_text_encoder/attention1/Constant_10_output_0']	['/text_encoder/attn_encoder/attn_layers.3/Unsqueeze_14_output_0']
534	Transpose	/text_encoder/attn_encoder/attn_layers.3/Transpose	['/text_encoder/attn_encoder/attn_layers.3/Reshape_output_0']	['/text_encoder/attn_encoder/attn_layers.3/Transpose_output_0']
535	Transpose	/text_encoder/attn_encoder/attn_layers.3/Transpose_1	['/text_encoder/attn_encoder/attn_layers.3/Reshape_2_output_0']	['/text_encoder/attn_encoder/attn_layers.3/Transpose_1_output_0']
536	Sub	/text_encoder/attn_encoder/attn_layers.3/Sub_2	['/text_encoder/attn_encoder/attn_layers.3/Add_output_0', '/text_encoder/attn_encoder/attn_layers.0/Constant_16_output_0']	['/text_encoder/attn_encoder/attn_layers.3/Sub_2_output_0']
537	Concat	/text_encoder/attn_encoder/attn_layers.3/Concat_7	['/speech_prompted_text_encoder/attention1/Constant_10_output_0', '/speech_prompted_text_encoder/attention1/Constant_10_output_0', '/text_encoder/attn_encoder/attn_layers.3/Unsqueeze_8_output_0', '/text_encoder/attn_encoder/attn_layers.3/Unsqueeze_8_output_0', '/speech_prompted_text_encoder/attention1/Constant_10_output_0', '/speech_prompted_text_encoder/attention1/Constant_10_output_0']	['/text_encoder/attn_encoder/attn_layers.3/Concat_7_output_0']
538	Div	/text_encoder/attn_encoder/attn_layers.3/Div	['/text_encoder/attn_encoder/attn_layers.3/Transpose_output_0', '/text_encoder/attn_encoder/attn_layers.0/Constant_10_output_0']	['/text_encoder/attn_encoder/attn_layers.3/Div_output_0']
539	Unsqueeze	/text_encoder/attn_encoder/attn_layers.3/Unsqueeze_15	['/text_encoder/attn_encoder/attn_layers.3/Sub_2_output_0', '/speech_prompted_text_encoder/attention1/Constant_10_output_0']	['/text_encoder/attn_encoder/attn_layers.3/Unsqueeze_15_output_0']
540	Reshape	/text_encoder/attn_encoder/attn_layers.3/Reshape_3	['/text_encoder/attn_encoder/attn_layers.3/Concat_7_output_0', '/text_encoder/attn_encoder/attn_layers.0/Constant_35_output_0']	['/text_encoder/attn_encoder/attn_layers.3/Reshape_3_output_0']
541	MatMul	/text_encoder/attn_encoder/attn_layers.3/MatMul	['/text_encoder/attn_encoder/attn_layers.3/Div_output_0', '/text_encoder/attn_encoder/attn_layers.3/Reshape_1_output_0']	['/text_encoder/attn_encoder/attn_layers.3/MatMul_output_0']
542	Slice	/text_encoder/attn_encoder/attn_layers.3/Slice	['/text_encoder/attn_encoder/attn_layers.3/Reshape_3_output_0', '/text_encoder/attn_encoder/Constant_1_output_0', '/text_encoder/attn_encoder/attn_layers.0/Constant_38_output_0', '/speech_prompted_text_encoder/attention1/Constant_10_output_0', '/text_encoder/attn_encoder/Constant_1_output_0']	['/text_encoder/attn_encoder/attn_layers.3/Slice_output_0']
543	Transpose	/text_encoder/attn_encoder/attn_layers.3/Transpose_2	['/text_encoder/attn_encoder/attn_layers.3/Slice_output_0']	['/text_encoder/attn_encoder/attn_layers.3/Transpose_2_output_0']
544	Reshape	/text_encoder/attn_encoder/attn_layers.3/Reshape_4	['/text_encoder/attn_encoder/attn_layers.3/Transpose_2_output_0', '/text_encoder/attn_encoder/Constant_1_output_0']	['/text_encoder/attn_encoder/attn_layers.3/Cast_1_output_0']
545	Pad	/text_encoder/attn_encoder/attn_layers.3/Pad	['tts.ttl.text_encoder.attn_encoder.attn_layers.3.emb_rel_k', '/text_encoder/attn_encoder/attn_layers.3/Cast_1_output_0', '']	['/text_encoder/attn_encoder/attn_layers.3/Pad_output_0']
546	Pad	/text_encoder/attn_encoder/attn_layers.3/Pad_5	['tts.ttl.text_encoder.attn_encoder.attn_layers.3.emb_rel_v', '/text_encoder/attn_encoder/attn_layers.3/Cast_1_output_0', '']	['/text_encoder/attn_encoder/attn_layers.3/Pad_5_output_0']
547	Slice	/text_encoder/attn_encoder/attn_layers.3/Slice_1	['/text_encoder/attn_encoder/attn_layers.3/Pad_output_0', '/text_encoder/attn_encoder/attn_layers.3/Unsqueeze_14_output_0', '/text_encoder/attn_encoder/attn_layers.3/Unsqueeze_15_output_0', '/text_encoder/attn_encoder/attn_layers.0/Constant_41_output_0', '/text_encoder/attn_encoder/attn_layers.0/Constant_41_output_0']	['/text_encoder/attn_encoder/attn_layers.3/Slice_1_output_0']
548	Slice	/text_encoder/attn_encoder/attn_layers.3/Slice_10	['/text_encoder/attn_encoder/attn_layers.3/Pad_5_output_0', '/text_encoder/attn_encoder/attn_layers.3/Unsqueeze_14_output_0', '/text_encoder/attn_encoder/attn_layers.3/Unsqueeze_15_output_0', '/text_encoder/attn_encoder/attn_layers.0/Constant_41_output_0', '/text_encoder/attn_encoder/attn_layers.0/Constant_41_output_0']	['/text_encoder/attn_encoder/attn_layers.3/Slice_10_output_0']
549	Unsqueeze	/text_encoder/attn_encoder/attn_layers.3/Unsqueeze_16	['/text_encoder/attn_encoder/attn_layers.3/Slice_1_output_0', '/speech_prompted_text_encoder/attention1/Constant_10_output_0']	['/text_encoder/attn_encoder/attn_layers.3/Unsqueeze_16_output_0']
550	Unsqueeze	/text_encoder/attn_encoder/attn_layers.3/Unsqueeze_41	['/text_encoder/attn_encoder/attn_layers.3/Slice_10_output_0', '/speech_prompted_text_encoder/attention1/Constant_10_output_0']	['/text_encoder/attn_encoder/attn_layers.3/Unsqueeze_41_output_0']
551	Transpose	/text_encoder/attn_encoder/attn_layers.3/Transpose_3	['/text_encoder/attn_encoder/attn_layers.3/Unsqueeze_16_output_0']	['/text_encoder/attn_encoder/attn_layers.3/Transpose_3_output_0']
552	MatMul	/text_encoder/attn_encoder/attn_layers.3/MatMul_1	['/text_encoder/attn_encoder/attn_layers.3/Div_output_0', '/text_encoder/attn_encoder/attn_layers.3/Transpose_3_output_0']	['/text_encoder/attn_encoder/attn_layers.3/MatMul_1_output_0']
553	Shape	/text_encoder/attn_encoder/attn_layers.3/Shape_5	['/text_encoder/attn_encoder/attn_layers.3/MatMul_1_output_0']	['/text_encoder/attn_encoder/attn_layers.3/Shape_5_output_0']
554	Pad	/text_encoder/attn_encoder/attn_layers.3/Pad_1	['/text_encoder/attn_encoder/attn_layers.3/MatMul_1_output_0', '/text_encoder/attn_encoder/attn_layers.0/Cast_2_output_0', '']	['/text_encoder/attn_encoder/attn_layers.3/Pad_1_output_0']
555	Gather	/text_encoder/attn_encoder/attn_layers.3/Gather_5	['/text_encoder/attn_encoder/attn_layers.3/Shape_5_output_0', '/text_encoder/attn_encoder/attn_layers.0/Constant_output_0']	['/text_encoder/attn_encoder/attn_layers.3/Gather_5_output_0']
556	Gather	/text_encoder/attn_encoder/attn_layers.3/Gather_6	['/text_encoder/attn_encoder/attn_layers.3/Shape_5_output_0', '/text_encoder/attn_encoder/attn_layers.0/Constant_16_output_0']	['/text_encoder/attn_encoder/attn_layers.3/Gather_6_output_0']
557	Gather	/text_encoder/attn_encoder/attn_layers.3/Gather_7	['/text_encoder/attn_encoder/attn_layers.3/Shape_5_output_0', '/text_encoder/attn_encoder/attn_layers.0/Constant_2_output_0']	['/text_encoder/attn_encoder/attn_layers.3/Gather_7_output_0']
558	Mul	/text_encoder/attn_encoder/attn_layers.3/Mul_1	['/text_encoder/attn_encoder/attn_layers.3/Gather_7_output_0', '/text_encoder/attn_encoder/attn_layers.0/Constant_2_output_0']	['/text_encoder/attn_encoder/attn_layers.3/Mul_1_output_0']
559	Unsqueeze	/text_encoder/attn_encoder/attn_layers.3/Unsqueeze_17	['/text_encoder/attn_encoder/attn_layers.3/Gather_5_output_0', '/speech_prompted_text_encoder/attention1/Constant_10_output_0']	['/text_encoder/attn_encoder/attn_layers.3/Unsqueeze_17_output_0']
560	Unsqueeze	/text_encoder/attn_encoder/attn_layers.3/Unsqueeze_18	['/text_encoder/attn_encoder/attn_layers.3/Gather_6_output_0', '/speech_prompted_text_encoder/attention1/Constant_10_output_0']	['/text_encoder/attn_encoder/attn_layers.3/Unsqueeze_18_output_0']
561	Sub	/text_encoder/attn_encoder/attn_layers.3/Sub_4	['/text_encoder/attn_encoder/attn_layers.3/Gather_7_output_0', '/text_encoder/attn_encoder/attn_layers.0/Constant_16_output_0']	['/text_encoder/attn_encoder/attn_layers.3/Sub_4_output_0']
562	Add	/text_encoder/attn_encoder/attn_layers.3/Add_1	['/text_encoder/attn_encoder/attn_layers.3/Gather_7_output_0', '/text_encoder/attn_encoder/attn_layers.0/Constant_16_output_0']	['/text_encoder/attn_encoder/attn_layers.3/Add_1_output_0']
563	Unsqueeze	/text_encoder/attn_encoder/attn_layers.3/Unsqueeze_26	['/text_encoder/attn_encoder/attn_layers.3/Gather_7_output_0', '/speech_prompted_text_encoder/attention1/Constant_10_output_0']	['/text_encoder/attn_encoder/attn_layers.3/Unsqueeze_26_output_0']
564	Mul	/text_encoder/attn_encoder/attn_layers.3/Mul_2	['/text_encoder/attn_encoder/attn_layers.3/Mul_1_output_0', '/text_encoder/attn_encoder/attn_layers.3/Gather_7_output_0']	['/text_encoder/attn_encoder/attn_layers.3/Mul_2_output_0']
565	Unsqueeze	/text_encoder/attn_encoder/attn_layers.3/Unsqueeze_21	['/text_encoder/attn_encoder/attn_layers.3/Sub_4_output_0', '/speech_prompted_text_encoder/attention1/Constant_10_output_0']	['/text_encoder/attn_encoder/attn_layers.3/Unsqueeze_21_output_0']
566	Sub	/text_encoder/attn_encoder/attn_layers.3/Sub_6	['/text_encoder/attn_encoder/attn_layers.3/Mul_1_output_0', '/text_encoder/attn_encoder/attn_layers.0/Constant_16_output_0']	['/text_encoder/attn_encoder/attn_layers.3/Sub_6_output_0']
567	Unsqueeze	/text_encoder/attn_encoder/attn_layers.3/Unsqueeze_24	['/text_encoder/attn_encoder/attn_layers.3/Add_1_output_0', '/speech_prompted_text_encoder/attention1/Constant_10_output_0']	['/text_encoder/attn_encoder/attn_layers.3/Unsqueeze_24_output_0']
568	Unsqueeze	/text_encoder/attn_encoder/attn_layers.3/Unsqueeze_19	['/text_encoder/attn_encoder/attn_layers.3/Mul_2_output_0', '/speech_prompted_text_encoder/attention1/Constant_10_output_0']	['/text_encoder/attn_encoder/attn_layers.3/Unsqueeze_19_output_0']
569	Unsqueeze	/text_encoder/attn_encoder/attn_layers.3/Unsqueeze_25	['/text_encoder/attn_encoder/attn_layers.3/Sub_6_output_0', '/speech_prompted_text_encoder/attention1/Constant_10_output_0']	['/text_encoder/attn_encoder/attn_layers.3/Unsqueeze_25_output_0']
570	Concat	/text_encoder/attn_encoder/attn_layers.3/Concat_12	['/speech_prompted_text_encoder/attention1/Constant_10_output_0', '/text_encoder/attn_encoder/attn_layers.3/Unsqueeze_21_output_0', '/speech_prompted_text_encoder/attention1/Constant_10_output_0', '/speech_prompted_text_encoder/attention1/Constant_10_output_0', '/speech_prompted_text_encoder/attention1/Constant_10_output_0', '/speech_prompted_text_encoder/attention1/Constant_10_output_0']	['/text_encoder/attn_encoder/attn_layers.3/Concat_12_output_0']
571	Concat	/text_encoder/attn_encoder/attn_layers.3/Concat_9	['/text_encoder/attn_encoder/attn_layers.3/Unsqueeze_17_output_0', '/text_encoder/attn_encoder/attn_layers.3/Unsqueeze_18_output_0', '/text_encoder/attn_encoder/attn_layers.3/Unsqueeze_19_output_0']	['/text_encoder/attn_encoder/attn_layers.3/Concat_9_output_0']
572	Concat	/text_encoder/attn_encoder/attn_layers.3/Concat_13	['/text_encoder/attn_encoder/attn_layers.3/Unsqueeze_17_output_0', '/text_encoder/attn_encoder/attn_layers.3/Unsqueeze_18_output_0', '/text_encoder/attn_encoder/attn_layers.3/Unsqueeze_24_output_0', '/text_encoder/attn_encoder/attn_layers.3/Unsqueeze_25_output_0']	['/text_encoder/attn_encoder/attn_layers.3/Concat_13_output_0']
573	Reshape	/text_encoder/attn_encoder/attn_layers.3/Reshape_8	['/text_encoder/attn_encoder/attn_layers.3/Concat_12_output_0', '/text_encoder/attn_encoder/attn_layers.0/Constant_35_output_0']	['/text_encoder/attn_encoder/attn_layers.3/Reshape_8_output_0']
574	Reshape	/text_encoder/attn_encoder/attn_layers.3/Reshape_7	['/text_encoder/attn_encoder/attn_layers.3/Pad_1_output_0', '/text_encoder/attn_encoder/attn_layers.3/Concat_9_output_0']	['/text_encoder/attn_encoder/attn_layers.3/Reshape_7_output_0']
575	Slice	/text_encoder/attn_encoder/attn_layers.3/Slice_3	['/text_encoder/attn_encoder/attn_layers.3/Reshape_8_output_0', '/text_encoder/attn_encoder/Constant_1_output_0', '/text_encoder/attn_encoder/attn_layers.0/Constant_38_output_0', '/speech_prompted_text_encoder/attention1/Constant_10_output_0', '/text_encoder/attn_encoder/Constant_1_output_0']	['/text_encoder/attn_encoder/attn_layers.3/Slice_3_output_0']
576	Transpose	/text_encoder/attn_encoder/attn_layers.3/Transpose_5	['/text_encoder/attn_encoder/attn_layers.3/Slice_3_output_0']	['/text_encoder/attn_encoder/attn_layers.3/Transpose_5_output_0']
577	Reshape	/text_encoder/attn_encoder/attn_layers.3/Reshape_9	['/text_encoder/attn_encoder/attn_layers.3/Transpose_5_output_0', '/text_encoder/attn_encoder/Constant_1_output_0']	['/text_encoder/attn_encoder/attn_layers.3/Cast_4_output_0']
578	Pad	/text_encoder/attn_encoder/attn_layers.3/Pad_2	['/text_encoder/attn_encoder/attn_layers.3/Reshape_7_output_0', '/text_encoder/attn_encoder/attn_layers.3/Cast_4_output_0', '']	['/text_encoder/attn_encoder/attn_layers.3/Pad_2_output_0']
579	Reshape	/text_encoder/attn_encoder/attn_layers.3/Reshape_10	['/text_encoder/attn_encoder/attn_layers.3/Pad_2_output_0', '/text_encoder/attn_encoder/attn_layers.3/Concat_13_output_0']	['/text_encoder/attn_encoder/attn_layers.3/Reshape_10_output_0']
580	Slice	/text_encoder/attn_encoder/attn_layers.3/Slice_4	['/text_encoder/attn_encoder/attn_layers.3/Reshape_10_output_0', '/speech_prompted_text_encoder/attention1/Constant_10_output_0', '/text_encoder/attn_encoder/attn_layers.3/Unsqueeze_26_output_0', '/text_encoder/attn_encoder/Constant_output_0', '/text_encoder/attn_encoder/attn_layers.0/Constant_41_output_0']	['/text_encoder/attn_encoder/attn_layers.3/Slice_4_output_0']
581	Slice	/text_encoder/attn_encoder/attn_layers.3/Slice_5	['/text_encoder/attn_encoder/attn_layers.3/Slice_4_output_0', '/text_encoder/attn_encoder/attn_layers.3/Unsqueeze_21_output_0', '/text_encoder/attn_encoder/attn_layers.0/Constant_85_output_0', '/text_encoder/attn_encoder/attn_layers.0/Constant_83_output_0', '/text_encoder/attn_encoder/attn_layers.0/Constant_41_output_0']	['/text_encoder/attn_encoder/attn_layers.3/Slice_5_output_0']
582	Add	/text_encoder/attn_encoder/attn_layers.3/Add_2	['/text_encoder/attn_encoder/attn_layers.3/MatMul_output_0', '/text_encoder/attn_encoder/attn_layers.3/Slice_5_output_0']	['/text_encoder/attn_encoder/attn_layers.3/Add_2_output_0']
583	Where	/text_encoder/attn_encoder/attn_layers.3/Where	['/text_encoder/attn_encoder/attn_layers.3/Cast_5_output_0', '/text_encoder/attn_encoder/attn_layers.0/Constant_88_output_0', '/text_encoder/attn_encoder/attn_layers.3/Add_2_output_0']	['/text_encoder/attn_encoder/attn_layers.3/Where_output_0']
584	Softmax	/text_encoder/attn_encoder/attn_layers.3/Softmax	['/text_encoder/attn_encoder/attn_layers.3/Where_output_0']	['/text_encoder/attn_encoder/attn_layers.3/Softmax_output_0']
585	MatMul	/text_encoder/attn_encoder/attn_layers.3/MatMul_2	['/text_encoder/attn_encoder/attn_layers.3/Softmax_output_0', '/text_encoder/attn_encoder/attn_layers.3/Transpose_1_output_0']	['/text_encoder/attn_encoder/attn_layers.3/MatMul_2_output_0']
586	Shape	/text_encoder/attn_encoder/attn_layers.3/Shape_9	['/text_encoder/attn_encoder/attn_layers.3/Softmax_output_0']	['/text_encoder/attn_encoder/attn_layers.3/Shape_9_output_0']
587	Gather	/text_encoder/attn_encoder/attn_layers.3/Gather_9	['/text_encoder/attn_encoder/attn_layers.3/Shape_9_output_0', '/text_encoder/attn_encoder/attn_layers.0/Constant_output_0']	['/text_encoder/attn_encoder/attn_layers.3/Gather_9_output_0']
588	Gather	/text_encoder/attn_encoder/attn_layers.3/Gather_10	['/text_encoder/attn_encoder/attn_layers.3/Shape_9_output_0', '/text_encoder/attn_encoder/attn_layers.0/Constant_16_output_0']	['/text_encoder/attn_encoder/attn_layers.3/Gather_10_output_0']
589	Gather	/text_encoder/attn_encoder/attn_layers.3/Gather_11	['/text_encoder/attn_encoder/attn_layers.3/Shape_9_output_0', '/text_encoder/attn_encoder/attn_layers.0/Constant_2_output_0']	['/text_encoder/attn_encoder/attn_layers.3/Gather_11_output_0']
590	Sub	/text_encoder/attn_encoder/attn_layers.3/Sub_7	['/text_encoder/attn_encoder/attn_layers.3/Gather_11_output_0', '/text_encoder/attn_encoder/attn_layers.0/Constant_16_output_0']	['/text_encoder/attn_encoder/attn_layers.3/Sub_7_output_0']
591	Pow	/text_encoder/attn_encoder/attn_layers.3/Pow	['/text_encoder/attn_encoder/attn_layers.3/Gather_11_output_0', '/text_encoder/attn_encoder/attn_layers.0/Constant_2_output_0']	['/text_encoder/attn_encoder/attn_layers.3/Pow_output_0']
592	Unsqueeze	/text_encoder/attn_encoder/attn_layers.3/Unsqueeze_30	['/text_encoder/attn_encoder/attn_layers.3/Gather_9_output_0', '/speech_prompted_text_encoder/attention1/Constant_10_output_0']	['/text_encoder/attn_encoder/attn_layers.3/Unsqueeze_30_output_0']
593	Unsqueeze	/text_encoder/attn_encoder/attn_layers.3/Unsqueeze_31	['/text_encoder/attn_encoder/attn_layers.3/Gather_10_output_0', '/speech_prompted_text_encoder/attention1/Constant_10_output_0']	['/text_encoder/attn_encoder/attn_layers.3/Unsqueeze_31_output_0']
594	Unsqueeze	/text_encoder/attn_encoder/attn_layers.3/Unsqueeze_34	['/text_encoder/attn_encoder/attn_layers.3/Gather_11_output_0', '/speech_prompted_text_encoder/attention1/Constant_10_output_0']	['/text_encoder/attn_encoder/attn_layers.3/Unsqueeze_34_output_0']
595	Mul	/text_encoder/attn_encoder/attn_layers.3/Mul_4	['/text_encoder/attn_encoder/attn_layers.3/Gather_11_output_0', '/text_encoder/attn_encoder/attn_layers.0/Constant_2_output_0']	['/text_encoder/attn_encoder/attn_layers.3/Mul_4_output_0']
596	Unsqueeze	/text_encoder/attn_encoder/attn_layers.3/Unsqueeze_29	['/text_encoder/attn_encoder/attn_layers.3/Sub_7_output_0', '/speech_prompted_text_encoder/attention1/Constant_10_output_0']	['/text_encoder/attn_encoder/attn_layers.3/Unsqueeze_29_output_0']
597	Mul	/text_encoder/attn_encoder/attn_layers.3/Mul_3	['/text_encoder/attn_encoder/attn_layers.3/Gather_11_output_0', '/text_encoder/attn_encoder/attn_layers.3/Sub_7_output_0']	['/text_encoder/attn_encoder/attn_layers.3/Mul_3_output_0']
598	Unsqueeze	/text_encoder/attn_encoder/attn_layers.3/Unsqueeze_38	['/text_encoder/attn_encoder/attn_layers.3/Mul_4_output_0', '/speech_prompted_text_encoder/attention1/Constant_10_output_0']	['/text_encoder/attn_encoder/attn_layers.3/Unsqueeze_38_output_0']
599	Concat	/text_encoder/attn_encoder/attn_layers.3/Concat_20	['/text_encoder/attn_encoder/attn_layers.3/Unsqueeze_34_output_0', '/speech_prompted_text_encoder/attention1/Constant_10_output_0', '/speech_prompted_text_encoder/attention1/Constant_10_output_0', '/speech_prompted_text_encoder/attention1/Constant_10_output_0', '/speech_prompted_text_encoder/attention1/Constant_10_output_0', '/speech_prompted_text_encoder/attention1/Constant_10_output_0']	['/text_encoder/attn_encoder/attn_layers.3/Concat_20_output_0']
600	Add	/text_encoder/attn_encoder/attn_layers.3/Add_3	['/text_encoder/attn_encoder/attn_layers.3/Pow_output_0', '/text_encoder/attn_encoder/attn_layers.3/Mul_3_output_0']	['/text_encoder/attn_encoder/attn_layers.3/Add_3_output_0']
601	Concat	/text_encoder/attn_encoder/attn_layers.3/Concat_21	['/text_encoder/attn_encoder/attn_layers.3/Unsqueeze_30_output_0', '/text_encoder/attn_encoder/attn_layers.3/Unsqueeze_31_output_0', '/text_encoder/attn_encoder/attn_layers.3/Unsqueeze_34_output_0', '/text_encoder/attn_encoder/attn_layers.3/Unsqueeze_38_output_0']	['/text_encoder/attn_encoder/attn_layers.3/Concat_21_output_0']
602	Reshape	/text_encoder/attn_encoder/attn_layers.3/Reshape_14	['/text_encoder/attn_encoder/attn_layers.3/Concat_20_output_0', '/text_encoder/attn_encoder/attn_layers.0/Constant_35_output_0']	['/text_encoder/attn_encoder/attn_layers.3/Reshape_14_output_0']
603	Concat	/text_encoder/attn_encoder/attn_layers.3/Concat_16	['/speech_prompted_text_encoder/attention1/Constant_10_output_0', '/text_encoder/attn_encoder/attn_layers.3/Unsqueeze_29_output_0', '/speech_prompted_text_encoder/attention1/Constant_10_output_0', '/speech_prompted_text_encoder/attention1/Constant_10_output_0', '/speech_prompted_text_encoder/attention1/Constant_10_output_0', '/speech_prompted_text_encoder/attention1/Constant_10_output_0', '/speech_prompted_text_encoder/attention1/Constant_10_output_0', '/speech_prompted_text_encoder/attention1/Constant_10_output_0']	['/text_encoder/attn_encoder/attn_layers.3/Concat_16_output_0']
604	Unsqueeze	/text_encoder/attn_encoder/attn_layers.3/Unsqueeze_32	['/text_encoder/attn_encoder/attn_layers.3/Add_3_output_0', '/speech_prompted_text_encoder/attention1/Constant_10_output_0']	['/text_encoder/attn_encoder/attn_layers.3/Unsqueeze_32_output_0']
605	Reshape	/text_encoder/attn_encoder/attn_layers.3/Reshape_11	['/text_encoder/attn_encoder/attn_layers.3/Concat_16_output_0', '/text_encoder/attn_encoder/attn_layers.0/Constant_35_output_0']	['/text_encoder/attn_encoder/attn_layers.3/Reshape_11_output_0']
606	Slice	/text_encoder/attn_encoder/attn_layers.3/Slice_7	['/text_encoder/attn_encoder/attn_layers.3/Reshape_14_output_0', '/text_encoder/attn_encoder/Constant_1_output_0', '/text_encoder/attn_encoder/attn_layers.0/Constant_38_output_0', '/speech_prompted_text_encoder/attention1/Constant_10_output_0', '/text_encoder/attn_encoder/Constant_1_output_0']	['/text_encoder/attn_encoder/attn_layers.3/Slice_7_output_0']
607	Concat	/text_encoder/attn_encoder/attn_layers.3/Concat_17	['/text_encoder/attn_encoder/attn_layers.3/Unsqueeze_30_output_0', '/text_encoder/attn_encoder/attn_layers.3/Unsqueeze_31_output_0', '/text_encoder/attn_encoder/attn_layers.3/Unsqueeze_32_output_0']	['/text_encoder/attn_encoder/attn_layers.3/Concat_17_output_0']
608	Slice	/text_encoder/attn_encoder/attn_layers.3/Slice_6	['/text_encoder/attn_encoder/attn_layers.3/Reshape_11_output_0', '/text_encoder/attn_encoder/Constant_1_output_0', '/text_encoder/attn_encoder/attn_layers.0/Constant_38_output_0', '/speech_prompted_text_encoder/attention1/Constant_10_output_0', '/text_encoder/attn_encoder/Constant_1_output_0']	['/text_encoder/attn_encoder/attn_layers.3/Slice_6_output_0']
609	Transpose	/text_encoder/attn_encoder/attn_layers.3/Transpose_7	['/text_encoder/attn_encoder/attn_layers.3/Slice_7_output_0']	['/text_encoder/attn_encoder/attn_layers.3/Transpose_7_output_0']
610	Transpose	/text_encoder/attn_encoder/attn_layers.3/Transpose_6	['/text_encoder/attn_encoder/attn_layers.3/Slice_6_output_0']	['/text_encoder/attn_encoder/attn_layers.3/Transpose_6_output_0']
611	Reshape	/text_encoder/attn_encoder/attn_layers.3/Reshape_15	['/text_encoder/attn_encoder/attn_layers.3/Transpose_7_output_0', '/text_encoder/attn_encoder/Constant_1_output_0']	['/text_encoder/attn_encoder/attn_layers.3/Cast_9_output_0']
612	Reshape	/text_encoder/attn_encoder/attn_layers.3/Reshape_12	['/text_encoder/attn_encoder/attn_layers.3/Transpose_6_output_0', '/text_encoder/attn_encoder/Constant_1_output_0']	['/text_encoder/attn_encoder/attn_layers.3/Cast_7_output_0']
613	Pad	/text_encoder/attn_encoder/attn_layers.3/Pad_3	['/text_encoder/attn_encoder/attn_layers.3/Softmax_output_0', '/text_encoder/attn_encoder/attn_layers.3/Cast_7_output_0', '']	['/text_encoder/attn_encoder/attn_layers.3/Pad_3_output_0']
614	Reshape	/text_encoder/attn_encoder/attn_layers.3/Reshape_13	['/text_encoder/attn_encoder/attn_layers.3/Pad_3_output_0', '/text_encoder/attn_encoder/attn_layers.3/Concat_17_output_0']	['/text_encoder/attn_encoder/attn_layers.3/Reshape_13_output_0']
615	Pad	/text_encoder/attn_encoder/attn_layers.3/Pad_4	['/text_encoder/attn_encoder/attn_layers.3/Reshape_13_output_0', '/text_encoder/attn_encoder/attn_layers.3/Cast_9_output_0', '']	['/text_encoder/attn_encoder/attn_layers.3/Pad_4_output_0']
616	Reshape	/text_encoder/attn_encoder/attn_layers.3/Reshape_16	['/text_encoder/attn_encoder/attn_layers.3/Pad_4_output_0', '/text_encoder/attn_encoder/attn_layers.3/Concat_21_output_0']	['/text_encoder/attn_encoder/attn_layers.3/Reshape_16_output_0']
617	Slice	/text_encoder/attn_encoder/attn_layers.3/Slice_8	['/text_encoder/attn_encoder/attn_layers.3/Reshape_16_output_0', '/text_encoder/attn_encoder/attn_layers.0/Constant_41_output_0', '/text_encoder/attn_encoder/attn_layers.0/Constant_85_output_0', '/text_encoder/attn_encoder/attn_layers.0/Constant_83_output_0', '/text_encoder/attn_encoder/attn_layers.0/Constant_41_output_0']	['/text_encoder/attn_encoder/attn_layers.3/Slice_8_output_0']
618	MatMul	/text_encoder/attn_encoder/attn_layers.3/MatMul_3	['/text_encoder/attn_encoder/attn_layers.3/Slice_8_output_0', '/text_encoder/attn_encoder/attn_layers.3/Unsqueeze_41_output_0']	['/text_encoder/attn_encoder/attn_layers.3/MatMul_3_output_0']
619	Add	/text_encoder/attn_encoder/attn_layers.3/Add_4	['/text_encoder/attn_encoder/attn_layers.3/MatMul_2_output_0', '/text_encoder/attn_encoder/attn_layers.3/MatMul_3_output_0']	['/text_encoder/attn_encoder/attn_layers.3/Add_4_output_0']
620	Transpose	/text_encoder/attn_encoder/attn_layers.3/Transpose_9	['/text_encoder/attn_encoder/attn_layers.3/Add_4_output_0']	['/text_encoder/attn_encoder/attn_layers.3/Transpose_9_output_0']
621	Reshape	/text_encoder/attn_encoder/attn_layers.3/Reshape_19	['/text_encoder/attn_encoder/attn_layers.3/Transpose_9_output_0', '/text_encoder/attn_encoder/attn_layers.3/Concat_23_output_0']	['/text_encoder/attn_encoder/attn_layers.3/Reshape_19_output_0']
622	Conv	/text_encoder/attn_encoder/attn_layers.3/conv_o/Conv	['/text_encoder/attn_encoder/attn_layers.3/Reshape_19_output_0', 'tts.ttl.text_encoder.attn_encoder.attn_layers.3.conv_o.weight', 'tts.ttl.text_encoder.attn_encoder.attn_layers.3.conv_o.bias']	['/text_encoder/attn_encoder/attn_layers.3/conv_o/Conv_output_0']
623	Add	/text_encoder/attn_encoder/Add_6	['/text_encoder/attn_encoder/norm_layers_2.2/Transpose_1_output_0', '/text_encoder/attn_encoder/attn_layers.3/conv_o/Conv_output_0']	['/text_encoder/attn_encoder/Add_6_output_0']
624	Transpose	/text_encoder/attn_encoder/norm_layers_1.3/Transpose	['/text_encoder/attn_encoder/Add_6_output_0']	['/text_encoder/attn_encoder/norm_layers_1.3/Transpose_output_0']
625	LayerNormalization	/text_encoder/attn_encoder/norm_layers_1.3/norm/LayerNormalization	['/text_encoder/attn_encoder/norm_layers_1.3/Transpose_output_0', 'tts.ttl.text_encoder.attn_encoder.norm_layers_1.3.norm.weight', 'tts.ttl.text_encoder.attn_encoder.norm_layers_1.3.norm.bias']	['/text_encoder/attn_encoder/norm_layers_1.3/norm/LayerNormalization_output_0']
626	Transpose	/text_encoder/attn_encoder/norm_layers_1.3/Transpose_1	['/text_encoder/attn_encoder/norm_layers_1.3/norm/LayerNormalization_output_0']	['/text_encoder/attn_encoder/norm_layers_1.3/Transpose_1_output_0']
627	Mul	/text_encoder/attn_encoder/ffn_layers.3/Mul	['/text_encoder/attn_encoder/norm_layers_1.3/Transpose_1_output_0', 'text_mask']	['/text_encoder/attn_encoder/ffn_layers.3/Mul_output_0']
628	Conv	/text_encoder/attn_encoder/ffn_layers.3/conv_1/Conv	['/text_encoder/attn_encoder/ffn_layers.3/Mul_output_0', 'tts.ttl.text_encoder.attn_encoder.ffn_layers.3.conv_1.weight', 'tts.ttl.text_encoder.attn_encoder.ffn_layers.3.conv_1.bias']	['/text_encoder/attn_encoder/ffn_layers.3/conv_1/Conv_output_0']
629	Relu	/text_encoder/attn_encoder/ffn_layers.3/Relu	['/text_encoder/attn_encoder/ffn_layers.3/conv_1/Conv_output_0']	['/text_encoder/attn_encoder/ffn_layers.3/Relu_output_0']
630	Mul	/text_encoder/attn_encoder/ffn_layers.3/Mul_1	['/text_encoder/attn_encoder/ffn_layers.3/Relu_output_0', 'text_mask']	['/text_encoder/attn_encoder/ffn_layers.3/Mul_1_output_0']
631	Conv	/text_encoder/attn_encoder/ffn_layers.3/conv_2/Conv	['/text_encoder/attn_encoder/ffn_layers.3/Mul_1_output_0', 'tts.ttl.text_encoder.attn_encoder.ffn_layers.3.conv_2.weight', 'tts.ttl.text_encoder.attn_encoder.ffn_layers.3.conv_2.bias']	['/text_encoder/attn_encoder/ffn_layers.3/conv_2/Conv_output_0']
632	Mul	/text_encoder/attn_encoder/ffn_layers.3/Mul_2	['/text_encoder/attn_encoder/ffn_layers.3/conv_2/Conv_output_0', 'text_mask']	['/text_encoder/attn_encoder/ffn_layers.3/Mul_2_output_0']
633	Add	/text_encoder/attn_encoder/Add_7	['/text_encoder/attn_encoder/norm_layers_1.3/Transpose_1_output_0', '/text_encoder/attn_encoder/ffn_layers.3/Mul_2_output_0']	['/text_encoder/attn_encoder/Add_7_output_0']
634	Transpose	/text_encoder/attn_encoder/norm_layers_2.3/Transpose	['/text_encoder/attn_encoder/Add_7_output_0']	['/text_encoder/attn_encoder/norm_layers_2.3/Transpose_output_0']
635	LayerNormalization	/text_encoder/attn_encoder/norm_layers_2.3/norm/LayerNormalization	['/text_encoder/attn_encoder/norm_layers_2.3/Transpose_output_0', 'tts.ttl.text_encoder.attn_encoder.norm_layers_2.3.norm.weight', 'tts.ttl.text_encoder.attn_encoder.norm_layers_2.3.norm.bias']	['/text_encoder/attn_encoder/norm_layers_2.3/norm/LayerNormalization_output_0']
636	Transpose	/text_encoder/attn_encoder/norm_layers_2.3/Transpose_1	['/text_encoder/attn_encoder/norm_layers_2.3/norm/LayerNormalization_output_0']	['/text_encoder/attn_encoder/norm_layers_2.3/Transpose_1_output_0']
637	Mul	/text_encoder/attn_encoder/Mul_2	['/text_encoder/attn_encoder/norm_layers_2.3/Transpose_1_output_0', 'text_mask']	['/text_encoder/attn_encoder/Mul_2_output_0']
638	Add	/text_encoder/Add	['/text_encoder/attn_encoder/Mul_2_output_0', '/text_encoder/convnext/convnext.5/Mul_3_output_0']	['/text_encoder/Add_output_0']
639	Mul	/text_encoder/proj_out/Mul	['/text_encoder/Add_output_0', 'text_mask']	['/text_encoder/proj_out/Mul_output_0']
640	Transpose	/speech_prompted_text_encoder/Transpose	['/text_encoder/proj_out/Mul_output_0']	['/speech_prompted_text_encoder/Transpose_output_0']
641	MatMul	/speech_prompted_text_encoder/attention1/W_query/linear/MatMul	['/speech_prompted_text_encoder/Transpose_output_0', 'onnx::MatMul_3678']	['/speech_prompted_text_encoder/attention1/W_query/linear/MatMul_output_0']
642	Add	/speech_prompted_text_encoder/attention1/W_query/linear/Add	['tts.ttl.speech_prompted_text_encoder.attention1.W_query.linear.bias', '/speech_prompted_text_encoder/attention1/W_query/linear/MatMul_output_0']	['/speech_prompted_text_encoder/attention1/W_query/linear/Add_output_0']
643	Split	/speech_prompted_text_encoder/attention1/Split	['/speech_prompted_text_encoder/attention1/W_query/linear/Add_output_0', '/speech_prompted_text_encoder/attention1/Constant_6_output_0']	['/speech_prompted_text_encoder/attention1/Split_output_0', '/speech_prompted_text_encoder/attention1/Split_output_1']
644	Unsqueeze	/speech_prompted_text_encoder/attention1/Unsqueeze	['/speech_prompted_text_encoder/attention1/Split_output_0', '/speech_prompted_text_encoder/attention1/Constant_10_output_0']	['/speech_prompted_text_encoder/attention1/Unsqueeze_output_0']
645	Unsqueeze	/speech_prompted_text_encoder/attention1/Unsqueeze_1	['/speech_prompted_text_encoder/attention1/Split_output_1', '/speech_prompted_text_encoder/attention1/Constant_10_output_0']	['/speech_prompted_text_encoder/attention1/Unsqueeze_1_output_0']
646	Concat	/speech_prompted_text_encoder/attention1/Concat	['/speech_prompted_text_encoder/attention1/Unsqueeze_output_0', '/speech_prompted_text_encoder/attention1/Unsqueeze_1_output_0']	['/speech_prompted_text_encoder/attention1/Concat_output_0']
647	MatMul	/speech_prompted_text_encoder/attention1/MatMul	['/speech_prompted_text_encoder/attention1/Concat_output_0', '/speech_prompted_text_encoder/attention1/tanh/Tanh_output_0']	['/speech_prompted_text_encoder/attention1/MatMul_output_0']
648	Div	/speech_prompted_text_encoder/attention1/Div	['/speech_prompted_text_encoder/attention1/MatMul_output_0', '/speech_prompted_text_encoder/attention1/Constant_9_output_0']	['/speech_prompted_text_encoder/attention1/Div_output_0']
649	Softmax	/speech_prompted_text_encoder/attention1/Softmax	['/speech_prompted_text_encoder/attention1/Div_output_0']	['/speech_prompted_text_encoder/attention1/Softmax_output_0']
650	Where	/speech_prompted_text_encoder/attention1/Where	['/speech_prompted_text_encoder/attention2/Cast_output_0', '/speech_prompted_text_encoder/attention1/Constant_11_output_0', '/speech_prompted_text_encoder/attention1/Softmax_output_0']	['/speech_prompted_text_encoder/attention1/Where_output_0']
651	MatMul	/speech_prompted_text_encoder/attention1/MatMul_1	['/speech_prompted_text_encoder/attention1/Where_output_0', '/speech_prompted_text_encoder/attention1/Concat_2_output_0']	['/speech_prompted_text_encoder/attention1/MatMul_1_output_0']
652	Split	/speech_prompted_text_encoder/attention1/Split_3	['/speech_prompted_text_encoder/attention1/MatMul_1_output_0', '/speech_prompted_text_encoder/attention1/Constant_13_output_0']	['/speech_prompted_text_encoder/attention1/Split_3_output_0', '/speech_prompted_text_encoder/attention1/Split_3_output_1']
653	Concat	/speech_prompted_text_encoder/attention1/Concat_3	['/speech_prompted_text_encoder/attention1/Split_3_output_0', '/speech_prompted_text_encoder/attention1/Split_3_output_1']	['/speech_prompted_text_encoder/attention1/Concat_3_output_0']
654	Squeeze	/speech_prompted_text_encoder/attention1/Squeeze	['/speech_prompted_text_encoder/attention1/Concat_3_output_0', '/speech_prompted_text_encoder/attention1/Constant_10_output_0']	['/speech_prompted_text_encoder/attention1/Squeeze_output_0']
655	MatMul	/speech_prompted_text_encoder/attention1/out_fc/linear/MatMul	['/speech_prompted_text_encoder/attention1/Squeeze_output_0', 'onnx::MatMul_3681']	['/speech_prompted_text_encoder/attention1/out_fc/linear/MatMul_output_0']
656	Add	/speech_prompted_text_encoder/attention1/out_fc/linear/Add	['tts.ttl.speech_prompted_text_encoder.attention1.out_fc.linear.bias', '/speech_prompted_text_encoder/attention1/out_fc/linear/MatMul_output_0']	['/speech_prompted_text_encoder/attention1/out_fc/linear/Add_output_0']
657	Mul	/speech_prompted_text_encoder/attention1/Mul	['/speech_prompted_text_encoder/attention1/out_fc/linear/Add_output_0', '/speech_prompted_text_encoder/Transpose_1_output_0']	['/speech_prompted_text_encoder/attention1/Mul_output_0']
658	Add	/speech_prompted_text_encoder/Add	['/speech_prompted_text_encoder/attention1/Mul_output_0', '/speech_prompted_text_encoder/Transpose_output_0']	['/speech_prompted_text_encoder/Add_output_0']
659	MatMul	/speech_prompted_text_encoder/attention2/W_query/linear/MatMul	['/speech_prompted_text_encoder/Add_output_0', 'onnx::MatMul_3682']	['/speech_prompted_text_encoder/attention2/W_query/linear/MatMul_output_0']
660	Add	/speech_prompted_text_encoder/attention2/W_query/linear/Add	['tts.ttl.speech_prompted_text_encoder.attention2.W_query.linear.bias', '/speech_prompted_text_encoder/attention2/W_query/linear/MatMul_output_0']	['/speech_prompted_text_encoder/attention2/W_query/linear/Add_output_0']
661	Split	/speech_prompted_text_encoder/attention2/Split	['/speech_prompted_text_encoder/attention2/W_query/linear/Add_output_0', '/speech_prompted_text_encoder/attention1/Constant_6_output_0']	['/speech_prompted_text_encoder/attention2/Split_output_0', '/speech_prompted_text_encoder/attention2/Split_output_1']
662	Unsqueeze	/speech_prompted_text_encoder/attention2/Unsqueeze	['/speech_prompted_text_encoder/attention2/Split_output_0', '/speech_prompted_text_encoder/attention1/Constant_10_output_0']	['/speech_prompted_text_encoder/attention2/Unsqueeze_output_0']
663	Unsqueeze	/speech_prompted_text_encoder/attention2/Unsqueeze_1	['/speech_prompted_text_encoder/attention2/Split_output_1', '/speech_prompted_text_encoder/attention1/Constant_10_output_0']	['/speech_prompted_text_encoder/attention2/Unsqueeze_1_output_0']
664	Concat	/speech_prompted_text_encoder/attention2/Concat	['/speech_prompted_text_encoder/attention2/Unsqueeze_output_0', '/speech_prompted_text_encoder/attention2/Unsqueeze_1_output_0']	['/speech_prompted_text_encoder/attention2/Concat_output_0']
665	MatMul	/speech_prompted_text_encoder/attention2/MatMul	['/speech_prompted_text_encoder/attention2/Concat_output_0', '/speech_prompted_text_encoder/attention2/tanh/Tanh_output_0']	['/speech_prompted_text_encoder/attention2/MatMul_output_0']
666	Div	/speech_prompted_text_encoder/attention2/Div	['/speech_prompted_text_encoder/attention2/MatMul_output_0', '/speech_prompted_text_encoder/attention1/Constant_9_output_0']	['/speech_prompted_text_encoder/attention2/Div_output_0']
667	Softmax	/speech_prompted_text_encoder/attention2/Softmax	['/speech_prompted_text_encoder/attention2/Div_output_0']	['/speech_prompted_text_encoder/attention2/Softmax_output_0']
668	Where	/speech_prompted_text_encoder/attention2/Where	['/speech_prompted_text_encoder/attention2/Cast_output_0', '/speech_prompted_text_encoder/attention1/Constant_11_output_0', '/speech_prompted_text_encoder/attention2/Softmax_output_0']	['/speech_prompted_text_encoder/attention2/Where_output_0']
669	MatMul	/speech_prompted_text_encoder/attention2/MatMul_1	['/speech_prompted_text_encoder/attention2/Where_output_0', '/speech_prompted_text_encoder/attention2/Concat_2_output_0']	['/speech_prompted_text_encoder/attention2/MatMul_1_output_0']
670	Split	/speech_prompted_text_encoder/attention2/Split_3	['/speech_prompted_text_encoder/attention2/MatMul_1_output_0', '/speech_prompted_text_encoder/attention1/Constant_13_output_0']	['/speech_prompted_text_encoder/attention2/Split_3_output_0', '/speech_prompted_text_encoder/attention2/Split_3_output_1']
671	Concat	/speech_prompted_text_encoder/attention2/Concat_3	['/speech_prompted_text_encoder/attention2/Split_3_output_0', '/speech_prompted_text_encoder/attention2/Split_3_output_1']	['/speech_prompted_text_encoder/attention2/Concat_3_output_0']
672	Squeeze	/speech_prompted_text_encoder/attention2/Squeeze	['/speech_prompted_text_encoder/attention2/Concat_3_output_0', '/speech_prompted_text_encoder/attention1/Constant_10_output_0']	['/speech_prompted_text_encoder/attention2/Squeeze_output_0']
673	MatMul	/speech_prompted_text_encoder/attention2/out_fc/linear/MatMul	['/speech_prompted_text_encoder/attention2/Squeeze_output_0', 'onnx::MatMul_3685']	['/speech_prompted_text_encoder/attention2/out_fc/linear/MatMul_output_0']
674	Add	/speech_prompted_text_encoder/attention2/out_fc/linear/Add	['tts.ttl.speech_prompted_text_encoder.attention2.out_fc.linear.bias', '/speech_prompted_text_encoder/attention2/out_fc/linear/MatMul_output_0']	['/speech_prompted_text_encoder/attention2/out_fc/linear/Add_output_0']
675	Mul	/speech_prompted_text_encoder/attention2/Mul	['/speech_prompted_text_encoder/attention2/out_fc/linear/Add_output_0', '/speech_prompted_text_encoder/Transpose_1_output_0']	['/speech_prompted_text_encoder/attention2/Mul_output_0']
676	Add	/speech_prompted_text_encoder/Add_1	['/speech_prompted_text_encoder/attention2/Mul_output_0', '/speech_prompted_text_encoder/Transpose_output_0']	['/speech_prompted_text_encoder/Add_1_output_0']
677	LayerNormalization	/speech_prompted_text_encoder/norm/norm/LayerNormalization	['/speech_prompted_text_encoder/Add_1_output_0', 'tts.ttl.speech_prompted_text_encoder.norm.norm.weight', 'tts.ttl.speech_prompted_text_encoder.norm.norm.bias']	['/speech_prompted_text_encoder/norm/norm/LayerNormalization_output_0']
678	Transpose	/speech_prompted_text_encoder/norm/Transpose	['/speech_prompted_text_encoder/norm/norm/LayerNormalization_output_0']	['/speech_prompted_text_encoder/norm/Transpose_output_0']
679	Mul	/speech_prompted_text_encoder/Mul	['/speech_prompted_text_encoder/norm/Transpose_output_0', 'text_mask']	['text_emb']