idx	op_type	name	inputs	outputs
0	Shape	/Shape	['noisy_latent']	['/Shape_output_0']
1	Conv	/vector_field/proj_in/net/Conv	['noisy_latent', 'tts.ttl.vector_field.proj_in.net.weight']	['/vector_field/proj_in/net/Conv_output_0']
2	Transpose	/vector_field/main_blocks.3/Transpose_1	['text_emb']	['/vector_field/main_blocks.3/Transpose_1_output_0']
3	Transpose	/vector_field/main_blocks.3/Transpose_2	['latent_mask']	['/vector_field/main_blocks.3/Transpose_2_output_0']
4	Transpose	/vector_field/main_blocks.3/Transpose_3	['text_mask']	['/vector_field/main_blocks.3/Transpose_3_output_0']
5	MatMul	/vector_field/main_blocks.5/attention/W_value/linear/MatMul	['style_ttl', 'onnx::MatMul_3118']	['/vector_field/main_blocks.5/attention/W_value/linear/MatMul_output_0']
6	MatMul	/vector_field/main_blocks.11/attention/W_value/linear/MatMul	['style_ttl', 'onnx::MatMul_3163']	['/vector_field/main_blocks.11/attention/W_value/linear/MatMul_output_0']
7	MatMul	/vector_field/main_blocks.17/attention/W_value/linear/MatMul	['style_ttl', 'onnx::MatMul_3208']	['/vector_field/main_blocks.17/attention/W_value/linear/MatMul_output_0']
8	MatMul	/vector_field/main_blocks.23/attention/W_value/linear/MatMul	['style_ttl', 'onnx::MatMul_3253']	['/vector_field/main_blocks.23/attention/W_value/linear/MatMul_output_0']
9	Reshape	/Reshape	['total_step', '/Constant_output_0']	['/Reshape_output_0']
10	Reshape	/Reshape_1	['current_step', '/Constant_output_0']	['/Reshape_1_output_0']
11	Gather	/Gather	['/Shape_output_0', '/Constant_2_output_0']	['/Gather_output_0']
12	Mul	/vector_field/proj_in/Mul	['/vector_field/proj_in/net/Conv_output_0', 'latent_mask']	['/vector_field/proj_in/Mul_output_0']
13	MatMul	/vector_field/main_blocks.3/attn/W_key/linear/MatMul	['/vector_field/main_blocks.3/Transpose_1_output_0', 'onnx::MatMul_3102']	['/vector_field/main_blocks.3/attn/W_key/linear/MatMul_output_0']
14	MatMul	/vector_field/main_blocks.3/attn/W_value/linear/MatMul	['/vector_field/main_blocks.3/Transpose_1_output_0', 'onnx::MatMul_3103']	['/vector_field/main_blocks.3/attn/W_value/linear/MatMul_output_0']
15	ReduceSum	/vector_field/main_blocks.3/attn/ReduceSum	['/vector_field/main_blocks.3/Transpose_2_output_0', 'onnx::ReduceSum_1279']	['/vector_field/main_blocks.3/attn/ReduceSum_output_0']
16	ReduceSum	/vector_field/main_blocks.3/attn/ReduceSum_1	['/vector_field/main_blocks.3/Transpose_3_output_0', 'onnx::ReduceSum_1279']	['/vector_field/main_blocks.3/attn/ReduceSum_1_output_0']
17	Shape	/vector_field/main_blocks.3/attn/Shape	['/vector_field/main_blocks.3/Transpose_2_output_0']	['/vector_field/main_blocks.3/attn/Shape_output_0']
18	Shape	/vector_field/main_blocks.3/attn/Shape_1	['/vector_field/main_blocks.3/Transpose_3_output_0']	['/vector_field/main_blocks.3/attn/Shape_1_output_0']
19	Unsqueeze	/vector_field/main_blocks.3/attn/Unsqueeze_14	['/vector_field/main_blocks.3/Transpose_3_output_0', '/vector_field/main_blocks.3/attn/Constant_40_output_0']	['/vector_field/main_blocks.3/attn/Unsqueeze_14_output_0']
20	Unsqueeze	/vector_field/main_blocks.3/attn/Unsqueeze_15	['/vector_field/main_blocks.3/Transpose_2_output_0', '/vector_field/main_blocks.3/attn/Constant_40_output_0']	['/vector_field/main_blocks.3/attn/Unsqueeze_15_output_0']
21	Add	/vector_field/main_blocks.5/attention/W_value/linear/Add	['tts.ttl.vector_field.main_blocks.5.attention.W_value.linear.bias', '/vector_field/main_blocks.5/attention/W_value/linear/MatMul_output_0']	['/vector_field/main_blocks.5/attention/W_value/linear/Add_output_0']
22	MatMul	/vector_field/main_blocks.9/attn/W_key/linear/MatMul	['/vector_field/main_blocks.3/Transpose_1_output_0', 'onnx::MatMul_3147']	['/vector_field/main_blocks.9/attn/W_key/linear/MatMul_output_0']
23	MatMul	/vector_field/main_blocks.9/attn/W_value/linear/MatMul	['/vector_field/main_blocks.3/Transpose_1_output_0', 'onnx::MatMul_3148']	['/vector_field/main_blocks.9/attn/W_value/linear/MatMul_output_0']
24	Add	/vector_field/main_blocks.11/attention/W_value/linear/Add	['tts.ttl.vector_field.main_blocks.11.attention.W_value.linear.bias', '/vector_field/main_blocks.11/attention/W_value/linear/MatMul_output_0']	['/vector_field/main_blocks.11/attention/W_value/linear/Add_output_0']
25	MatMul	/vector_field/main_blocks.15/attn/W_key/linear/MatMul	['/vector_field/main_blocks.3/Transpose_1_output_0', 'onnx::MatMul_3192']	['/vector_field/main_blocks.15/attn/W_key/linear/MatMul_output_0']
26	MatMul	/vector_field/main_blocks.15/attn/W_value/linear/MatMul	['/vector_field/main_blocks.3/Transpose_1_output_0', 'onnx::MatMul_3193']	['/vector_field/main_blocks.15/attn/W_value/linear/MatMul_output_0']
27	Add	/vector_field/main_blocks.17/attention/W_value/linear/Add	['tts.ttl.vector_field.main_blocks.17.attention.W_value.linear.bias', '/vector_field/main_blocks.17/attention/W_value/linear/MatMul_output_0']	['/vector_field/main_blocks.17/attention/W_value/linear/Add_output_0']
28	MatMul	/vector_field/main_blocks.21/attn/W_key/linear/MatMul	['/vector_field/main_blocks.3/Transpose_1_output_0', 'onnx::MatMul_3237']	['/vector_field/main_blocks.21/attn/W_key/linear/MatMul_output_0']
29	MatMul	/vector_field/main_blocks.21/attn/W_value/linear/MatMul	['/vector_field/main_blocks.3/Transpose_1_output_0', 'onnx::MatMul_3238']	['/vector_field/main_blocks.21/attn/W_value/linear/MatMul_output_0']
30	Add	/vector_field/main_blocks.23/attention/W_value/linear/Add	['tts.ttl.vector_field.main_blocks.23.attention.W_value.linear.bias', '/vector_field/main_blocks.23/attention/W_value/linear/MatMul_output_0']	['/vector_field/main_blocks.23/attention/W_value/linear/Add_output_0']
31	Div	/Div	['/Reshape_1_output_0', '/Reshape_output_0']	['/Div_output_0']
32	Reciprocal	/Reciprocal	['/Reshape_output_0']	['/Reciprocal_output_0']
33	Unsqueeze	/Unsqueeze_1	['/Gather_output_0', '/vector_field/main_blocks.3/attn/Constant_40_output_0']	['/Unsqueeze_1_output_0']
34	Mul	/vector_field/main_blocks.0/convnext.0/Mul	['/vector_field/proj_in/Mul_output_0', 'latent_mask']	['/vector_field/main_blocks.0/convnext.0/Mul_output_0']
35	Add	/vector_field/main_blocks.3/attn/W_key/linear/Add	['tts.ttl.vector_field.main_blocks.3.attn.W_key.linear.bias', '/vector_field/main_blocks.3/attn/W_key/linear/MatMul_output_0']	['/vector_field/main_blocks.3/attn/W_key/linear/Add_output_0']
36	Add	/vector_field/main_blocks.3/attn/W_value/linear/Add	['tts.ttl.vector_field.main_blocks.3.attn.W_value.linear.bias', '/vector_field/main_blocks.3/attn/W_value/linear/MatMul_output_0']	['/vector_field/main_blocks.3/attn/W_value/linear/Add_output_0']
37	Gather	/vector_field/main_blocks.3/attn/Gather	['/vector_field/main_blocks.3/attn/Shape_output_0', '/vector_field/main_blocks.3/attn/Constant_15_output_0']	['/vector_field/main_blocks.3/attn/Gather_output_0']
38	Gather	/vector_field/main_blocks.3/attn/Gather_1	['/vector_field/main_blocks.3/attn/Shape_1_output_0', '/vector_field/main_blocks.3/attn/Constant_15_output_0']	['/vector_field/main_blocks.3/attn/Gather_1_output_0']
39	Reshape	/vector_field/main_blocks.3/attn/Reshape	['/vector_field/main_blocks.3/attn/ReduceSum_output_0', '/Constant_output_0']	['/vector_field/main_blocks.3/attn/Reshape_output_0']
40	Reshape	/vector_field/main_blocks.3/attn/Reshape_1	['/vector_field/main_blocks.3/attn/ReduceSum_1_output_0', '/Constant_output_0']	['/vector_field/main_blocks.3/attn/Reshape_1_output_0']
41	Transpose	/vector_field/main_blocks.3/attn/Transpose_1	['/vector_field/main_blocks.3/attn/Unsqueeze_14_output_0']	['/vector_field/main_blocks.3/attn/Transpose_1_output_0']
42	Equal	/vector_field/main_blocks.3/attn/Equal_1	['/vector_field/main_blocks.3/attn/Unsqueeze_15_output_0', '/vector_field/main_blocks.3/attn/Constant_44_output_0']	['/vector_field/main_blocks.23/attention/Cast_output_0']
43	Split	/vector_field/main_blocks.5/attention/Split_2	['/vector_field/main_blocks.5/attention/W_value/linear/Add_output_0', '/vector_field/main_blocks.5/attention/Constant_6_output_0']	['/vector_field/main_blocks.5/attention/Split_2_output_0', '/vector_field/main_blocks.5/attention/Split_2_output_1']
44	Add	/vector_field/main_blocks.9/attn/W_key/linear/Add	['tts.ttl.vector_field.main_blocks.9.attn.W_key.linear.bias', '/vector_field/main_blocks.9/attn/W_key/linear/MatMul_output_0']	['/vector_field/main_blocks.9/attn/W_key/linear/Add_output_0']
45	Add	/vector_field/main_blocks.9/attn/W_value/linear/Add	['tts.ttl.vector_field.main_blocks.9.attn.W_value.linear.bias', '/vector_field/main_blocks.9/attn/W_value/linear/MatMul_output_0']	['/vector_field/main_blocks.9/attn/W_value/linear/Add_output_0']
46	Split	/vector_field/main_blocks.11/attention/Split_2	['/vector_field/main_blocks.11/attention/W_value/linear/Add_output_0', '/vector_field/main_blocks.5/attention/Constant_6_output_0']	['/vector_field/main_blocks.11/attention/Split_2_output_0', '/vector_field/main_blocks.11/attention/Split_2_output_1']
47	Add	/vector_field/main_blocks.15/attn/W_key/linear/Add	['tts.ttl.vector_field.main_blocks.15.attn.W_key.linear.bias', '/vector_field/main_blocks.15/attn/W_key/linear/MatMul_output_0']	['/vector_field/main_blocks.15/attn/W_key/linear/Add_output_0']
48	Add	/vector_field/main_blocks.15/attn/W_value/linear/Add	['tts.ttl.vector_field.main_blocks.15.attn.W_value.linear.bias', '/vector_field/main_blocks.15/attn/W_value/linear/MatMul_output_0']	['/vector_field/main_blocks.15/attn/W_value/linear/Add_output_0']
49	Split	/vector_field/main_blocks.17/attention/Split_2	['/vector_field/main_blocks.17/attention/W_value/linear/Add_output_0', '/vector_field/main_blocks.5/attention/Constant_6_output_0']	['/vector_field/main_blocks.17/attention/Split_2_output_0', '/vector_field/main_blocks.17/attention/Split_2_output_1']
50	Add	/vector_field/main_blocks.21/attn/W_key/linear/Add	['tts.ttl.vector_field.main_blocks.21.attn.W_key.linear.bias', '/vector_field/main_blocks.21/attn/W_key/linear/MatMul_output_0']	['/vector_field/main_blocks.21/attn/W_key/linear/Add_output_0']
51	Add	/vector_field/main_blocks.21/attn/W_value/linear/Add	['tts.ttl.vector_field.main_blocks.21.attn.W_value.linear.bias', '/vector_field/main_blocks.21/attn/W_value/linear/MatMul_output_0']	['/vector_field/main_blocks.21/attn/W_value/linear/Add_output_0']
52	Split	/vector_field/main_blocks.23/attention/Split_2	['/vector_field/main_blocks.23/attention/W_value/linear/Add_output_0', '/vector_field/main_blocks.5/attention/Constant_6_output_0']	['/vector_field/main_blocks.23/attention/Split_2_output_0', '/vector_field/main_blocks.23/attention/Split_2_output_1']
53	Reshape	/vector_field/time_encoder/sinusoidal/Reshape	['/Div_output_0', '/vector_field/time_encoder/sinusoidal/Constant_output_0']	['/vector_field/time_encoder/sinusoidal/Reshape_output_0']
54	Concat	/Concat_1	['/Unsqueeze_1_output_0', '/Constant_5_output_0', '/Constant_5_output_0']	['/Concat_1_output_0']
55	Split	/vector_field/main_blocks.3/attn/Split_1	['/vector_field/main_blocks.3/attn/W_key/linear/Add_output_0', '/vector_field/main_blocks.3/attn/Constant_5_output_0']	['/vector_field/main_blocks.3/attn/Split_1_output_0', '/vector_field/main_blocks.3/attn/Split_1_output_1', '/vector_field/main_blocks.3/attn/Split_1_output_2', '/vector_field/main_blocks.3/attn/Split_1_output_3']
56	Split	/vector_field/main_blocks.3/attn/Split_2	['/vector_field/main_blocks.3/attn/W_value/linear/Add_output_0', '/vector_field/main_blocks.3/attn/Constant_5_output_0']	['/vector_field/main_blocks.3/attn/Split_2_output_0', '/vector_field/main_blocks.3/attn/Split_2_output_1', '/vector_field/main_blocks.3/attn/Split_2_output_2', '/vector_field/main_blocks.3/attn/Split_2_output_3']
57	Unsqueeze	/vector_field/main_blocks.3/attn/Unsqueeze_12	['/vector_field/main_blocks.3/attn/Gather_output_0', '/vector_field/main_blocks.3/attn/Constant_40_output_0']	['/vector_field/main_blocks.3/attn/Unsqueeze_12_output_0']
58	Unsqueeze	/vector_field/main_blocks.3/attn/Unsqueeze_13	['/vector_field/main_blocks.3/attn/Gather_1_output_0', '/vector_field/main_blocks.3/attn/Constant_40_output_0']	['/vector_field/main_blocks.3/attn/Unsqueeze_13_output_0']
59	Equal	/vector_field/main_blocks.3/attn/Equal	['/vector_field/main_blocks.3/attn/Transpose_1_output_0', '/vector_field/main_blocks.3/attn/Constant_44_output_0']	['/vector_field/main_blocks.21/attn/Cast_2_output_0']
60	Unsqueeze	/vector_field/main_blocks.5/attention/Unsqueeze_4	['/vector_field/main_blocks.5/attention/Split_2_output_0', '/vector_field/main_blocks.3/attn/Constant_40_output_0']	['/vector_field/main_blocks.5/attention/Unsqueeze_4_output_0']
61	Unsqueeze	/vector_field/main_blocks.5/attention/Unsqueeze_5	['/vector_field/main_blocks.5/attention/Split_2_output_1', '/vector_field/main_blocks.3/attn/Constant_40_output_0']	['/vector_field/main_blocks.5/attention/Unsqueeze_5_output_0']
62	Split	/vector_field/main_blocks.9/attn/Split_1	['/vector_field/main_blocks.9/attn/W_key/linear/Add_output_0', '/vector_field/main_blocks.3/attn/Constant_5_output_0']	['/vector_field/main_blocks.9/attn/Split_1_output_0', '/vector_field/main_blocks.9/attn/Split_1_output_1', '/vector_field/main_blocks.9/attn/Split_1_output_2', '/vector_field/main_blocks.9/attn/Split_1_output_3']
63	Split	/vector_field/main_blocks.9/attn/Split_2	['/vector_field/main_blocks.9/attn/W_value/linear/Add_output_0', '/vector_field/main_blocks.3/attn/Constant_5_output_0']	['/vector_field/main_blocks.9/attn/Split_2_output_0', '/vector_field/main_blocks.9/attn/Split_2_output_1', '/vector_field/main_blocks.9/attn/Split_2_output_2', '/vector_field/main_blocks.9/attn/Split_2_output_3']
64	Unsqueeze	/vector_field/main_blocks.11/attention/Unsqueeze_4	['/vector_field/main_blocks.11/attention/Split_2_output_0', '/vector_field/main_blocks.3/attn/Constant_40_output_0']	['/vector_field/main_blocks.11/attention/Unsqueeze_4_output_0']
65	Unsqueeze	/vector_field/main_blocks.11/attention/Unsqueeze_5	['/vector_field/main_blocks.11/attention/Split_2_output_1', '/vector_field/main_blocks.3/attn/Constant_40_output_0']	['/vector_field/main_blocks.11/attention/Unsqueeze_5_output_0']
66	Split	/vector_field/main_blocks.15/attn/Split_1	['/vector_field/main_blocks.15/attn/W_key/linear/Add_output_0', '/vector_field/main_blocks.3/attn/Constant_5_output_0']	['/vector_field/main_blocks.15/attn/Split_1_output_0', '/vector_field/main_blocks.15/attn/Split_1_output_1', '/vector_field/main_blocks.15/attn/Split_1_output_2', '/vector_field/main_blocks.15/attn/Split_1_output_3']
67	Split	/vector_field/main_blocks.15/attn/Split_2	['/vector_field/main_blocks.15/attn/W_value/linear/Add_output_0', '/vector_field/main_blocks.3/attn/Constant_5_output_0']	['/vector_field/main_blocks.15/attn/Split_2_output_0', '/vector_field/main_blocks.15/attn/Split_2_output_1', '/vector_field/main_blocks.15/attn/Split_2_output_2', '/vector_field/main_blocks.15/attn/Split_2_output_3']
68	Unsqueeze	/vector_field/main_blocks.17/attention/Unsqueeze_4	['/vector_field/main_blocks.17/attention/Split_2_output_0', '/vector_field/main_blocks.3/attn/Constant_40_output_0']	['/vector_field/main_blocks.17/attention/Unsqueeze_4_output_0']
69	Unsqueeze	/vector_field/main_blocks.17/attention/Unsqueeze_5	['/vector_field/main_blocks.17/attention/Split_2_output_1', '/vector_field/main_blocks.3/attn/Constant_40_output_0']	['/vector_field/main_blocks.17/attention/Unsqueeze_5_output_0']
70	Split	/vector_field/main_blocks.21/attn/Split_1	['/vector_field/main_blocks.21/attn/W_key/linear/Add_output_0', '/vector_field/main_blocks.3/attn/Constant_5_output_0']	['/vector_field/main_blocks.21/attn/Split_1_output_0', '/vector_field/main_blocks.21/attn/Split_1_output_1', '/vector_field/main_blocks.21/attn/Split_1_output_2', '/vector_field/main_blocks.21/attn/Split_1_output_3']
71	Split	/vector_field/main_blocks.21/attn/Split_2	['/vector_field/main_blocks.21/attn/W_value/linear/Add_output_0', '/vector_field/main_blocks.3/attn/Constant_5_output_0']	['/vector_field/main_blocks.21/attn/Split_2_output_0', '/vector_field/main_blocks.21/attn/Split_2_output_1', '/vector_field/main_blocks.21/attn/Split_2_output_2', '/vector_field/main_blocks.21/attn/Split_2_output_3']
72	Unsqueeze	/vector_field/main_blocks.23/attention/Unsqueeze_4	['/vector_field/main_blocks.23/attention/Split_2_output_0', '/vector_field/main_blocks.3/attn/Constant_40_output_0']	['/vector_field/main_blocks.23/attention/Unsqueeze_4_output_0']
73	Unsqueeze	/vector_field/main_blocks.23/attention/Unsqueeze_5	['/vector_field/main_blocks.23/attention/Split_2_output_1', '/vector_field/main_blocks.3/attn/Constant_40_output_0']	['/vector_field/main_blocks.23/attention/Unsqueeze_5_output_0']
74	Unsqueeze	/vector_field/time_encoder/sinusoidal/Unsqueeze	['/vector_field/time_encoder/sinusoidal/Reshape_output_0', '/Constant_5_output_0']	['/vector_field/time_encoder/sinusoidal/Unsqueeze_output_0']
75	Pad	/vector_field/main_blocks.0/convnext.0/dwconv/Pad	['/vector_field/main_blocks.0/convnext.0/Mul_output_0', '/vector_field/main_blocks.0/convnext.0/dwconv/Cast_output_0']	['/vector_field/main_blocks.0/convnext.0/dwconv/Pad_output_0']
76	Unsqueeze	/vector_field/main_blocks.3/attn/Unsqueeze_4	['/vector_field/main_blocks.3/attn/Split_1_output_0', '/vector_field/main_blocks.3/attn/Constant_40_output_0']	['/vector_field/main_blocks.3/attn/Unsqueeze_4_output_0']
77	Unsqueeze	/vector_field/main_blocks.3/attn/Unsqueeze_5	['/vector_field/main_blocks.3/attn/Split_1_output_1', '/vector_field/main_blocks.3/attn/Constant_40_output_0']	['/vector_field/main_blocks.3/attn/Unsqueeze_5_output_0']
78	Unsqueeze	/vector_field/main_blocks.3/attn/Unsqueeze_6	['/vector_field/main_blocks.3/attn/Split_1_output_2', '/vector_field/main_blocks.3/attn/Constant_40_output_0']	['/vector_field/main_blocks.3/attn/Unsqueeze_6_output_0']
79	Unsqueeze	/vector_field/main_blocks.3/attn/Unsqueeze_7	['/vector_field/main_blocks.3/attn/Split_1_output_3', '/vector_field/main_blocks.3/attn/Constant_40_output_0']	['/vector_field/main_blocks.3/attn/Unsqueeze_7_output_0']
80	Unsqueeze	/vector_field/main_blocks.3/attn/Unsqueeze_8	['/vector_field/main_blocks.3/attn/Split_2_output_0', '/vector_field/main_blocks.3/attn/Constant_40_output_0']	['/vector_field/main_blocks.3/attn/Unsqueeze_8_output_0']
81	Unsqueeze	/vector_field/main_blocks.3/attn/Unsqueeze_9	['/vector_field/main_blocks.3/attn/Split_2_output_1', '/vector_field/main_blocks.3/attn/Constant_40_output_0']	['/vector_field/main_blocks.3/attn/Unsqueeze_9_output_0']
82	Unsqueeze	/vector_field/main_blocks.3/attn/Unsqueeze_10	['/vector_field/main_blocks.3/attn/Split_2_output_2', '/vector_field/main_blocks.3/attn/Constant_40_output_0']	['/vector_field/main_blocks.3/attn/Unsqueeze_10_output_0']
83	Unsqueeze	/vector_field/main_blocks.3/attn/Unsqueeze_11	['/vector_field/main_blocks.3/attn/Split_2_output_3', '/vector_field/main_blocks.3/attn/Constant_40_output_0']	['/vector_field/main_blocks.3/attn/Unsqueeze_11_output_0']
84	Slice	/vector_field/main_blocks.3/attn/Slice	['tts.ttl.vector_field.main_blocks.3.attn.increments', '/vector_field/main_blocks.3/attn/Constant_40_output_0', '/vector_field/main_blocks.3/attn/Unsqueeze_12_output_0', '/Constant_5_output_0', '/Constant_5_output_0']	['/vector_field/main_blocks.3/attn/Slice_output_0']
85	Slice	/vector_field/main_blocks.3/attn/Slice_3	['tts.ttl.vector_field.main_blocks.3.attn.increments', '/vector_field/main_blocks.3/attn/Constant_40_output_0', '/vector_field/main_blocks.3/attn/Unsqueeze_13_output_0', '/Constant_5_output_0', '/Constant_5_output_0']	['/vector_field/main_blocks.3/attn/Slice_3_output_0']
86	Concat	/vector_field/main_blocks.5/attention/Concat_2	['/vector_field/main_blocks.5/attention/Unsqueeze_4_output_0', '/vector_field/main_blocks.5/attention/Unsqueeze_5_output_0']	['/vector_field/main_blocks.5/attention/Concat_2_output_0']
87	Unsqueeze	/vector_field/main_blocks.9/attn/Unsqueeze_4	['/vector_field/main_blocks.9/attn/Split_1_output_0', '/vector_field/main_blocks.3/attn/Constant_40_output_0']	['/vector_field/main_blocks.9/attn/Unsqueeze_4_output_0']
88	Unsqueeze	/vector_field/main_blocks.9/attn/Unsqueeze_5	['/vector_field/main_blocks.9/attn/Split_1_output_1', '/vector_field/main_blocks.3/attn/Constant_40_output_0']	['/vector_field/main_blocks.9/attn/Unsqueeze_5_output_0']
89	Unsqueeze	/vector_field/main_blocks.9/attn/Unsqueeze_6	['/vector_field/main_blocks.9/attn/Split_1_output_2', '/vector_field/main_blocks.3/attn/Constant_40_output_0']	['/vector_field/main_blocks.9/attn/Unsqueeze_6_output_0']
90	Unsqueeze	/vector_field/main_blocks.9/attn/Unsqueeze_7	['/vector_field/main_blocks.9/attn/Split_1_output_3', '/vector_field/main_blocks.3/attn/Constant_40_output_0']	['/vector_field/main_blocks.9/attn/Unsqueeze_7_output_0']
91	Unsqueeze	/vector_field/main_blocks.9/attn/Unsqueeze_8	['/vector_field/main_blocks.9/attn/Split_2_output_0', '/vector_field/main_blocks.3/attn/Constant_40_output_0']	['/vector_field/main_blocks.9/attn/Unsqueeze_8_output_0']
92	Unsqueeze	/vector_field/main_blocks.9/attn/Unsqueeze_9	['/vector_field/main_blocks.9/attn/Split_2_output_1', '/vector_field/main_blocks.3/attn/Constant_40_output_0']	['/vector_field/main_blocks.9/attn/Unsqueeze_9_output_0']
93	Unsqueeze	/vector_field/main_blocks.9/attn/Unsqueeze_10	['/vector_field/main_blocks.9/attn/Split_2_output_2', '/vector_field/main_blocks.3/attn/Constant_40_output_0']	['/vector_field/main_blocks.9/attn/Unsqueeze_10_output_0']
94	Unsqueeze	/vector_field/main_blocks.9/attn/Unsqueeze_11	['/vector_field/main_blocks.9/attn/Split_2_output_3', '/vector_field/main_blocks.3/attn/Constant_40_output_0']	['/vector_field/main_blocks.9/attn/Unsqueeze_11_output_0']
95	Concat	/vector_field/main_blocks.11/attention/Concat_2	['/vector_field/main_blocks.11/attention/Unsqueeze_4_output_0', '/vector_field/main_blocks.11/attention/Unsqueeze_5_output_0']	['/vector_field/main_blocks.11/attention/Concat_2_output_0']
96	Unsqueeze	/vector_field/main_blocks.15/attn/Unsqueeze_4	['/vector_field/main_blocks.15/attn/Split_1_output_0', '/vector_field/main_blocks.3/attn/Constant_40_output_0']	['/vector_field/main_blocks.15/attn/Unsqueeze_4_output_0']
97	Unsqueeze	/vector_field/main_blocks.15/attn/Unsqueeze_5	['/vector_field/main_blocks.15/attn/Split_1_output_1', '/vector_field/main_blocks.3/attn/Constant_40_output_0']	['/vector_field/main_blocks.15/attn/Unsqueeze_5_output_0']
98	Unsqueeze	/vector_field/main_blocks.15/attn/Unsqueeze_6	['/vector_field/main_blocks.15/attn/Split_1_output_2', '/vector_field/main_blocks.3/attn/Constant_40_output_0']	['/vector_field/main_blocks.15/attn/Unsqueeze_6_output_0']
99	Unsqueeze	/vector_field/main_blocks.15/attn/Unsqueeze_7	['/vector_field/main_blocks.15/attn/Split_1_output_3', '/vector_field/main_blocks.3/attn/Constant_40_output_0']	['/vector_field/main_blocks.15/attn/Unsqueeze_7_output_0']
100	Unsqueeze	/vector_field/main_blocks.15/attn/Unsqueeze_8	['/vector_field/main_blocks.15/attn/Split_2_output_0', '/vector_field/main_blocks.3/attn/Constant_40_output_0']	['/vector_field/main_blocks.15/attn/Unsqueeze_8_output_0']
101	Unsqueeze	/vector_field/main_blocks.15/attn/Unsqueeze_9	['/vector_field/main_blocks.15/attn/Split_2_output_1', '/vector_field/main_blocks.3/attn/Constant_40_output_0']	['/vector_field/main_blocks.15/attn/Unsqueeze_9_output_0']
102	Unsqueeze	/vector_field/main_blocks.15/attn/Unsqueeze_10	['/vector_field/main_blocks.15/attn/Split_2_output_2', '/vector_field/main_blocks.3/attn/Constant_40_output_0']	['/vector_field/main_blocks.15/attn/Unsqueeze_10_output_0']
103	Unsqueeze	/vector_field/main_blocks.15/attn/Unsqueeze_11	['/vector_field/main_blocks.15/attn/Split_2_output_3', '/vector_field/main_blocks.3/attn/Constant_40_output_0']	['/vector_field/main_blocks.15/attn/Unsqueeze_11_output_0']
104	Concat	/vector_field/main_blocks.17/attention/Concat_2	['/vector_field/main_blocks.17/attention/Unsqueeze_4_output_0', '/vector_field/main_blocks.17/attention/Unsqueeze_5_output_0']	['/vector_field/main_blocks.17/attention/Concat_2_output_0']
105	Unsqueeze	/vector_field/main_blocks.21/attn/Unsqueeze_4	['/vector_field/main_blocks.21/attn/Split_1_output_0', '/vector_field/main_blocks.3/attn/Constant_40_output_0']	['/vector_field/main_blocks.21/attn/Unsqueeze_4_output_0']
106	Unsqueeze	/vector_field/main_blocks.21/attn/Unsqueeze_5	['/vector_field/main_blocks.21/attn/Split_1_output_1', '/vector_field/main_blocks.3/attn/Constant_40_output_0']	['/vector_field/main_blocks.21/attn/Unsqueeze_5_output_0']
107	Unsqueeze	/vector_field/main_blocks.21/attn/Unsqueeze_6	['/vector_field/main_blocks.21/attn/Split_1_output_2', '/vector_field/main_blocks.3/attn/Constant_40_output_0']	['/vector_field/main_blocks.21/attn/Unsqueeze_6_output_0']
108	Unsqueeze	/vector_field/main_blocks.21/attn/Unsqueeze_7	['/vector_field/main_blocks.21/attn/Split_1_output_3', '/vector_field/main_blocks.3/attn/Constant_40_output_0']	['/vector_field/main_blocks.21/attn/Unsqueeze_7_output_0']
109	Unsqueeze	/vector_field/main_blocks.21/attn/Unsqueeze_8	['/vector_field/main_blocks.21/attn/Split_2_output_0', '/vector_field/main_blocks.3/attn/Constant_40_output_0']	['/vector_field/main_blocks.21/attn/Unsqueeze_8_output_0']
110	Unsqueeze	/vector_field/main_blocks.21/attn/Unsqueeze_9	['/vector_field/main_blocks.21/attn/Split_2_output_1', '/vector_field/main_blocks.3/attn/Constant_40_output_0']	['/vector_field/main_blocks.21/attn/Unsqueeze_9_output_0']
111	Unsqueeze	/vector_field/main_blocks.21/attn/Unsqueeze_10	['/vector_field/main_blocks.21/attn/Split_2_output_2', '/vector_field/main_blocks.3/attn/Constant_40_output_0']	['/vector_field/main_blocks.21/attn/Unsqueeze_10_output_0']
112	Unsqueeze	/vector_field/main_blocks.21/attn/Unsqueeze_11	['/vector_field/main_blocks.21/attn/Split_2_output_3', '/vector_field/main_blocks.3/attn/Constant_40_output_0']	['/vector_field/main_blocks.21/attn/Unsqueeze_11_output_0']
113	Concat	/vector_field/main_blocks.23/attention/Concat_2	['/vector_field/main_blocks.23/attention/Unsqueeze_4_output_0', '/vector_field/main_blocks.23/attention/Unsqueeze_5_output_0']	['/vector_field/main_blocks.23/attention/Concat_2_output_0']
114	Mul	/vector_field/time_encoder/sinusoidal/Mul	['/vector_field/time_encoder/sinusoidal/Unsqueeze_output_0', '/vector_field/time_encoder/sinusoidal/Constant_2_output_0']	['/vector_field/time_encoder/sinusoidal/Mul_output_0']
115	Tile	/Tile	['/Expand_output_0', '/Concat_1_output_0']	['/Tile_output_0']
116	Conv	/vector_field/main_blocks.0/convnext.0/dwconv/Conv	['/vector_field/main_blocks.0/convnext.0/dwconv/Pad_output_0', 'tts.ttl.vector_field.main_blocks.0.convnext.0.dwconv.weight', 'tts.ttl.vector_field.main_blocks.0.convnext.0.dwconv.bias']	['/vector_field/main_blocks.0/convnext.0/dwconv/Conv_output_0']
117	Concat	/vector_field/main_blocks.3/attn/Concat_1	['/vector_field/main_blocks.3/attn/Unsqueeze_4_output_0', '/vector_field/main_blocks.3/attn/Unsqueeze_5_output_0', '/vector_field/main_blocks.3/attn/Unsqueeze_6_output_0', '/vector_field/main_blocks.3/attn/Unsqueeze_7_output_0']	['/vector_field/main_blocks.3/attn/Concat_1_output_0']
118	Concat	/vector_field/main_blocks.3/attn/Concat_2	['/vector_field/main_blocks.3/attn/Unsqueeze_8_output_0', '/vector_field/main_blocks.3/attn/Unsqueeze_9_output_0', '/vector_field/main_blocks.3/attn/Unsqueeze_10_output_0', '/vector_field/main_blocks.3/attn/Unsqueeze_11_output_0']	['/vector_field/main_blocks.3/attn/Concat_2_output_0']
119	Cast	/vector_field/main_blocks.3/attn/Cast	['/vector_field/main_blocks.3/attn/Slice_output_0']	['/vector_field/main_blocks.3/attn/Cast_output_0']
120	Cast	/vector_field/main_blocks.3/attn/Cast_1	['/vector_field/main_blocks.3/attn/Slice_3_output_0']	['/vector_field/main_blocks.3/attn/Cast_1_output_0']
121	Concat	/vector_field/main_blocks.9/attn/Concat_1	['/vector_field/main_blocks.9/attn/Unsqueeze_4_output_0', '/vector_field/main_blocks.9/attn/Unsqueeze_5_output_0', '/vector_field/main_blocks.9/attn/Unsqueeze_6_output_0', '/vector_field/main_blocks.9/attn/Unsqueeze_7_output_0']	['/vector_field/main_blocks.9/attn/Concat_1_output_0']
122	Concat	/vector_field/main_blocks.9/attn/Concat_2	['/vector_field/main_blocks.9/attn/Unsqueeze_8_output_0', '/vector_field/main_blocks.9/attn/Unsqueeze_9_output_0', '/vector_field/main_blocks.9/attn/Unsqueeze_10_output_0', '/vector_field/main_blocks.9/attn/Unsqueeze_11_output_0']	['/vector_field/main_blocks.9/attn/Concat_2_output_0']
123	Concat	/vector_field/main_blocks.15/attn/Concat_1	['/vector_field/main_blocks.15/attn/Unsqueeze_4_output_0', '/vector_field/main_blocks.15/attn/Unsqueeze_5_output_0', '/vector_field/main_blocks.15/attn/Unsqueeze_6_output_0', '/vector_field/main_blocks.15/attn/Unsqueeze_7_output_0']	['/vector_field/main_blocks.15/attn/Concat_1_output_0']
124	Concat	/vector_field/main_blocks.15/attn/Concat_2	['/vector_field/main_blocks.15/attn/Unsqueeze_8_output_0', '/vector_field/main_blocks.15/attn/Unsqueeze_9_output_0', '/vector_field/main_blocks.15/attn/Unsqueeze_10_output_0', '/vector_field/main_blocks.15/attn/Unsqueeze_11_output_0']	['/vector_field/main_blocks.15/attn/Concat_2_output_0']
125	Concat	/vector_field/main_blocks.21/attn/Concat_1	['/vector_field/main_blocks.21/attn/Unsqueeze_4_output_0', '/vector_field/main_blocks.21/attn/Unsqueeze_5_output_0', '/vector_field/main_blocks.21/attn/Unsqueeze_6_output_0', '/vector_field/main_blocks.21/attn/Unsqueeze_7_output_0']	['/vector_field/main_blocks.21/attn/Concat_1_output_0']
126	Concat	/vector_field/main_blocks.21/attn/Concat_2	['/vector_field/main_blocks.21/attn/Unsqueeze_8_output_0', '/vector_field/main_blocks.21/attn/Unsqueeze_9_output_0', '/vector_field/main_blocks.21/attn/Unsqueeze_10_output_0', '/vector_field/main_blocks.21/attn/Unsqueeze_11_output_0']	['/vector_field/main_blocks.21/attn/Concat_2_output_0']
127	Mul	/vector_field/time_encoder/sinusoidal/Mul_1	['/vector_field/time_encoder/sinusoidal/Mul_output_0', '/vector_field/time_encoder/sinusoidal/Constant_3_output_0']	['/vector_field/time_encoder/sinusoidal/Mul_1_output_0']
128	MatMul	/vector_field/main_blocks.5/attention/W_key/linear/MatMul	['/Tile_output_0', 'onnx::MatMul_3117']	['/vector_field/main_blocks.5/attention/W_key/linear/MatMul_output_0']
129	MatMul	/vector_field/main_blocks.11/attention/W_key/linear/MatMul	['/Tile_output_0', 'onnx::MatMul_3162']	['/vector_field/main_blocks.11/attention/W_key/linear/MatMul_output_0']
130	MatMul	/vector_field/main_blocks.17/attention/W_key/linear/MatMul	['/Tile_output_0', 'onnx::MatMul_3207']	['/vector_field/main_blocks.17/attention/W_key/linear/MatMul_output_0']
131	MatMul	/vector_field/main_blocks.23/attention/W_key/linear/MatMul	['/Tile_output_0', 'onnx::MatMul_3252']	['/vector_field/main_blocks.23/attention/W_key/linear/MatMul_output_0']
132	Mul	/vector_field/main_blocks.0/convnext.0/Mul_1	['/vector_field/main_blocks.0/convnext.0/dwconv/Conv_output_0', 'latent_mask']	['/vector_field/main_blocks.0/convnext.0/Mul_1_output_0']
133	Div	/vector_field/main_blocks.3/attn/Div	['/vector_field/main_blocks.3/attn/Cast_output_0', '/vector_field/main_blocks.3/attn/Reshape_output_0']	['/vector_field/main_blocks.3/attn/Div_output_0']
134	Div	/vector_field/main_blocks.3/attn/Div_2	['/vector_field/main_blocks.3/attn/Cast_1_output_0', '/vector_field/main_blocks.3/attn/Reshape_1_output_0']	['/vector_field/main_blocks.3/attn/Div_2_output_0']
135	Sin	/vector_field/time_encoder/sinusoidal/Sin	['/vector_field/time_encoder/sinusoidal/Mul_1_output_0']	['/vector_field/time_encoder/sinusoidal/Sin_output_0']
136	Cos	/vector_field/time_encoder/sinusoidal/Cos	['/vector_field/time_encoder/sinusoidal/Mul_1_output_0']	['/vector_field/time_encoder/sinusoidal/Cos_output_0']
137	Add	/vector_field/main_blocks.5/attention/W_key/linear/Add	['tts.ttl.vector_field.main_blocks.5.attention.W_key.linear.bias', '/vector_field/main_blocks.5/attention/W_key/linear/MatMul_output_0']	['/vector_field/main_blocks.5/attention/W_key/linear/Add_output_0']
138	Add	/vector_field/main_blocks.11/attention/W_key/linear/Add	['tts.ttl.vector_field.main_blocks.11.attention.W_key.linear.bias', '/vector_field/main_blocks.11/attention/W_key/linear/MatMul_output_0']	['/vector_field/main_blocks.11/attention/W_key/linear/Add_output_0']
139	Add	/vector_field/main_blocks.17/attention/W_key/linear/Add	['tts.ttl.vector_field.main_blocks.17.attention.W_key.linear.bias', '/vector_field/main_blocks.17/attention/W_key/linear/MatMul_output_0']	['/vector_field/main_blocks.17/attention/W_key/linear/Add_output_0']
140	Add	/vector_field/main_blocks.23/attention/W_key/linear/Add	['tts.ttl.vector_field.main_blocks.23.attention.W_key.linear.bias', '/vector_field/main_blocks.23/attention/W_key/linear/MatMul_output_0']	['/vector_field/main_blocks.23/attention/W_key/linear/Add_output_0']
141	Transpose	/vector_field/main_blocks.0/convnext.0/norm/Transpose	['/vector_field/main_blocks.0/convnext.0/Mul_1_output_0']	['/vector_field/main_blocks.0/convnext.0/norm/Transpose_output_0']
142	Slice	/vector_field/main_blocks.3/attn/Slice_4	['/vector_field/main_blocks.3/attn/Concat_1_output_0', '/vector_field/main_blocks.3/attn/Constant_40_output_0', '/vector_field/main_blocks.3/attn/Mul_8_output_0', '/vector_field/time_encoder/sinusoidal/Constant_output_0']	['/vector_field/main_blocks.3/attn/Slice_4_output_0']
143	Slice	/vector_field/main_blocks.3/attn/Slice_5	['/vector_field/main_blocks.3/attn/Concat_1_output_0', '/vector_field/main_blocks.3/attn/Mul_8_output_0', '/vector_field/main_blocks.3/attn/Mul_9_output_0', '/vector_field/time_encoder/sinusoidal/Constant_output_0']	['/vector_field/main_blocks.3/attn/Slice_5_output_0']
144	Slice	/vector_field/main_blocks.9/attn/Slice_4	['/vector_field/main_blocks.9/attn/Concat_1_output_0', '/vector_field/main_blocks.3/attn/Constant_40_output_0', '/vector_field/main_blocks.3/attn/Mul_8_output_0', '/vector_field/time_encoder/sinusoidal/Constant_output_0']	['/vector_field/main_blocks.9/attn/Slice_4_output_0']
145	Slice	/vector_field/main_blocks.9/attn/Slice_5	['/vector_field/main_blocks.9/attn/Concat_1_output_0', '/vector_field/main_blocks.3/attn/Mul_8_output_0', '/vector_field/main_blocks.3/attn/Mul_9_output_0', '/vector_field/time_encoder/sinusoidal/Constant_output_0']	['/vector_field/main_blocks.9/attn/Slice_5_output_0']
146	Slice	/vector_field/main_blocks.15/attn/Slice_4	['/vector_field/main_blocks.15/attn/Concat_1_output_0', '/vector_field/main_blocks.3/attn/Constant_40_output_0', '/vector_field/main_blocks.3/attn/Mul_8_output_0', '/vector_field/time_encoder/sinusoidal/Constant_output_0']	['/vector_field/main_blocks.15/attn/Slice_4_output_0']
147	Slice	/vector_field/main_blocks.15/attn/Slice_5	['/vector_field/main_blocks.15/attn/Concat_1_output_0', '/vector_field/main_blocks.3/attn/Mul_8_output_0', '/vector_field/main_blocks.3/attn/Mul_9_output_0', '/vector_field/time_encoder/sinusoidal/Constant_output_0']	['/vector_field/main_blocks.15/attn/Slice_5_output_0']
148	Slice	/vector_field/main_blocks.21/attn/Slice_4	['/vector_field/main_blocks.21/attn/Concat_1_output_0', '/vector_field/main_blocks.3/attn/Constant_40_output_0', '/vector_field/main_blocks.3/attn/Mul_8_output_0', '/vector_field/time_encoder/sinusoidal/Constant_output_0']	['/vector_field/main_blocks.21/attn/Slice_4_output_0']
149	Slice	/vector_field/main_blocks.21/attn/Slice_5	['/vector_field/main_blocks.21/attn/Concat_1_output_0', '/vector_field/main_blocks.3/attn/Mul_8_output_0', '/vector_field/main_blocks.3/attn/Mul_9_output_0', '/vector_field/time_encoder/sinusoidal/Constant_output_0']	['/vector_field/main_blocks.21/attn/Slice_5_output_0']
150	Mul	/vector_field/main_blocks.3/attn/Mul	['/vector_field/main_blocks.3/attn/Div_output_0', 'tts.ttl.vector_field.main_blocks.3.attn.theta']	['/vector_field/main_blocks.3/attn/Mul_output_0']
151	Mul	/vector_field/main_blocks.3/attn/Mul_7	['/vector_field/main_blocks.3/attn/Div_2_output_0', 'tts.ttl.vector_field.main_blocks.3.attn.theta']	['/vector_field/main_blocks.3/attn/Mul_7_output_0']
152	Concat	/vector_field/time_encoder/sinusoidal/Concat	['/vector_field/time_encoder/sinusoidal/Sin_output_0', '/vector_field/time_encoder/sinusoidal/Cos_output_0']	['/vector_field/time_encoder/sinusoidal/Concat_output_0']
153	Split	/vector_field/main_blocks.5/attention/Split_1	['/vector_field/main_blocks.5/attention/W_key/linear/Add_output_0', '/vector_field/main_blocks.5/attention/Constant_6_output_0']	['/vector_field/main_blocks.5/attention/Split_1_output_0', '/vector_field/main_blocks.5/attention/Split_1_output_1']
154	Split	/vector_field/main_blocks.11/attention/Split_1	['/vector_field/main_blocks.11/attention/W_key/linear/Add_output_0', '/vector_field/main_blocks.5/attention/Constant_6_output_0']	['/vector_field/main_blocks.11/attention/Split_1_output_0', '/vector_field/main_blocks.11/attention/Split_1_output_1']
155	Split	/vector_field/main_blocks.17/attention/Split_1	['/vector_field/main_blocks.17/attention/W_key/linear/Add_output_0', '/vector_field/main_blocks.5/attention/Constant_6_output_0']	['/vector_field/main_blocks.17/attention/Split_1_output_0', '/vector_field/main_blocks.17/attention/Split_1_output_1']
156	Split	/vector_field/main_blocks.23/attention/Split_1	['/vector_field/main_blocks.23/attention/W_key/linear/Add_output_0', '/vector_field/main_blocks.5/attention/Constant_6_output_0']	['/vector_field/main_blocks.23/attention/Split_1_output_0', '/vector_field/main_blocks.23/attention/Split_1_output_1']
157	LayerNormalization	/vector_field/main_blocks.0/convnext.0/norm/norm/LayerNormalization	['/vector_field/main_blocks.0/convnext.0/norm/Transpose_output_0', 'tts.ttl.vector_field.main_blocks.0.convnext.0.norm.norm.weight', 'tts.ttl.vector_field.main_blocks.0.convnext.0.norm.norm.bias']	['/vector_field/main_blocks.0/convnext.0/norm/norm/LayerNormalization_output_0']
158	Sin	/vector_field/main_blocks.3/attn/Sin	['/vector_field/main_blocks.3/attn/Mul_output_0']	['/vector_field/main_blocks.3/attn/Sin_output_0']
159	Cos	/vector_field/main_blocks.3/attn/Cos	['/vector_field/main_blocks.3/attn/Mul_output_0']	['/vector_field/main_blocks.3/attn/Cos_output_0']
160	Sin	/vector_field/main_blocks.3/attn/Sin_1	['/vector_field/main_blocks.3/attn/Mul_7_output_0']	['/vector_field/main_blocks.3/attn/Sin_1_output_0']
161	Cos	/vector_field/main_blocks.3/attn/Cos_1	['/vector_field/main_blocks.3/attn/Mul_7_output_0']	['/vector_field/main_blocks.3/attn/Cos_1_output_0']
162	Gemm	/vector_field/time_encoder/mlp/mlp.0/linear/Gemm	['/vector_field/time_encoder/sinusoidal/Concat_output_0', 'tts.ttl.vector_field.time_encoder.mlp.0.linear.weight', 'tts.ttl.vector_field.time_encoder.mlp.0.linear.bias']	['/vector_field/time_encoder/mlp/mlp.0/linear/Gemm_output_0']
163	Unsqueeze	/vector_field/main_blocks.5/attention/Unsqueeze_2	['/vector_field/main_blocks.5/attention/Split_1_output_0', '/vector_field/main_blocks.3/attn/Constant_40_output_0']	['/vector_field/main_blocks.5/attention/Unsqueeze_2_output_0']
164	Unsqueeze	/vector_field/main_blocks.5/attention/Unsqueeze_3	['/vector_field/main_blocks.5/attention/Split_1_output_1', '/vector_field/main_blocks.3/attn/Constant_40_output_0']	['/vector_field/main_blocks.5/attention/Unsqueeze_3_output_0']
165	Unsqueeze	/vector_field/main_blocks.11/attention/Unsqueeze_2	['/vector_field/main_blocks.11/attention/Split_1_output_0', '/vector_field/main_blocks.3/attn/Constant_40_output_0']	['/vector_field/main_blocks.11/attention/Unsqueeze_2_output_0']
166	Unsqueeze	/vector_field/main_blocks.11/attention/Unsqueeze_3	['/vector_field/main_blocks.11/attention/Split_1_output_1', '/vector_field/main_blocks.3/attn/Constant_40_output_0']	['/vector_field/main_blocks.11/attention/Unsqueeze_3_output_0']
167	Unsqueeze	/vector_field/main_blocks.17/attention/Unsqueeze_2	['/vector_field/main_blocks.17/attention/Split_1_output_0', '/vector_field/main_blocks.3/attn/Constant_40_output_0']	['/vector_field/main_blocks.17/attention/Unsqueeze_2_output_0']
168	Unsqueeze	/vector_field/main_blocks.17/attention/Unsqueeze_3	['/vector_field/main_blocks.17/attention/Split_1_output_1', '/vector_field/main_blocks.3/attn/Constant_40_output_0']	['/vector_field/main_blocks.17/attention/Unsqueeze_3_output_0']
169	Unsqueeze	/vector_field/main_blocks.23/attention/Unsqueeze_2	['/vector_field/main_blocks.23/attention/Split_1_output_0', '/vector_field/main_blocks.3/attn/Constant_40_output_0']	['/vector_field/main_blocks.23/attention/Unsqueeze_2_output_0']
170	Unsqueeze	/vector_field/main_blocks.23/attention/Unsqueeze_3	['/vector_field/main_blocks.23/attention/Split_1_output_1', '/vector_field/main_blocks.3/attn/Constant_40_output_0']	['/vector_field/main_blocks.23/attention/Unsqueeze_3_output_0']
171	Transpose	/vector_field/main_blocks.0/convnext.0/norm/Transpose_1	['/vector_field/main_blocks.0/convnext.0/norm/norm/LayerNormalization_output_0']	['/vector_field/main_blocks.0/convnext.0/norm/Transpose_1_output_0']
172	Softplus	/vector_field/time_encoder/mlp/mlp.1/Softplus	['/vector_field/time_encoder/mlp/mlp.0/linear/Gemm_output_0']	['/vector_field/time_encoder/mlp/mlp.1/Softplus_output_0']
173	Mul	/vector_field/main_blocks.3/attn/Mul_10	['/vector_field/main_blocks.3/attn/Slice_4_output_0', '/vector_field/main_blocks.3/attn/Cos_1_output_0']	['/vector_field/main_blocks.3/attn/Mul_10_output_0']
174	Mul	/vector_field/main_blocks.3/attn/Mul_11	['/vector_field/main_blocks.3/attn/Slice_5_output_0', '/vector_field/main_blocks.3/attn/Sin_1_output_0']	['/vector_field/main_blocks.3/attn/Mul_11_output_0']
175	Mul	/vector_field/main_blocks.3/attn/Mul_12	['/vector_field/main_blocks.3/attn/Slice_4_output_0', '/vector_field/main_blocks.3/attn/Sin_1_output_0']	['/vector_field/main_blocks.3/attn/Mul_12_output_0']
176	Mul	/vector_field/main_blocks.3/attn/Mul_13	['/vector_field/main_blocks.3/attn/Slice_5_output_0', '/vector_field/main_blocks.3/attn/Cos_1_output_0']	['/vector_field/main_blocks.3/attn/Mul_13_output_0']
177	Concat	/vector_field/main_blocks.5/attention/Concat_1	['/vector_field/main_blocks.5/attention/Unsqueeze_2_output_0', '/vector_field/main_blocks.5/attention/Unsqueeze_3_output_0']	['/vector_field/main_blocks.5/attention/Concat_1_output_0']
178	Mul	/vector_field/main_blocks.9/attn/Mul_10	['/vector_field/main_blocks.9/attn/Slice_4_output_0', '/vector_field/main_blocks.3/attn/Cos_1_output_0']	['/vector_field/main_blocks.9/attn/Mul_10_output_0']
179	Mul	/vector_field/main_blocks.9/attn/Mul_11	['/vector_field/main_blocks.9/attn/Slice_5_output_0', '/vector_field/main_blocks.3/attn/Sin_1_output_0']	['/vector_field/main_blocks.9/attn/Mul_11_output_0']
180	Mul	/vector_field/main_blocks.9/attn/Mul_12	['/vector_field/main_blocks.9/attn/Slice_4_output_0', '/vector_field/main_blocks.3/attn/Sin_1_output_0']	['/vector_field/main_blocks.9/attn/Mul_12_output_0']
181	Mul	/vector_field/main_blocks.9/attn/Mul_13	['/vector_field/main_blocks.9/attn/Slice_5_output_0', '/vector_field/main_blocks.3/attn/Cos_1_output_0']	['/vector_field/main_blocks.9/attn/Mul_13_output_0']
182	Concat	/vector_field/main_blocks.11/attention/Concat_1	['/vector_field/main_blocks.11/attention/Unsqueeze_2_output_0', '/vector_field/main_blocks.11/attention/Unsqueeze_3_output_0']	['/vector_field/main_blocks.11/attention/Concat_1_output_0']
183	Mul	/vector_field/main_blocks.15/attn/Mul_10	['/vector_field/main_blocks.15/attn/Slice_4_output_0', '/vector_field/main_blocks.3/attn/Cos_1_output_0']	['/vector_field/main_blocks.15/attn/Mul_10_output_0']
184	Mul	/vector_field/main_blocks.15/attn/Mul_11	['/vector_field/main_blocks.15/attn/Slice_5_output_0', '/vector_field/main_blocks.3/attn/Sin_1_output_0']	['/vector_field/main_blocks.15/attn/Mul_11_output_0']
185	Mul	/vector_field/main_blocks.15/attn/Mul_12	['/vector_field/main_blocks.15/attn/Slice_4_output_0', '/vector_field/main_blocks.3/attn/Sin_1_output_0']	['/vector_field/main_blocks.15/attn/Mul_12_output_0']
186	Mul	/vector_field/main_blocks.15/attn/Mul_13	['/vector_field/main_blocks.15/attn/Slice_5_output_0', '/vector_field/main_blocks.3/attn/Cos_1_output_0']	['/vector_field/main_blocks.15/attn/Mul_13_output_0']
187	Concat	/vector_field/main_blocks.17/attention/Concat_1	['/vector_field/main_blocks.17/attention/Unsqueeze_2_output_0', '/vector_field/main_blocks.17/attention/Unsqueeze_3_output_0']	['/vector_field/main_blocks.17/attention/Concat_1_output_0']
188	Mul	/vector_field/main_blocks.21/attn/Mul_10	['/vector_field/main_blocks.21/attn/Slice_4_output_0', '/vector_field/main_blocks.3/attn/Cos_1_output_0']	['/vector_field/main_blocks.21/attn/Mul_10_output_0']
189	Mul	/vector_field/main_blocks.21/attn/Mul_11	['/vector_field/main_blocks.21/attn/Slice_5_output_0', '/vector_field/main_blocks.3/attn/Sin_1_output_0']	['/vector_field/main_blocks.21/attn/Mul_11_output_0']
190	Mul	/vector_field/main_blocks.21/attn/Mul_12	['/vector_field/main_blocks.21/attn/Slice_4_output_0', '/vector_field/main_blocks.3/attn/Sin_1_output_0']	['/vector_field/main_blocks.21/attn/Mul_12_output_0']
191	Mul	/vector_field/main_blocks.21/attn/Mul_13	['/vector_field/main_blocks.21/attn/Slice_5_output_0', '/vector_field/main_blocks.3/attn/Cos_1_output_0']	['/vector_field/main_blocks.21/attn/Mul_13_output_0']
192	Concat	/vector_field/main_blocks.23/attention/Concat_1	['/vector_field/main_blocks.23/attention/Unsqueeze_2_output_0', '/vector_field/main_blocks.23/attention/Unsqueeze_3_output_0']	['/vector_field/main_blocks.23/attention/Concat_1_output_0']
193	Conv	/vector_field/main_blocks.0/convnext.0/pwconv1/Conv	['/vector_field/main_blocks.0/convnext.0/norm/Transpose_1_output_0', 'tts.ttl.vector_field.main_blocks.0.convnext.0.pwconv1.weight', 'tts.ttl.vector_field.main_blocks.0.convnext.0.pwconv1.bias']	['/vector_field/main_blocks.0/convnext.0/pwconv1/Conv_output_0']
194	Tanh	/vector_field/time_encoder/mlp/mlp.1/Tanh	['/vector_field/time_encoder/mlp/mlp.1/Softplus_output_0']	['/vector_field/time_encoder/mlp/mlp.1/Tanh_output_0']
195	Sub	/vector_field/main_blocks.3/attn/Sub_1	['/vector_field/main_blocks.3/attn/Mul_10_output_0', '/vector_field/main_blocks.3/attn/Mul_11_output_0']	['/vector_field/main_blocks.3/attn/Sub_1_output_0']
196	Add	/vector_field/main_blocks.3/attn/Add_3	['/vector_field/main_blocks.3/attn/Mul_12_output_0', '/vector_field/main_blocks.3/attn/Mul_13_output_0']	['/vector_field/main_blocks.3/attn/Add_3_output_0']
197	Transpose	/vector_field/main_blocks.5/attention/Transpose	['/vector_field/main_blocks.5/attention/Concat_1_output_0']	['/vector_field/main_blocks.5/attention/Transpose_output_0']
198	Sub	/vector_field/main_blocks.9/attn/Sub_1	['/vector_field/main_blocks.9/attn/Mul_10_output_0', '/vector_field/main_blocks.9/attn/Mul_11_output_0']	['/vector_field/main_blocks.9/attn/Sub_1_output_0']
199	Add	/vector_field/main_blocks.9/attn/Add_3	['/vector_field/main_blocks.9/attn/Mul_12_output_0', '/vector_field/main_blocks.9/attn/Mul_13_output_0']	['/vector_field/main_blocks.9/attn/Add_3_output_0']
200	Transpose	/vector_field/main_blocks.11/attention/Transpose	['/vector_field/main_blocks.11/attention/Concat_1_output_0']	['/vector_field/main_blocks.11/attention/Transpose_output_0']
201	Sub	/vector_field/main_blocks.15/attn/Sub_1	['/vector_field/main_blocks.15/attn/Mul_10_output_0', '/vector_field/main_blocks.15/attn/Mul_11_output_0']	['/vector_field/main_blocks.15/attn/Sub_1_output_0']
202	Add	/vector_field/main_blocks.15/attn/Add_3	['/vector_field/main_blocks.15/attn/Mul_12_output_0', '/vector_field/main_blocks.15/attn/Mul_13_output_0']	['/vector_field/main_blocks.15/attn/Add_3_output_0']
203	Transpose	/vector_field/main_blocks.17/attention/Transpose	['/vector_field/main_blocks.17/attention/Concat_1_output_0']	['/vector_field/main_blocks.17/attention/Transpose_output_0']
204	Sub	/vector_field/main_blocks.21/attn/Sub_1	['/vector_field/main_blocks.21/attn/Mul_10_output_0', '/vector_field/main_blocks.21/attn/Mul_11_output_0']	['/vector_field/main_blocks.21/attn/Sub_1_output_0']
205	Add	/vector_field/main_blocks.21/attn/Add_3	['/vector_field/main_blocks.21/attn/Mul_12_output_0', '/vector_field/main_blocks.21/attn/Mul_13_output_0']	['/vector_field/main_blocks.21/attn/Add_3_output_0']
206	Transpose	/vector_field/main_blocks.23/attention/Transpose	['/vector_field/main_blocks.23/attention/Concat_1_output_0']	['/vector_field/main_blocks.23/attention/Transpose_output_0']
207	Div	/vector_field/main_blocks.0/convnext.0/act/Div	['/vector_field/main_blocks.0/convnext.0/pwconv1/Conv_output_0', '/vector_field/main_blocks.0/convnext.0/act/Constant_output_0']	['/vector_field/main_blocks.0/convnext.0/act/Div_output_0']
208	Mul	/vector_field/time_encoder/mlp/mlp.1/Mul	['/vector_field/time_encoder/mlp/mlp.0/linear/Gemm_output_0', '/vector_field/time_encoder/mlp/mlp.1/Tanh_output_0']	['/vector_field/time_encoder/mlp/mlp.1/Mul_output_0']
209	Concat	/vector_field/main_blocks.3/attn/Concat_4	['/vector_field/main_blocks.3/attn/Sub_1_output_0', '/vector_field/main_blocks.3/attn/Add_3_output_0']	['/vector_field/main_blocks.3/attn/Concat_4_output_0']
210	Tanh	/vector_field/main_blocks.5/attention/tanh/Tanh	['/vector_field/main_blocks.5/attention/Transpose_output_0']	['/vector_field/main_blocks.5/attention/tanh/Tanh_output_0']
211	Concat	/vector_field/main_blocks.9/attn/Concat_4	['/vector_field/main_blocks.9/attn/Sub_1_output_0', '/vector_field/main_blocks.9/attn/Add_3_output_0']	['/vector_field/main_blocks.9/attn/Concat_4_output_0']
212	Tanh	/vector_field/main_blocks.11/attention/tanh/Tanh	['/vector_field/main_blocks.11/attention/Transpose_output_0']	['/vector_field/main_blocks.11/attention/tanh/Tanh_output_0']
213	Concat	/vector_field/main_blocks.15/attn/Concat_4	['/vector_field/main_blocks.15/attn/Sub_1_output_0', '/vector_field/main_blocks.15/attn/Add_3_output_0']	['/vector_field/main_blocks.15/attn/Concat_4_output_0']
214	Tanh	/vector_field/main_blocks.17/attention/tanh/Tanh	['/vector_field/main_blocks.17/attention/Transpose_output_0']	['/vector_field/main_blocks.17/attention/tanh/Tanh_output_0']
215	Concat	/vector_field/main_blocks.21/attn/Concat_4	['/vector_field/main_blocks.21/attn/Sub_1_output_0', '/vector_field/main_blocks.21/attn/Add_3_output_0']	['/vector_field/main_blocks.21/attn/Concat_4_output_0']
216	Tanh	/vector_field/main_blocks.23/attention/tanh/Tanh	['/vector_field/main_blocks.23/attention/Transpose_output_0']	['/vector_field/main_blocks.23/attention/tanh/Tanh_output_0']
217	Erf	/vector_field/main_blocks.0/convnext.0/act/Erf	['/vector_field/main_blocks.0/convnext.0/act/Div_output_0']	['/vector_field/main_blocks.0/convnext.0/act/Erf_output_0']
218	Gemm	/vector_field/time_encoder/mlp/mlp.2/linear/Gemm	['/vector_field/time_encoder/mlp/mlp.1/Mul_output_0', 'tts.ttl.vector_field.time_encoder.mlp.2.linear.weight', 'tts.ttl.vector_field.time_encoder.mlp.2.linear.bias']	['/vector_field/time_encoder/mlp/mlp.2/linear/Gemm_output_0']
219	Transpose	/vector_field/main_blocks.3/attn/Transpose	['/vector_field/main_blocks.3/attn/Concat_4_output_0']	['/vector_field/main_blocks.3/attn/Transpose_output_0']
220	Transpose	/vector_field/main_blocks.9/attn/Transpose	['/vector_field/main_blocks.9/attn/Concat_4_output_0']	['/vector_field/main_blocks.9/attn/Transpose_output_0']
221	Transpose	/vector_field/main_blocks.15/attn/Transpose	['/vector_field/main_blocks.15/attn/Concat_4_output_0']	['/vector_field/main_blocks.15/attn/Transpose_output_0']
222	Transpose	/vector_field/main_blocks.21/attn/Transpose	['/vector_field/main_blocks.21/attn/Concat_4_output_0']	['/vector_field/main_blocks.21/attn/Transpose_output_0']
223	Add	/vector_field/main_blocks.0/convnext.0/act/Add	['/vector_field/main_blocks.0/convnext.0/act/Erf_output_0', '/vector_field/main_blocks.0/convnext.0/act/Constant_1_output_0']	['/vector_field/main_blocks.0/convnext.0/act/Add_output_0']
224	Unsqueeze	/vector_field/time_encoder/Unsqueeze	['/vector_field/time_encoder/mlp/mlp.2/linear/Gemm_output_0', '/vector_field/time_encoder/sinusoidal/Constant_output_0']	['/vector_field/time_encoder/Unsqueeze_output_0']
225	Mul	/vector_field/main_blocks.0/convnext.0/act/Mul	['/vector_field/main_blocks.0/convnext.0/pwconv1/Conv_output_0', '/vector_field/main_blocks.0/convnext.0/act/Add_output_0']	['/vector_field/main_blocks.0/convnext.0/act/Mul_output_0']
226	Transpose	/vector_field/main_blocks.1/Transpose	['/vector_field/time_encoder/Unsqueeze_output_0']	['/vector_field/main_blocks.1/Transpose_output_0']
227	Mul	/vector_field/main_blocks.0/convnext.0/act/Mul_1	['/vector_field/main_blocks.0/convnext.0/act/Mul_output_0', '/vector_field/main_blocks.0/convnext.0/act/Constant_2_output_0']	['/vector_field/main_blocks.0/convnext.0/act/Mul_1_output_0']
228	MatMul	/vector_field/main_blocks.1/linear/linear/MatMul	['/vector_field/main_blocks.1/Transpose_output_0', 'onnx::MatMul_3095']	['/vector_field/main_blocks.1/linear/linear/MatMul_output_0']
229	MatMul	/vector_field/main_blocks.7/linear/linear/MatMul	['/vector_field/main_blocks.1/Transpose_output_0', 'onnx::MatMul_3140']	['/vector_field/main_blocks.7/linear/linear/MatMul_output_0']
230	MatMul	/vector_field/main_blocks.13/linear/linear/MatMul	['/vector_field/main_blocks.1/Transpose_output_0', 'onnx::MatMul_3185']	['/vector_field/main_blocks.13/linear/linear/MatMul_output_0']
231	MatMul	/vector_field/main_blocks.19/linear/linear/MatMul	['/vector_field/main_blocks.1/Transpose_output_0', 'onnx::MatMul_3230']	['/vector_field/main_blocks.19/linear/linear/MatMul_output_0']
232	Conv	/vector_field/main_blocks.0/convnext.0/pwconv2/Conv	['/vector_field/main_blocks.0/convnext.0/act/Mul_1_output_0', 'tts.ttl.vector_field.main_blocks.0.convnext.0.pwconv2.weight', 'tts.ttl.vector_field.main_blocks.0.convnext.0.pwconv2.bias']	['/vector_field/main_blocks.0/convnext.0/pwconv2/Conv_output_0']
233	Add	/vector_field/main_blocks.1/linear/linear/Add	['tts.ttl.vector_field.main_blocks.1.linear.linear.bias', '/vector_field/main_blocks.1/linear/linear/MatMul_output_0']	['/vector_field/main_blocks.1/linear/linear/Add_output_0']
234	Add	/vector_field/main_blocks.7/linear/linear/Add	['tts.ttl.vector_field.main_blocks.7.linear.linear.bias', '/vector_field/main_blocks.7/linear/linear/MatMul_output_0']	['/vector_field/main_blocks.7/linear/linear/Add_output_0']
235	Add	/vector_field/main_blocks.13/linear/linear/Add	['tts.ttl.vector_field.main_blocks.13.linear.linear.bias', '/vector_field/main_blocks.13/linear/linear/MatMul_output_0']	['/vector_field/main_blocks.13/linear/linear/Add_output_0']
236	Add	/vector_field/main_blocks.19/linear/linear/Add	['tts.ttl.vector_field.main_blocks.19.linear.linear.bias', '/vector_field/main_blocks.19/linear/linear/MatMul_output_0']	['/vector_field/main_blocks.19/linear/linear/Add_output_0']
237	Mul	/vector_field/main_blocks.0/convnext.0/Mul_2	['tts.ttl.vector_field.main_blocks.0.convnext.0.gamma', '/vector_field/main_blocks.0/convnext.0/pwconv2/Conv_output_0']	['/vector_field/main_blocks.0/convnext.0/Mul_2_output_0']
238	Transpose	/vector_field/main_blocks.1/Transpose_1	['/vector_field/main_blocks.1/linear/linear/Add_output_0']	['/vector_field/main_blocks.1/Transpose_1_output_0']
239	Transpose	/vector_field/main_blocks.7/Transpose	['/vector_field/main_blocks.7/linear/linear/Add_output_0']	['/vector_field/main_blocks.7/Transpose_output_0']
240	Transpose	/vector_field/main_blocks.13/Transpose	['/vector_field/main_blocks.13/linear/linear/Add_output_0']	['/vector_field/main_blocks.13/Transpose_output_0']
241	Transpose	/vector_field/main_blocks.19/Transpose	['/vector_field/main_blocks.19/linear/linear/Add_output_0']	['/vector_field/main_blocks.19/Transpose_output_0']
242	Add	/vector_field/main_blocks.0/convnext.0/Add	['/vector_field/main_blocks.0/convnext.0/Mul_output_0', '/vector_field/main_blocks.0/convnext.0/Mul_2_output_0']	['/vector_field/main_blocks.0/convnext.0/Add_output_0']
243	Mul	/vector_field/main_blocks.0/convnext.0/Mul_3	['/vector_field/main_blocks.0/convnext.0/Add_output_0', 'latent_mask']	['/vector_field/main_blocks.0/convnext.0/Mul_3_output_0']
244	Mul	/vector_field/main_blocks.0/convnext.1/Mul	['/vector_field/main_blocks.0/convnext.0/Mul_3_output_0', 'latent_mask']	['/vector_field/main_blocks.0/convnext.1/Mul_output_0']
245	Pad	/vector_field/main_blocks.0/convnext.1/dwconv/Pad	['/vector_field/main_blocks.0/convnext.1/Mul_output_0', '/vector_field/main_blocks.0/convnext.1/dwconv/Cast_output_0']	['/vector_field/main_blocks.0/convnext.1/dwconv/Pad_output_0']
246	Conv	/vector_field/main_blocks.0/convnext.1/dwconv/Conv	['/vector_field/main_blocks.0/convnext.1/dwconv/Pad_output_0', 'tts.ttl.vector_field.main_blocks.0.convnext.1.dwconv.weight', 'tts.ttl.vector_field.main_blocks.0.convnext.1.dwconv.bias']	['/vector_field/main_blocks.0/convnext.1/dwconv/Conv_output_0']
247	Mul	/vector_field/main_blocks.0/convnext.1/Mul_1	['/vector_field/main_blocks.0/convnext.1/dwconv/Conv_output_0', 'latent_mask']	['/vector_field/main_blocks.0/convnext.1/Mul_1_output_0']
248	Transpose	/vector_field/main_blocks.0/convnext.1/norm/Transpose	['/vector_field/main_blocks.0/convnext.1/Mul_1_output_0']	['/vector_field/main_blocks.0/convnext.1/norm/Transpose_output_0']
249	LayerNormalization	/vector_field/main_blocks.0/convnext.1/norm/norm/LayerNormalization	['/vector_field/main_blocks.0/convnext.1/norm/Transpose_output_0', 'tts.ttl.vector_field.main_blocks.0.convnext.1.norm.norm.weight', 'tts.ttl.vector_field.main_blocks.0.convnext.1.norm.norm.bias']	['/vector_field/main_blocks.0/convnext.1/norm/norm/LayerNormalization_output_0']
250	Transpose	/vector_field/main_blocks.0/convnext.1/norm/Transpose_1	['/vector_field/main_blocks.0/convnext.1/norm/norm/LayerNormalization_output_0']	['/vector_field/main_blocks.0/convnext.1/norm/Transpose_1_output_0']
251	Conv	/vector_field/main_blocks.0/convnext.1/pwconv1/Conv	['/vector_field/main_blocks.0/convnext.1/norm/Transpose_1_output_0', 'tts.ttl.vector_field.main_blocks.0.convnext.1.pwconv1.weight', 'tts.ttl.vector_field.main_blocks.0.convnext.1.pwconv1.bias']	['/vector_field/main_blocks.0/convnext.1/pwconv1/Conv_output_0']
252	Div	/vector_field/main_blocks.0/convnext.1/act/Div	['/vector_field/main_blocks.0/convnext.1/pwconv1/Conv_output_0', '/vector_field/main_blocks.0/convnext.0/act/Constant_output_0']	['/vector_field/main_blocks.0/convnext.1/act/Div_output_0']
253	Erf	/vector_field/main_blocks.0/convnext.1/act/Erf	['/vector_field/main_blocks.0/convnext.1/act/Div_output_0']	['/vector_field/main_blocks.0/convnext.1/act/Erf_output_0']
254	Add	/vector_field/main_blocks.0/convnext.1/act/Add	['/vector_field/main_blocks.0/convnext.1/act/Erf_output_0', '/vector_field/main_blocks.0/convnext.0/act/Constant_1_output_0']	['/vector_field/main_blocks.0/convnext.1/act/Add_output_0']
255	Mul	/vector_field/main_blocks.0/convnext.1/act/Mul	['/vector_field/main_blocks.0/convnext.1/pwconv1/Conv_output_0', '/vector_field/main_blocks.0/convnext.1/act/Add_output_0']	['/vector_field/main_blocks.0/convnext.1/act/Mul_output_0']
256	Mul	/vector_field/main_blocks.0/convnext.1/act/Mul_1	['/vector_field/main_blocks.0/convnext.1/act/Mul_output_0', '/vector_field/main_blocks.0/convnext.0/act/Constant_2_output_0']	['/vector_field/main_blocks.0/convnext.1/act/Mul_1_output_0']
257	Conv	/vector_field/main_blocks.0/convnext.1/pwconv2/Conv	['/vector_field/main_blocks.0/convnext.1/act/Mul_1_output_0', 'tts.ttl.vector_field.main_blocks.0.convnext.1.pwconv2.weight', 'tts.ttl.vector_field.main_blocks.0.convnext.1.pwconv2.bias']	['/vector_field/main_blocks.0/convnext.1/pwconv2/Conv_output_0']
258	Mul	/vector_field/main_blocks.0/convnext.1/Mul_2	['tts.ttl.vector_field.main_blocks.0.convnext.1.gamma', '/vector_field/main_blocks.0/convnext.1/pwconv2/Conv_output_0']	['/vector_field/main_blocks.0/convnext.1/Mul_2_output_0']
259	Add	/vector_field/main_blocks.0/convnext.1/Add	['/vector_field/main_blocks.0/convnext.1/Mul_output_0', '/vector_field/main_blocks.0/convnext.1/Mul_2_output_0']	['/vector_field/main_blocks.0/convnext.1/Add_output_0']
260	Mul	/vector_field/main_blocks.0/convnext.1/Mul_3	['/vector_field/main_blocks.0/convnext.1/Add_output_0', 'latent_mask']	['/vector_field/main_blocks.0/convnext.1/Mul_3_output_0']
261	Mul	/vector_field/main_blocks.0/convnext.2/Mul	['/vector_field/main_blocks.0/convnext.1/Mul_3_output_0', 'latent_mask']	['/vector_field/main_blocks.0/convnext.2/Mul_output_0']
262	Pad	/vector_field/main_blocks.0/convnext.2/dwconv/Pad	['/vector_field/main_blocks.0/convnext.2/Mul_output_0', '/vector_field/main_blocks.0/convnext.2/dwconv/Cast_output_0']	['/vector_field/main_blocks.0/convnext.2/dwconv/Pad_output_0']
263	Conv	/vector_field/main_blocks.0/convnext.2/dwconv/Conv	['/vector_field/main_blocks.0/convnext.2/dwconv/Pad_output_0', 'tts.ttl.vector_field.main_blocks.0.convnext.2.dwconv.weight', 'tts.ttl.vector_field.main_blocks.0.convnext.2.dwconv.bias']	['/vector_field/main_blocks.0/convnext.2/dwconv/Conv_output_0']
264	Mul	/vector_field/main_blocks.0/convnext.2/Mul_1	['/vector_field/main_blocks.0/convnext.2/dwconv/Conv_output_0', 'latent_mask']	['/vector_field/main_blocks.0/convnext.2/Mul_1_output_0']
265	Transpose	/vector_field/main_blocks.0/convnext.2/norm/Transpose	['/vector_field/main_blocks.0/convnext.2/Mul_1_output_0']	['/vector_field/main_blocks.0/convnext.2/norm/Transpose_output_0']
266	LayerNormalization	/vector_field/main_blocks.0/convnext.2/norm/norm/LayerNormalization	['/vector_field/main_blocks.0/convnext.2/norm/Transpose_output_0', 'tts.ttl.vector_field.main_blocks.0.convnext.2.norm.norm.weight', 'tts.ttl.vector_field.main_blocks.0.convnext.2.norm.norm.bias']	['/vector_field/main_blocks.0/convnext.2/norm/norm/LayerNormalization_output_0']
267	Transpose	/vector_field/main_blocks.0/convnext.2/norm/Transpose_1	['/vector_field/main_blocks.0/convnext.2/norm/norm/LayerNormalization_output_0']	['/vector_field/main_blocks.0/convnext.2/norm/Transpose_1_output_0']
268	Conv	/vector_field/main_blocks.0/convnext.2/pwconv1/Conv	['/vector_field/main_blocks.0/convnext.2/norm/Transpose_1_output_0', 'tts.ttl.vector_field.main_blocks.0.convnext.2.pwconv1.weight', 'tts.ttl.vector_field.main_blocks.0.convnext.2.pwconv1.bias']	['/vector_field/main_blocks.0/convnext.2/pwconv1/Conv_output_0']
269	Div	/vector_field/main_blocks.0/convnext.2/act/Div	['/vector_field/main_blocks.0/convnext.2/pwconv1/Conv_output_0', '/vector_field/main_blocks.0/convnext.0/act/Constant_output_0']	['/vector_field/main_blocks.0/convnext.2/act/Div_output_0']
270	Erf	/vector_field/main_blocks.0/convnext.2/act/Erf	['/vector_field/main_blocks.0/convnext.2/act/Div_output_0']	['/vector_field/main_blocks.0/convnext.2/act/Erf_output_0']
271	Add	/vector_field/main_blocks.0/convnext.2/act/Add	['/vector_field/main_blocks.0/convnext.2/act/Erf_output_0', '/vector_field/main_blocks.0/convnext.0/act/Constant_1_output_0']	['/vector_field/main_blocks.0/convnext.2/act/Add_output_0']
272	Mul	/vector_field/main_blocks.0/convnext.2/act/Mul	['/vector_field/main_blocks.0/convnext.2/pwconv1/Conv_output_0', '/vector_field/main_blocks.0/convnext.2/act/Add_output_0']	['/vector_field/main_blocks.0/convnext.2/act/Mul_output_0']
273	Mul	/vector_field/main_blocks.0/convnext.2/act/Mul_1	['/vector_field/main_blocks.0/convnext.2/act/Mul_output_0', '/vector_field/main_blocks.0/convnext.0/act/Constant_2_output_0']	['/vector_field/main_blocks.0/convnext.2/act/Mul_1_output_0']
274	Conv	/vector_field/main_blocks.0/convnext.2/pwconv2/Conv	['/vector_field/main_blocks.0/convnext.2/act/Mul_1_output_0', 'tts.ttl.vector_field.main_blocks.0.convnext.2.pwconv2.weight', 'tts.ttl.vector_field.main_blocks.0.convnext.2.pwconv2.bias']	['/vector_field/main_blocks.0/convnext.2/pwconv2/Conv_output_0']
275	Mul	/vector_field/main_blocks.0/convnext.2/Mul_2	['tts.ttl.vector_field.main_blocks.0.convnext.2.gamma', '/vector_field/main_blocks.0/convnext.2/pwconv2/Conv_output_0']	['/vector_field/main_blocks.0/convnext.2/Mul_2_output_0']
276	Add	/vector_field/main_blocks.0/convnext.2/Add	['/vector_field/main_blocks.0/convnext.2/Mul_output_0', '/vector_field/main_blocks.0/convnext.2/Mul_2_output_0']	['/vector_field/main_blocks.0/convnext.2/Add_output_0']
277	Mul	/vector_field/main_blocks.0/convnext.2/Mul_3	['/vector_field/main_blocks.0/convnext.2/Add_output_0', 'latent_mask']	['/vector_field/main_blocks.0/convnext.2/Mul_3_output_0']
278	Mul	/vector_field/main_blocks.0/convnext.3/Mul	['/vector_field/main_blocks.0/convnext.2/Mul_3_output_0', 'latent_mask']	['/vector_field/main_blocks.0/convnext.3/Mul_output_0']
279	Pad	/vector_field/main_blocks.0/convnext.3/dwconv/Pad	['/vector_field/main_blocks.0/convnext.3/Mul_output_0', '/vector_field/main_blocks.0/convnext.3/dwconv/Cast_output_0']	['/vector_field/main_blocks.0/convnext.3/dwconv/Pad_output_0']
280	Conv	/vector_field/main_blocks.0/convnext.3/dwconv/Conv	['/vector_field/main_blocks.0/convnext.3/dwconv/Pad_output_0', 'tts.ttl.vector_field.main_blocks.0.convnext.3.dwconv.weight', 'tts.ttl.vector_field.main_blocks.0.convnext.3.dwconv.bias']	['/vector_field/main_blocks.0/convnext.3/dwconv/Conv_output_0']
281	Mul	/vector_field/main_blocks.0/convnext.3/Mul_1	['/vector_field/main_blocks.0/convnext.3/dwconv/Conv_output_0', 'latent_mask']	['/vector_field/main_blocks.0/convnext.3/Mul_1_output_0']
282	Transpose	/vector_field/main_blocks.0/convnext.3/norm/Transpose	['/vector_field/main_blocks.0/convnext.3/Mul_1_output_0']	['/vector_field/main_blocks.0/convnext.3/norm/Transpose_output_0']
283	LayerNormalization	/vector_field/main_blocks.0/convnext.3/norm/norm/LayerNormalization	['/vector_field/main_blocks.0/convnext.3/norm/Transpose_output_0', 'tts.ttl.vector_field.main_blocks.0.convnext.3.norm.norm.weight', 'tts.ttl.vector_field.main_blocks.0.convnext.3.norm.norm.bias']	['/vector_field/main_blocks.0/convnext.3/norm/norm/LayerNormalization_output_0']
284	Transpose	/vector_field/main_blocks.0/convnext.3/norm/Transpose_1	['/vector_field/main_blocks.0/convnext.3/norm/norm/LayerNormalization_output_0']	['/vector_field/main_blocks.0/convnext.3/norm/Transpose_1_output_0']
285	Conv	/vector_field/main_blocks.0/convnext.3/pwconv1/Conv	['/vector_field/main_blocks.0/convnext.3/norm/Transpose_1_output_0', 'tts.ttl.vector_field.main_blocks.0.convnext.3.pwconv1.weight', 'tts.ttl.vector_field.main_blocks.0.convnext.3.pwconv1.bias']	['/vector_field/main_blocks.0/convnext.3/pwconv1/Conv_output_0']
286	Div	/vector_field/main_blocks.0/convnext.3/act/Div	['/vector_field/main_blocks.0/convnext.3/pwconv1/Conv_output_0', '/vector_field/main_blocks.0/convnext.0/act/Constant_output_0']	['/vector_field/main_blocks.0/convnext.3/act/Div_output_0']
287	Erf	/vector_field/main_blocks.0/convnext.3/act/Erf	['/vector_field/main_blocks.0/convnext.3/act/Div_output_0']	['/vector_field/main_blocks.0/convnext.3/act/Erf_output_0']
288	Add	/vector_field/main_blocks.0/convnext.3/act/Add	['/vector_field/main_blocks.0/convnext.3/act/Erf_output_0', '/vector_field/main_blocks.0/convnext.0/act/Constant_1_output_0']	['/vector_field/main_blocks.0/convnext.3/act/Add_output_0']
289	Mul	/vector_field/main_blocks.0/convnext.3/act/Mul	['/vector_field/main_blocks.0/convnext.3/pwconv1/Conv_output_0', '/vector_field/main_blocks.0/convnext.3/act/Add_output_0']	['/vector_field/main_blocks.0/convnext.3/act/Mul_output_0']
290	Mul	/vector_field/main_blocks.0/convnext.3/act/Mul_1	['/vector_field/main_blocks.0/convnext.3/act/Mul_output_0', '/vector_field/main_blocks.0/convnext.0/act/Constant_2_output_0']	['/vector_field/main_blocks.0/convnext.3/act/Mul_1_output_0']
291	Conv	/vector_field/main_blocks.0/convnext.3/pwconv2/Conv	['/vector_field/main_blocks.0/convnext.3/act/Mul_1_output_0', 'tts.ttl.vector_field.main_blocks.0.convnext.3.pwconv2.weight', 'tts.ttl.vector_field.main_blocks.0.convnext.3.pwconv2.bias']	['/vector_field/main_blocks.0/convnext.3/pwconv2/Conv_output_0']
292	Mul	/vector_field/main_blocks.0/convnext.3/Mul_2	['tts.ttl.vector_field.main_blocks.0.convnext.3.gamma', '/vector_field/main_blocks.0/convnext.3/pwconv2/Conv_output_0']	['/vector_field/main_blocks.0/convnext.3/Mul_2_output_0']
293	Add	/vector_field/main_blocks.0/convnext.3/Add	['/vector_field/main_blocks.0/convnext.3/Mul_output_0', '/vector_field/main_blocks.0/convnext.3/Mul_2_output_0']	['/vector_field/main_blocks.0/convnext.3/Add_output_0']
294	Mul	/vector_field/main_blocks.0/convnext.3/Mul_3	['/vector_field/main_blocks.0/convnext.3/Add_output_0', 'latent_mask']	['/vector_field/main_blocks.0/convnext.3/Mul_3_output_0']
295	Add	/vector_field/main_blocks.1/Add	['/vector_field/main_blocks.0/convnext.3/Mul_3_output_0', '/vector_field/main_blocks.1/Transpose_1_output_0']	['/vector_field/main_blocks.1/Add_output_0']
296	Mul	/vector_field/main_blocks.1/Mul	['/vector_field/main_blocks.1/Add_output_0', 'latent_mask']	['/vector_field/main_blocks.1/Mul_output_0']
297	Mul	/vector_field/main_blocks.2/convnext.0/Mul	['/vector_field/main_blocks.1/Mul_output_0', 'latent_mask']	['/vector_field/main_blocks.2/convnext.0/Mul_output_0']
298	Pad	/vector_field/main_blocks.2/convnext.0/dwconv/Pad	['/vector_field/main_blocks.2/convnext.0/Mul_output_0', '/vector_field/main_blocks.0/convnext.0/dwconv/Cast_output_0']	['/vector_field/main_blocks.2/convnext.0/dwconv/Pad_output_0']
299	Conv	/vector_field/main_blocks.2/convnext.0/dwconv/Conv	['/vector_field/main_blocks.2/convnext.0/dwconv/Pad_output_0', 'tts.ttl.vector_field.main_blocks.2.convnext.0.dwconv.weight', 'tts.ttl.vector_field.main_blocks.2.convnext.0.dwconv.bias']	['/vector_field/main_blocks.2/convnext.0/dwconv/Conv_output_0']
300	Mul	/vector_field/main_blocks.2/convnext.0/Mul_1	['/vector_field/main_blocks.2/convnext.0/dwconv/Conv_output_0', 'latent_mask']	['/vector_field/main_blocks.2/convnext.0/Mul_1_output_0']
301	Transpose	/vector_field/main_blocks.2/convnext.0/norm/Transpose	['/vector_field/main_blocks.2/convnext.0/Mul_1_output_0']	['/vector_field/main_blocks.2/convnext.0/norm/Transpose_output_0']
302	LayerNormalization	/vector_field/main_blocks.2/convnext.0/norm/norm/LayerNormalization	['/vector_field/main_blocks.2/convnext.0/norm/Transpose_output_0', 'tts.ttl.vector_field.main_blocks.2.convnext.0.norm.norm.weight', 'tts.ttl.vector_field.main_blocks.2.convnext.0.norm.norm.bias']	['/vector_field/main_blocks.2/convnext.0/norm/norm/LayerNormalization_output_0']
303	Transpose	/vector_field/main_blocks.2/convnext.0/norm/Transpose_1	['/vector_field/main_blocks.2/convnext.0/norm/norm/LayerNormalization_output_0']	['/vector_field/main_blocks.2/convnext.0/norm/Transpose_1_output_0']
304	Conv	/vector_field/main_blocks.2/convnext.0/pwconv1/Conv	['/vector_field/main_blocks.2/convnext.0/norm/Transpose_1_output_0', 'tts.ttl.vector_field.main_blocks.2.convnext.0.pwconv1.weight', 'tts.ttl.vector_field.main_blocks.2.convnext.0.pwconv1.bias']	['/vector_field/main_blocks.2/convnext.0/pwconv1/Conv_output_0']
305	Div	/vector_field/main_blocks.2/convnext.0/act/Div	['/vector_field/main_blocks.2/convnext.0/pwconv1/Conv_output_0', '/vector_field/main_blocks.0/convnext.0/act/Constant_output_0']	['/vector_field/main_blocks.2/convnext.0/act/Div_output_0']
306	Erf	/vector_field/main_blocks.2/convnext.0/act/Erf	['/vector_field/main_blocks.2/convnext.0/act/Div_output_0']	['/vector_field/main_blocks.2/convnext.0/act/Erf_output_0']
307	Add	/vector_field/main_blocks.2/convnext.0/act/Add	['/vector_field/main_blocks.2/convnext.0/act/Erf_output_0', '/vector_field/main_blocks.0/convnext.0/act/Constant_1_output_0']	['/vector_field/main_blocks.2/convnext.0/act/Add_output_0']
308	Mul	/vector_field/main_blocks.2/convnext.0/act/Mul	['/vector_field/main_blocks.2/convnext.0/pwconv1/Conv_output_0', '/vector_field/main_blocks.2/convnext.0/act/Add_output_0']	['/vector_field/main_blocks.2/convnext.0/act/Mul_output_0']
309	Mul	/vector_field/main_blocks.2/convnext.0/act/Mul_1	['/vector_field/main_blocks.2/convnext.0/act/Mul_output_0', '/vector_field/main_blocks.0/convnext.0/act/Constant_2_output_0']	['/vector_field/main_blocks.2/convnext.0/act/Mul_1_output_0']
310	Conv	/vector_field/main_blocks.2/convnext.0/pwconv2/Conv	['/vector_field/main_blocks.2/convnext.0/act/Mul_1_output_0', 'tts.ttl.vector_field.main_blocks.2.convnext.0.pwconv2.weight', 'tts.ttl.vector_field.main_blocks.2.convnext.0.pwconv2.bias']	['/vector_field/main_blocks.2/convnext.0/pwconv2/Conv_output_0']
311	Mul	/vector_field/main_blocks.2/convnext.0/Mul_2	['tts.ttl.vector_field.main_blocks.2.convnext.0.gamma', '/vector_field/main_blocks.2/convnext.0/pwconv2/Conv_output_0']	['/vector_field/main_blocks.2/convnext.0/Mul_2_output_0']
312	Add	/vector_field/main_blocks.2/convnext.0/Add	['/vector_field/main_blocks.2/convnext.0/Mul_output_0', '/vector_field/main_blocks.2/convnext.0/Mul_2_output_0']	['/vector_field/main_blocks.2/convnext.0/Add_output_0']
313	Mul	/vector_field/main_blocks.2/convnext.0/Mul_3	['/vector_field/main_blocks.2/convnext.0/Add_output_0', 'latent_mask']	['/vector_field/main_blocks.2/convnext.0/Mul_3_output_0']
314	Mul	/vector_field/main_blocks.3/Mul	['/vector_field/main_blocks.2/convnext.0/Mul_3_output_0', 'latent_mask']	['/vector_field/main_blocks.3/Mul_output_0']
315	Transpose	/vector_field/main_blocks.3/Transpose	['/vector_field/main_blocks.3/Mul_output_0']	['/vector_field/main_blocks.3/Transpose_output_0']
316	MatMul	/vector_field/main_blocks.3/attn/W_query/linear/MatMul	['/vector_field/main_blocks.3/Transpose_output_0', 'onnx::MatMul_3101']	['/vector_field/main_blocks.3/attn/W_query/linear/MatMul_output_0']
317	Add	/vector_field/main_blocks.3/attn/W_query/linear/Add	['tts.ttl.vector_field.main_blocks.3.attn.W_query.linear.bias', '/vector_field/main_blocks.3/attn/W_query/linear/MatMul_output_0']	['/vector_field/main_blocks.3/attn/W_query/linear/Add_output_0']
318	Split	/vector_field/main_blocks.3/attn/Split	['/vector_field/main_blocks.3/attn/W_query/linear/Add_output_0', '/vector_field/main_blocks.3/attn/Constant_5_output_0']	['/vector_field/main_blocks.3/attn/Split_output_0', '/vector_field/main_blocks.3/attn/Split_output_1', '/vector_field/main_blocks.3/attn/Split_output_2', '/vector_field/main_blocks.3/attn/Split_output_3']
319	Unsqueeze	/vector_field/main_blocks.3/attn/Unsqueeze	['/vector_field/main_blocks.3/attn/Split_output_0', '/vector_field/main_blocks.3/attn/Constant_40_output_0']	['/vector_field/main_blocks.3/attn/Unsqueeze_output_0']
320	Unsqueeze	/vector_field/main_blocks.3/attn/Unsqueeze_1	['/vector_field/main_blocks.3/attn/Split_output_1', '/vector_field/main_blocks.3/attn/Constant_40_output_0']	['/vector_field/main_blocks.3/attn/Unsqueeze_1_output_0']
321	Unsqueeze	/vector_field/main_blocks.3/attn/Unsqueeze_2	['/vector_field/main_blocks.3/attn/Split_output_2', '/vector_field/main_blocks.3/attn/Constant_40_output_0']	['/vector_field/main_blocks.3/attn/Unsqueeze_2_output_0']
322	Unsqueeze	/vector_field/main_blocks.3/attn/Unsqueeze_3	['/vector_field/main_blocks.3/attn/Split_output_3', '/vector_field/main_blocks.3/attn/Constant_40_output_0']	['/vector_field/main_blocks.3/attn/Unsqueeze_3_output_0']
323	Concat	/vector_field/main_blocks.3/attn/Concat	['/vector_field/main_blocks.3/attn/Unsqueeze_output_0', '/vector_field/main_blocks.3/attn/Unsqueeze_1_output_0', '/vector_field/main_blocks.3/attn/Unsqueeze_2_output_0', '/vector_field/main_blocks.3/attn/Unsqueeze_3_output_0']	['/vector_field/main_blocks.3/attn/Concat_output_0']
324	Slice	/vector_field/main_blocks.3/attn/Slice_1	['/vector_field/main_blocks.3/attn/Concat_output_0', '/vector_field/main_blocks.3/attn/Constant_40_output_0', '/vector_field/main_blocks.3/attn/Mul_8_output_0', '/vector_field/time_encoder/sinusoidal/Constant_output_0']	['/vector_field/main_blocks.3/attn/Slice_1_output_0']
325	Slice	/vector_field/main_blocks.3/attn/Slice_2	['/vector_field/main_blocks.3/attn/Concat_output_0', '/vector_field/main_blocks.3/attn/Mul_8_output_0', '/vector_field/main_blocks.3/attn/Mul_9_output_0', '/vector_field/time_encoder/sinusoidal/Constant_output_0']	['/vector_field/main_blocks.3/attn/Slice_2_output_0']
326	Mul	/vector_field/main_blocks.3/attn/Mul_3	['/vector_field/main_blocks.3/attn/Slice_1_output_0', '/vector_field/main_blocks.3/attn/Cos_output_0']	['/vector_field/main_blocks.3/attn/Mul_3_output_0']
327	Mul	/vector_field/main_blocks.3/attn/Mul_4	['/vector_field/main_blocks.3/attn/Slice_2_output_0', '/vector_field/main_blocks.3/attn/Sin_output_0']	['/vector_field/main_blocks.3/attn/Mul_4_output_0']
328	Mul	/vector_field/main_blocks.3/attn/Mul_5	['/vector_field/main_blocks.3/attn/Slice_1_output_0', '/vector_field/main_blocks.3/attn/Sin_output_0']	['/vector_field/main_blocks.3/attn/Mul_5_output_0']
329	Mul	/vector_field/main_blocks.3/attn/Mul_6	['/vector_field/main_blocks.3/attn/Slice_2_output_0', '/vector_field/main_blocks.3/attn/Cos_output_0']	['/vector_field/main_blocks.3/attn/Mul_6_output_0']
330	Sub	/vector_field/main_blocks.3/attn/Sub	['/vector_field/main_blocks.3/attn/Mul_3_output_0', '/vector_field/main_blocks.3/attn/Mul_4_output_0']	['/vector_field/main_blocks.3/attn/Sub_output_0']
331	Add	/vector_field/main_blocks.3/attn/Add_1	['/vector_field/main_blocks.3/attn/Mul_5_output_0', '/vector_field/main_blocks.3/attn/Mul_6_output_0']	['/vector_field/main_blocks.3/attn/Add_1_output_0']
332	Concat	/vector_field/main_blocks.3/attn/Concat_3	['/vector_field/main_blocks.3/attn/Sub_output_0', '/vector_field/main_blocks.3/attn/Add_1_output_0']	['/vector_field/main_blocks.3/attn/Concat_3_output_0']
333	MatMul	/vector_field/main_blocks.3/attn/MatMul	['/vector_field/main_blocks.3/attn/Concat_3_output_0', '/vector_field/main_blocks.3/attn/Transpose_output_0']	['/vector_field/main_blocks.3/attn/MatMul_output_0']
334	Div	/vector_field/main_blocks.3/attn/Div_4	['/vector_field/main_blocks.3/attn/MatMul_output_0', '/vector_field/main_blocks.3/attn/Constant_39_output_0']	['/vector_field/main_blocks.3/attn/Div_4_output_0']
335	Where	/vector_field/main_blocks.3/attn/Where	['/vector_field/main_blocks.21/attn/Cast_2_output_0', '/vector_field/main_blocks.3/attn/Constant_42_output_0', '/vector_field/main_blocks.3/attn/Div_4_output_0']	['/vector_field/main_blocks.3/attn/Where_output_0']
336	Softmax	/vector_field/main_blocks.3/attn/Softmax	['/vector_field/main_blocks.3/attn/Where_output_0']	['/vector_field/main_blocks.3/attn/Softmax_output_0']
337	Where	/vector_field/main_blocks.3/attn/Where_1	['/vector_field/main_blocks.23/attention/Cast_output_0', '/vector_field/main_blocks.3/attn/Constant_44_output_0', '/vector_field/main_blocks.3/attn/Softmax_output_0']	['/vector_field/main_blocks.3/attn/Where_1_output_0']
338	MatMul	/vector_field/main_blocks.3/attn/MatMul_1	['/vector_field/main_blocks.3/attn/Where_1_output_0', '/vector_field/main_blocks.3/attn/Concat_2_output_0']	['/vector_field/main_blocks.3/attn/MatMul_1_output_0']
339	Split	/vector_field/main_blocks.3/attn/Split_3	['/vector_field/main_blocks.3/attn/MatMul_1_output_0', '/vector_field/main_blocks.3/attn/Constant_46_output_0']	['/vector_field/main_blocks.3/attn/Split_3_output_0', '/vector_field/main_blocks.3/attn/Split_3_output_1', '/vector_field/main_blocks.3/attn/Split_3_output_2', '/vector_field/main_blocks.3/attn/Split_3_output_3']
340	Concat	/vector_field/main_blocks.3/attn/Concat_5	['/vector_field/main_blocks.3/attn/Split_3_output_0', '/vector_field/main_blocks.3/attn/Split_3_output_1', '/vector_field/main_blocks.3/attn/Split_3_output_2', '/vector_field/main_blocks.3/attn/Split_3_output_3']	['/vector_field/main_blocks.3/attn/Concat_5_output_0']
341	Squeeze	/vector_field/main_blocks.3/attn/Squeeze	['/vector_field/main_blocks.3/attn/Concat_5_output_0', '/vector_field/main_blocks.3/attn/Constant_40_output_0']	['/vector_field/main_blocks.3/attn/Squeeze_output_0']
342	MatMul	/vector_field/main_blocks.3/attn/out_fc/linear/MatMul	['/vector_field/main_blocks.3/attn/Squeeze_output_0', 'onnx::MatMul_3110']	['/vector_field/main_blocks.3/attn/out_fc/linear/MatMul_output_0']
343	Add	/vector_field/main_blocks.3/attn/out_fc/linear/Add	['tts.ttl.vector_field.main_blocks.3.attn.out_fc.linear.bias', '/vector_field/main_blocks.3/attn/out_fc/linear/MatMul_output_0']	['/vector_field/main_blocks.3/attn/out_fc/linear/Add_output_0']
344	Mul	/vector_field/main_blocks.3/attn/Mul_14	['/vector_field/main_blocks.3/attn/out_fc/linear/Add_output_0', '/vector_field/main_blocks.3/Transpose_2_output_0']	['/vector_field/main_blocks.3/attn/Mul_14_output_0']
345	Transpose	/vector_field/main_blocks.3/Transpose_4	['/vector_field/main_blocks.3/attn/Mul_14_output_0']	['/vector_field/main_blocks.3/Transpose_4_output_0']
346	Add	/vector_field/main_blocks.3/Add	['/vector_field/main_blocks.3/Transpose_4_output_0', '/vector_field/main_blocks.3/Mul_output_0']	['/vector_field/main_blocks.3/Add_output_0']
347	Transpose	/vector_field/main_blocks.3/norm/Transpose	['/vector_field/main_blocks.3/Add_output_0']	['/vector_field/main_blocks.3/norm/Transpose_output_0']
348	LayerNormalization	/vector_field/main_blocks.3/norm/norm/LayerNormalization	['/vector_field/main_blocks.3/norm/Transpose_output_0', 'tts.ttl.vector_field.main_blocks.3.norm.norm.weight', 'tts.ttl.vector_field.main_blocks.3.norm.norm.bias']	['/vector_field/main_blocks.3/norm/norm/LayerNormalization_output_0']
349	Transpose	/vector_field/main_blocks.3/norm/Transpose_1	['/vector_field/main_blocks.3/norm/norm/LayerNormalization_output_0']	['/vector_field/main_blocks.3/norm/Transpose_1_output_0']
350	Mul	/vector_field/main_blocks.3/Mul_1	['/vector_field/main_blocks.3/norm/Transpose_1_output_0', 'latent_mask']	['/vector_field/main_blocks.3/Mul_1_output_0']
351	Mul	/vector_field/main_blocks.4/convnext.0/Mul	['/vector_field/main_blocks.3/Mul_1_output_0', 'latent_mask']	['/vector_field/main_blocks.4/convnext.0/Mul_output_0']
352	Pad	/vector_field/main_blocks.4/convnext.0/dwconv/Pad	['/vector_field/main_blocks.4/convnext.0/Mul_output_0', '/vector_field/main_blocks.0/convnext.0/dwconv/Cast_output_0']	['/vector_field/main_blocks.4/convnext.0/dwconv/Pad_output_0']
353	Conv	/vector_field/main_blocks.4/convnext.0/dwconv/Conv	['/vector_field/main_blocks.4/convnext.0/dwconv/Pad_output_0', 'tts.ttl.vector_field.main_blocks.4.convnext.0.dwconv.weight', 'tts.ttl.vector_field.main_blocks.4.convnext.0.dwconv.bias']	['/vector_field/main_blocks.4/convnext.0/dwconv/Conv_output_0']
354	Mul	/vector_field/main_blocks.4/convnext.0/Mul_1	['/vector_field/main_blocks.4/convnext.0/dwconv/Conv_output_0', 'latent_mask']	['/vector_field/main_blocks.4/convnext.0/Mul_1_output_0']
355	Transpose	/vector_field/main_blocks.4/convnext.0/norm/Transpose	['/vector_field/main_blocks.4/convnext.0/Mul_1_output_0']	['/vector_field/main_blocks.4/convnext.0/norm/Transpose_output_0']
356	LayerNormalization	/vector_field/main_blocks.4/convnext.0/norm/norm/LayerNormalization	['/vector_field/main_blocks.4/convnext.0/norm/Transpose_output_0', 'tts.ttl.vector_field.main_blocks.4.convnext.0.norm.norm.weight', 'tts.ttl.vector_field.main_blocks.4.convnext.0.norm.norm.bias']	['/vector_field/main_blocks.4/convnext.0/norm/norm/LayerNormalization_output_0']
357	Transpose	/vector_field/main_blocks.4/convnext.0/norm/Transpose_1	['/vector_field/main_blocks.4/convnext.0/norm/norm/LayerNormalization_output_0']	['/vector_field/main_blocks.4/convnext.0/norm/Transpose_1_output_0']
358	Conv	/vector_field/main_blocks.4/convnext.0/pwconv1/Conv	['/vector_field/main_blocks.4/convnext.0/norm/Transpose_1_output_0', 'tts.ttl.vector_field.main_blocks.4.convnext.0.pwconv1.weight', 'tts.ttl.vector_field.main_blocks.4.convnext.0.pwconv1.bias']	['/vector_field/main_blocks.4/convnext.0/pwconv1/Conv_output_0']
359	Div	/vector_field/main_blocks.4/convnext.0/act/Div	['/vector_field/main_blocks.4/convnext.0/pwconv1/Conv_output_0', '/vector_field/main_blocks.0/convnext.0/act/Constant_output_0']	['/vector_field/main_blocks.4/convnext.0/act/Div_output_0']
360	Erf	/vector_field/main_blocks.4/convnext.0/act/Erf	['/vector_field/main_blocks.4/convnext.0/act/Div_output_0']	['/vector_field/main_blocks.4/convnext.0/act/Erf_output_0']
361	Add	/vector_field/main_blocks.4/convnext.0/act/Add	['/vector_field/main_blocks.4/convnext.0/act/Erf_output_0', '/vector_field/main_blocks.0/convnext.0/act/Constant_1_output_0']	['/vector_field/main_blocks.4/convnext.0/act/Add_output_0']
362	Mul	/vector_field/main_blocks.4/convnext.0/act/Mul	['/vector_field/main_blocks.4/convnext.0/pwconv1/Conv_output_0', '/vector_field/main_blocks.4/convnext.0/act/Add_output_0']	['/vector_field/main_blocks.4/convnext.0/act/Mul_output_0']
363	Mul	/vector_field/main_blocks.4/convnext.0/act/Mul_1	['/vector_field/main_blocks.4/convnext.0/act/Mul_output_0', '/vector_field/main_blocks.0/convnext.0/act/Constant_2_output_0']	['/vector_field/main_blocks.4/convnext.0/act/Mul_1_output_0']
364	Conv	/vector_field/main_blocks.4/convnext.0/pwconv2/Conv	['/vector_field/main_blocks.4/convnext.0/act/Mul_1_output_0', 'tts.ttl.vector_field.main_blocks.4.convnext.0.pwconv2.weight', 'tts.ttl.vector_field.main_blocks.4.convnext.0.pwconv2.bias']	['/vector_field/main_blocks.4/convnext.0/pwconv2/Conv_output_0']
365	Mul	/vector_field/main_blocks.4/convnext.0/Mul_2	['tts.ttl.vector_field.main_blocks.4.convnext.0.gamma', '/vector_field/main_blocks.4/convnext.0/pwconv2/Conv_output_0']	['/vector_field/main_blocks.4/convnext.0/Mul_2_output_0']
366	Add	/vector_field/main_blocks.4/convnext.0/Add	['/vector_field/main_blocks.4/convnext.0/Mul_output_0', '/vector_field/main_blocks.4/convnext.0/Mul_2_output_0']	['/vector_field/main_blocks.4/convnext.0/Add_output_0']
367	Mul	/vector_field/main_blocks.4/convnext.0/Mul_3	['/vector_field/main_blocks.4/convnext.0/Add_output_0', 'latent_mask']	['/vector_field/main_blocks.4/convnext.0/Mul_3_output_0']
368	Mul	/vector_field/main_blocks.5/Mul	['/vector_field/main_blocks.4/convnext.0/Mul_3_output_0', 'latent_mask']	['/vector_field/main_blocks.5/Mul_output_0']
369	Transpose	/vector_field/main_blocks.5/Transpose	['/vector_field/main_blocks.5/Mul_output_0']	['/vector_field/main_blocks.5/Transpose_output_0']
370	MatMul	/vector_field/main_blocks.5/attention/W_query/linear/MatMul	['/vector_field/main_blocks.5/Transpose_output_0', 'onnx::MatMul_3116']	['/vector_field/main_blocks.5/attention/W_query/linear/MatMul_output_0']
371	Add	/vector_field/main_blocks.5/attention/W_query/linear/Add	['tts.ttl.vector_field.main_blocks.5.attention.W_query.linear.bias', '/vector_field/main_blocks.5/attention/W_query/linear/MatMul_output_0']	['/vector_field/main_blocks.5/attention/W_query/linear/Add_output_0']
372	Split	/vector_field/main_blocks.5/attention/Split	['/vector_field/main_blocks.5/attention/W_query/linear/Add_output_0', '/vector_field/main_blocks.5/attention/Constant_6_output_0']	['/vector_field/main_blocks.5/attention/Split_output_0', '/vector_field/main_blocks.5/attention/Split_output_1']
373	Unsqueeze	/vector_field/main_blocks.5/attention/Unsqueeze	['/vector_field/main_blocks.5/attention/Split_output_0', '/vector_field/main_blocks.3/attn/Constant_40_output_0']	['/vector_field/main_blocks.5/attention/Unsqueeze_output_0']
374	Unsqueeze	/vector_field/main_blocks.5/attention/Unsqueeze_1	['/vector_field/main_blocks.5/attention/Split_output_1', '/vector_field/main_blocks.3/attn/Constant_40_output_0']	['/vector_field/main_blocks.5/attention/Unsqueeze_1_output_0']
375	Concat	/vector_field/main_blocks.5/attention/Concat	['/vector_field/main_blocks.5/attention/Unsqueeze_output_0', '/vector_field/main_blocks.5/attention/Unsqueeze_1_output_0']	['/vector_field/main_blocks.5/attention/Concat_output_0']
376	MatMul	/vector_field/main_blocks.5/attention/MatMul	['/vector_field/main_blocks.5/attention/Concat_output_0', '/vector_field/main_blocks.5/attention/tanh/Tanh_output_0']	['/vector_field/main_blocks.5/attention/MatMul_output_0']
377	Div	/vector_field/main_blocks.5/attention/Div	['/vector_field/main_blocks.5/attention/MatMul_output_0', '/vector_field/main_blocks.3/attn/Constant_39_output_0']	['/vector_field/main_blocks.5/attention/Div_output_0']
378	Softmax	/vector_field/main_blocks.5/attention/Softmax	['/vector_field/main_blocks.5/attention/Div_output_0']	['/vector_field/main_blocks.5/attention/Softmax_output_0']
379	Where	/vector_field/main_blocks.5/attention/Where	['/vector_field/main_blocks.23/attention/Cast_output_0', '/vector_field/main_blocks.3/attn/Constant_44_output_0', '/vector_field/main_blocks.5/attention/Softmax_output_0']	['/vector_field/main_blocks.5/attention/Where_output_0']
380	MatMul	/vector_field/main_blocks.5/attention/MatMul_1	['/vector_field/main_blocks.5/attention/Where_output_0', '/vector_field/main_blocks.5/attention/Concat_2_output_0']	['/vector_field/main_blocks.5/attention/MatMul_1_output_0']
381	Split	/vector_field/main_blocks.5/attention/Split_3	['/vector_field/main_blocks.5/attention/MatMul_1_output_0', '/vector_field/main_blocks.5/attention/Constant_11_output_0']	['/vector_field/main_blocks.5/attention/Split_3_output_0', '/vector_field/main_blocks.5/attention/Split_3_output_1']
382	Concat	/vector_field/main_blocks.5/attention/Concat_3	['/vector_field/main_blocks.5/attention/Split_3_output_0', '/vector_field/main_blocks.5/attention/Split_3_output_1']	['/vector_field/main_blocks.5/attention/Concat_3_output_0']
383	Squeeze	/vector_field/main_blocks.5/attention/Squeeze	['/vector_field/main_blocks.5/attention/Concat_3_output_0', '/vector_field/main_blocks.3/attn/Constant_40_output_0']	['/vector_field/main_blocks.5/attention/Squeeze_output_0']
384	MatMul	/vector_field/main_blocks.5/attention/out_fc/linear/MatMul	['/vector_field/main_blocks.5/attention/Squeeze_output_0', 'onnx::MatMul_3119']	['/vector_field/main_blocks.5/attention/out_fc/linear/MatMul_output_0']
385	Add	/vector_field/main_blocks.5/attention/out_fc/linear/Add	['tts.ttl.vector_field.main_blocks.5.attention.out_fc.linear.bias', '/vector_field/main_blocks.5/attention/out_fc/linear/MatMul_output_0']	['/vector_field/main_blocks.5/attention/out_fc/linear/Add_output_0']
386	Mul	/vector_field/main_blocks.5/attention/Mul	['/vector_field/main_blocks.5/attention/out_fc/linear/Add_output_0', '/vector_field/main_blocks.3/Transpose_2_output_0']	['/vector_field/main_blocks.5/attention/Mul_output_0']
387	Transpose	/vector_field/main_blocks.5/Transpose_1	['/vector_field/main_blocks.5/attention/Mul_output_0']	['/vector_field/main_blocks.5/Transpose_1_output_0']
388	Add	/vector_field/main_blocks.5/Add	['/vector_field/main_blocks.5/Transpose_1_output_0', '/vector_field/main_blocks.5/Mul_output_0']	['/vector_field/main_blocks.5/Add_output_0']
389	Transpose	/vector_field/main_blocks.5/norm/Transpose	['/vector_field/main_blocks.5/Add_output_0']	['/vector_field/main_blocks.5/norm/Transpose_output_0']
390	LayerNormalization	/vector_field/main_blocks.5/norm/norm/LayerNormalization	['/vector_field/main_blocks.5/norm/Transpose_output_0', 'tts.ttl.vector_field.main_blocks.5.norm.norm.weight', 'tts.ttl.vector_field.main_blocks.5.norm.norm.bias']	['/vector_field/main_blocks.5/norm/norm/LayerNormalization_output_0']
391	Transpose	/vector_field/main_blocks.5/norm/Transpose_1	['/vector_field/main_blocks.5/norm/norm/LayerNormalization_output_0']	['/vector_field/main_blocks.5/norm/Transpose_1_output_0']
392	Mul	/vector_field/main_blocks.5/Mul_1	['/vector_field/main_blocks.5/norm/Transpose_1_output_0', 'latent_mask']	['/vector_field/main_blocks.5/Mul_1_output_0']
393	Mul	/vector_field/main_blocks.6/convnext.0/Mul	['/vector_field/main_blocks.5/Mul_1_output_0', 'latent_mask']	['/vector_field/main_blocks.6/convnext.0/Mul_output_0']
394	Pad	/vector_field/main_blocks.6/convnext.0/dwconv/Pad	['/vector_field/main_blocks.6/convnext.0/Mul_output_0', '/vector_field/main_blocks.0/convnext.0/dwconv/Cast_output_0']	['/vector_field/main_blocks.6/convnext.0/dwconv/Pad_output_0']
395	Conv	/vector_field/main_blocks.6/convnext.0/dwconv/Conv	['/vector_field/main_blocks.6/convnext.0/dwconv/Pad_output_0', 'tts.ttl.vector_field.main_blocks.6.convnext.0.dwconv.weight', 'tts.ttl.vector_field.main_blocks.6.convnext.0.dwconv.bias']	['/vector_field/main_blocks.6/convnext.0/dwconv/Conv_output_0']
396	Mul	/vector_field/main_blocks.6/convnext.0/Mul_1	['/vector_field/main_blocks.6/convnext.0/dwconv/Conv_output_0', 'latent_mask']	['/vector_field/main_blocks.6/convnext.0/Mul_1_output_0']
397	Transpose	/vector_field/main_blocks.6/convnext.0/norm/Transpose	['/vector_field/main_blocks.6/convnext.0/Mul_1_output_0']	['/vector_field/main_blocks.6/convnext.0/norm/Transpose_output_0']
398	LayerNormalization	/vector_field/main_blocks.6/convnext.0/norm/norm/LayerNormalization	['/vector_field/main_blocks.6/convnext.0/norm/Transpose_output_0', 'tts.ttl.vector_field.main_blocks.6.convnext.0.norm.norm.weight', 'tts.ttl.vector_field.main_blocks.6.convnext.0.norm.norm.bias']	['/vector_field/main_blocks.6/convnext.0/norm/norm/LayerNormalization_output_0']
399	Transpose	/vector_field/main_blocks.6/convnext.0/norm/Transpose_1	['/vector_field/main_blocks.6/convnext.0/norm/norm/LayerNormalization_output_0']	['/vector_field/main_blocks.6/convnext.0/norm/Transpose_1_output_0']
400	Conv	/vector_field/main_blocks.6/convnext.0/pwconv1/Conv	['/vector_field/main_blocks.6/convnext.0/norm/Transpose_1_output_0', 'tts.ttl.vector_field.main_blocks.6.convnext.0.pwconv1.weight', 'tts.ttl.vector_field.main_blocks.6.convnext.0.pwconv1.bias']	['/vector_field/main_blocks.6/convnext.0/pwconv1/Conv_output_0']
401	Div	/vector_field/main_blocks.6/convnext.0/act/Div	['/vector_field/main_blocks.6/convnext.0/pwconv1/Conv_output_0', '/vector_field/main_blocks.0/convnext.0/act/Constant_output_0']	['/vector_field/main_blocks.6/convnext.0/act/Div_output_0']
402	Erf	/vector_field/main_blocks.6/convnext.0/act/Erf	['/vector_field/main_blocks.6/convnext.0/act/Div_output_0']	['/vector_field/main_blocks.6/convnext.0/act/Erf_output_0']
403	Add	/vector_field/main_blocks.6/convnext.0/act/Add	['/vector_field/main_blocks.6/convnext.0/act/Erf_output_0', '/vector_field/main_blocks.0/convnext.0/act/Constant_1_output_0']	['/vector_field/main_blocks.6/convnext.0/act/Add_output_0']
404	Mul	/vector_field/main_blocks.6/convnext.0/act/Mul	['/vector_field/main_blocks.6/convnext.0/pwconv1/Conv_output_0', '/vector_field/main_blocks.6/convnext.0/act/Add_output_0']	['/vector_field/main_blocks.6/convnext.0/act/Mul_output_0']
405	Mul	/vector_field/main_blocks.6/convnext.0/act/Mul_1	['/vector_field/main_blocks.6/convnext.0/act/Mul_output_0', '/vector_field/main_blocks.0/convnext.0/act/Constant_2_output_0']	['/vector_field/main_blocks.6/convnext.0/act/Mul_1_output_0']
406	Conv	/vector_field/main_blocks.6/convnext.0/pwconv2/Conv	['/vector_field/main_blocks.6/convnext.0/act/Mul_1_output_0', 'tts.ttl.vector_field.main_blocks.6.convnext.0.pwconv2.weight', 'tts.ttl.vector_field.main_blocks.6.convnext.0.pwconv2.bias']	['/vector_field/main_blocks.6/convnext.0/pwconv2/Conv_output_0']
407	Mul	/vector_field/main_blocks.6/convnext.0/Mul_2	['tts.ttl.vector_field.main_blocks.6.convnext.0.gamma', '/vector_field/main_blocks.6/convnext.0/pwconv2/Conv_output_0']	['/vector_field/main_blocks.6/convnext.0/Mul_2_output_0']
408	Add	/vector_field/main_blocks.6/convnext.0/Add	['/vector_field/main_blocks.6/convnext.0/Mul_output_0', '/vector_field/main_blocks.6/convnext.0/Mul_2_output_0']	['/vector_field/main_blocks.6/convnext.0/Add_output_0']
409	Mul	/vector_field/main_blocks.6/convnext.0/Mul_3	['/vector_field/main_blocks.6/convnext.0/Add_output_0', 'latent_mask']	['/vector_field/main_blocks.6/convnext.0/Mul_3_output_0']
410	Mul	/vector_field/main_blocks.6/convnext.1/Mul	['/vector_field/main_blocks.6/convnext.0/Mul_3_output_0', 'latent_mask']	['/vector_field/main_blocks.6/convnext.1/Mul_output_0']
411	Pad	/vector_field/main_blocks.6/convnext.1/dwconv/Pad	['/vector_field/main_blocks.6/convnext.1/Mul_output_0', '/vector_field/main_blocks.0/convnext.1/dwconv/Cast_output_0']	['/vector_field/main_blocks.6/convnext.1/dwconv/Pad_output_0']
412	Conv	/vector_field/main_blocks.6/convnext.1/dwconv/Conv	['/vector_field/main_blocks.6/convnext.1/dwconv/Pad_output_0', 'tts.ttl.vector_field.main_blocks.6.convnext.1.dwconv.weight', 'tts.ttl.vector_field.main_blocks.6.convnext.1.dwconv.bias']	['/vector_field/main_blocks.6/convnext.1/dwconv/Conv_output_0']
413	Mul	/vector_field/main_blocks.6/convnext.1/Mul_1	['/vector_field/main_blocks.6/convnext.1/dwconv/Conv_output_0', 'latent_mask']	['/vector_field/main_blocks.6/convnext.1/Mul_1_output_0']
414	Transpose	/vector_field/main_blocks.6/convnext.1/norm/Transpose	['/vector_field/main_blocks.6/convnext.1/Mul_1_output_0']	['/vector_field/main_blocks.6/convnext.1/norm/Transpose_output_0']
415	LayerNormalization	/vector_field/main_blocks.6/convnext.1/norm/norm/LayerNormalization	['/vector_field/main_blocks.6/convnext.1/norm/Transpose_output_0', 'tts.ttl.vector_field.main_blocks.6.convnext.1.norm.norm.weight', 'tts.ttl.vector_field.main_blocks.6.convnext.1.norm.norm.bias']	['/vector_field/main_blocks.6/convnext.1/norm/norm/LayerNormalization_output_0']
416	Transpose	/vector_field/main_blocks.6/convnext.1/norm/Transpose_1	['/vector_field/main_blocks.6/convnext.1/norm/norm/LayerNormalization_output_0']	['/vector_field/main_blocks.6/convnext.1/norm/Transpose_1_output_0']
417	Conv	/vector_field/main_blocks.6/convnext.1/pwconv1/Conv	['/vector_field/main_blocks.6/convnext.1/norm/Transpose_1_output_0', 'tts.ttl.vector_field.main_blocks.6.convnext.1.pwconv1.weight', 'tts.ttl.vector_field.main_blocks.6.convnext.1.pwconv1.bias']	['/vector_field/main_blocks.6/convnext.1/pwconv1/Conv_output_0']
418	Div	/vector_field/main_blocks.6/convnext.1/act/Div	['/vector_field/main_blocks.6/convnext.1/pwconv1/Conv_output_0', '/vector_field/main_blocks.0/convnext.0/act/Constant_output_0']	['/vector_field/main_blocks.6/convnext.1/act/Div_output_0']
419	Erf	/vector_field/main_blocks.6/convnext.1/act/Erf	['/vector_field/main_blocks.6/convnext.1/act/Div_output_0']	['/vector_field/main_blocks.6/convnext.1/act/Erf_output_0']
420	Add	/vector_field/main_blocks.6/convnext.1/act/Add	['/vector_field/main_blocks.6/convnext.1/act/Erf_output_0', '/vector_field/main_blocks.0/convnext.0/act/Constant_1_output_0']	['/vector_field/main_blocks.6/convnext.1/act/Add_output_0']
421	Mul	/vector_field/main_blocks.6/convnext.1/act/Mul	['/vector_field/main_blocks.6/convnext.1/pwconv1/Conv_output_0', '/vector_field/main_blocks.6/convnext.1/act/Add_output_0']	['/vector_field/main_blocks.6/convnext.1/act/Mul_output_0']
422	Mul	/vector_field/main_blocks.6/convnext.1/act/Mul_1	['/vector_field/main_blocks.6/convnext.1/act/Mul_output_0', '/vector_field/main_blocks.0/convnext.0/act/Constant_2_output_0']	['/vector_field/main_blocks.6/convnext.1/act/Mul_1_output_0']
423	Conv	/vector_field/main_blocks.6/convnext.1/pwconv2/Conv	['/vector_field/main_blocks.6/convnext.1/act/Mul_1_output_0', 'tts.ttl.vector_field.main_blocks.6.convnext.1.pwconv2.weight', 'tts.ttl.vector_field.main_blocks.6.convnext.1.pwconv2.bias']	['/vector_field/main_blocks.6/convnext.1/pwconv2/Conv_output_0']
424	Mul	/vector_field/main_blocks.6/convnext.1/Mul_2	['tts.ttl.vector_field.main_blocks.6.convnext.1.gamma', '/vector_field/main_blocks.6/convnext.1/pwconv2/Conv_output_0']	['/vector_field/main_blocks.6/convnext.1/Mul_2_output_0']
425	Add	/vector_field/main_blocks.6/convnext.1/Add	['/vector_field/main_blocks.6/convnext.1/Mul_output_0', '/vector_field/main_blocks.6/convnext.1/Mul_2_output_0']	['/vector_field/main_blocks.6/convnext.1/Add_output_0']
426	Mul	/vector_field/main_blocks.6/convnext.1/Mul_3	['/vector_field/main_blocks.6/convnext.1/Add_output_0', 'latent_mask']	['/vector_field/main_blocks.6/convnext.1/Mul_3_output_0']
427	Mul	/vector_field/main_blocks.6/convnext.2/Mul	['/vector_field/main_blocks.6/convnext.1/Mul_3_output_0', 'latent_mask']	['/vector_field/main_blocks.6/convnext.2/Mul_output_0']
428	Pad	/vector_field/main_blocks.6/convnext.2/dwconv/Pad	['/vector_field/main_blocks.6/convnext.2/Mul_output_0', '/vector_field/main_blocks.0/convnext.2/dwconv/Cast_output_0']	['/vector_field/main_blocks.6/convnext.2/dwconv/Pad_output_0']
429	Conv	/vector_field/main_blocks.6/convnext.2/dwconv/Conv	['/vector_field/main_blocks.6/convnext.2/dwconv/Pad_output_0', 'tts.ttl.vector_field.main_blocks.6.convnext.2.dwconv.weight', 'tts.ttl.vector_field.main_blocks.6.convnext.2.dwconv.bias']	['/vector_field/main_blocks.6/convnext.2/dwconv/Conv_output_0']
430	Mul	/vector_field/main_blocks.6/convnext.2/Mul_1	['/vector_field/main_blocks.6/convnext.2/dwconv/Conv_output_0', 'latent_mask']	['/vector_field/main_blocks.6/convnext.2/Mul_1_output_0']
431	Transpose	/vector_field/main_blocks.6/convnext.2/norm/Transpose	['/vector_field/main_blocks.6/convnext.2/Mul_1_output_0']	['/vector_field/main_blocks.6/convnext.2/norm/Transpose_output_0']
432	LayerNormalization	/vector_field/main_blocks.6/convnext.2/norm/norm/LayerNormalization	['/vector_field/main_blocks.6/convnext.2/norm/Transpose_output_0', 'tts.ttl.vector_field.main_blocks.6.convnext.2.norm.norm.weight', 'tts.ttl.vector_field.main_blocks.6.convnext.2.norm.norm.bias']	['/vector_field/main_blocks.6/convnext.2/norm/norm/LayerNormalization_output_0']
433	Transpose	/vector_field/main_blocks.6/convnext.2/norm/Transpose_1	['/vector_field/main_blocks.6/convnext.2/norm/norm/LayerNormalization_output_0']	['/vector_field/main_blocks.6/convnext.2/norm/Transpose_1_output_0']
434	Conv	/vector_field/main_blocks.6/convnext.2/pwconv1/Conv	['/vector_field/main_blocks.6/convnext.2/norm/Transpose_1_output_0', 'tts.ttl.vector_field.main_blocks.6.convnext.2.pwconv1.weight', 'tts.ttl.vector_field.main_blocks.6.convnext.2.pwconv1.bias']	['/vector_field/main_blocks.6/convnext.2/pwconv1/Conv_output_0']
435	Div	/vector_field/main_blocks.6/convnext.2/act/Div	['/vector_field/main_blocks.6/convnext.2/pwconv1/Conv_output_0', '/vector_field/main_blocks.0/convnext.0/act/Constant_output_0']	['/vector_field/main_blocks.6/convnext.2/act/Div_output_0']
436	Erf	/vector_field/main_blocks.6/convnext.2/act/Erf	['/vector_field/main_blocks.6/convnext.2/act/Div_output_0']	['/vector_field/main_blocks.6/convnext.2/act/Erf_output_0']
437	Add	/vector_field/main_blocks.6/convnext.2/act/Add	['/vector_field/main_blocks.6/convnext.2/act/Erf_output_0', '/vector_field/main_blocks.0/convnext.0/act/Constant_1_output_0']	['/vector_field/main_blocks.6/convnext.2/act/Add_output_0']
438	Mul	/vector_field/main_blocks.6/convnext.2/act/Mul	['/vector_field/main_blocks.6/convnext.2/pwconv1/Conv_output_0', '/vector_field/main_blocks.6/convnext.2/act/Add_output_0']	['/vector_field/main_blocks.6/convnext.2/act/Mul_output_0']
439	Mul	/vector_field/main_blocks.6/convnext.2/act/Mul_1	['/vector_field/main_blocks.6/convnext.2/act/Mul_output_0', '/vector_field/main_blocks.0/convnext.0/act/Constant_2_output_0']	['/vector_field/main_blocks.6/convnext.2/act/Mul_1_output_0']
440	Conv	/vector_field/main_blocks.6/convnext.2/pwconv2/Conv	['/vector_field/main_blocks.6/convnext.2/act/Mul_1_output_0', 'tts.ttl.vector_field.main_blocks.6.convnext.2.pwconv2.weight', 'tts.ttl.vector_field.main_blocks.6.convnext.2.pwconv2.bias']	['/vector_field/main_blocks.6/convnext.2/pwconv2/Conv_output_0']
441	Mul	/vector_field/main_blocks.6/convnext.2/Mul_2	['tts.ttl.vector_field.main_blocks.6.convnext.2.gamma', '/vector_field/main_blocks.6/convnext.2/pwconv2/Conv_output_0']	['/vector_field/main_blocks.6/convnext.2/Mul_2_output_0']
442	Add	/vector_field/main_blocks.6/convnext.2/Add	['/vector_field/main_blocks.6/convnext.2/Mul_output_0', '/vector_field/main_blocks.6/convnext.2/Mul_2_output_0']	['/vector_field/main_blocks.6/convnext.2/Add_output_0']
443	Mul	/vector_field/main_blocks.6/convnext.2/Mul_3	['/vector_field/main_blocks.6/convnext.2/Add_output_0', 'latent_mask']	['/vector_field/main_blocks.6/convnext.2/Mul_3_output_0']
444	Mul	/vector_field/main_blocks.6/convnext.3/Mul	['/vector_field/main_blocks.6/convnext.2/Mul_3_output_0', 'latent_mask']	['/vector_field/main_blocks.6/convnext.3/Mul_output_0']
445	Pad	/vector_field/main_blocks.6/convnext.3/dwconv/Pad	['/vector_field/main_blocks.6/convnext.3/Mul_output_0', '/vector_field/main_blocks.0/convnext.3/dwconv/Cast_output_0']	['/vector_field/main_blocks.6/convnext.3/dwconv/Pad_output_0']
446	Conv	/vector_field/main_blocks.6/convnext.3/dwconv/Conv	['/vector_field/main_blocks.6/convnext.3/dwconv/Pad_output_0', 'tts.ttl.vector_field.main_blocks.6.convnext.3.dwconv.weight', 'tts.ttl.vector_field.main_blocks.6.convnext.3.dwconv.bias']	['/vector_field/main_blocks.6/convnext.3/dwconv/Conv_output_0']
447	Mul	/vector_field/main_blocks.6/convnext.3/Mul_1	['/vector_field/main_blocks.6/convnext.3/dwconv/Conv_output_0', 'latent_mask']	['/vector_field/main_blocks.6/convnext.3/Mul_1_output_0']
448	Transpose	/vector_field/main_blocks.6/convnext.3/norm/Transpose	['/vector_field/main_blocks.6/convnext.3/Mul_1_output_0']	['/vector_field/main_blocks.6/convnext.3/norm/Transpose_output_0']
449	LayerNormalization	/vector_field/main_blocks.6/convnext.3/norm/norm/LayerNormalization	['/vector_field/main_blocks.6/convnext.3/norm/Transpose_output_0', 'tts.ttl.vector_field.main_blocks.6.convnext.3.norm.norm.weight', 'tts.ttl.vector_field.main_blocks.6.convnext.3.norm.norm.bias']	['/vector_field/main_blocks.6/convnext.3/norm/norm/LayerNormalization_output_0']
450	Transpose	/vector_field/main_blocks.6/convnext.3/norm/Transpose_1	['/vector_field/main_blocks.6/convnext.3/norm/norm/LayerNormalization_output_0']	['/vector_field/main_blocks.6/convnext.3/norm/Transpose_1_output_0']
451	Conv	/vector_field/main_blocks.6/convnext.3/pwconv1/Conv	['/vector_field/main_blocks.6/convnext.3/norm/Transpose_1_output_0', 'tts.ttl.vector_field.main_blocks.6.convnext.3.pwconv1.weight', 'tts.ttl.vector_field.main_blocks.6.convnext.3.pwconv1.bias']	['/vector_field/main_blocks.6/convnext.3/pwconv1/Conv_output_0']
452	Div	/vector_field/main_blocks.6/convnext.3/act/Div	['/vector_field/main_blocks.6/convnext.3/pwconv1/Conv_output_0', '/vector_field/main_blocks.0/convnext.0/act/Constant_output_0']	['/vector_field/main_blocks.6/convnext.3/act/Div_output_0']
453	Erf	/vector_field/main_blocks.6/convnext.3/act/Erf	['/vector_field/main_blocks.6/convnext.3/act/Div_output_0']	['/vector_field/main_blocks.6/convnext.3/act/Erf_output_0']
454	Add	/vector_field/main_blocks.6/convnext.3/act/Add	['/vector_field/main_blocks.6/convnext.3/act/Erf_output_0', '/vector_field/main_blocks.0/convnext.0/act/Constant_1_output_0']	['/vector_field/main_blocks.6/convnext.3/act/Add_output_0']
455	Mul	/vector_field/main_blocks.6/convnext.3/act/Mul	['/vector_field/main_blocks.6/convnext.3/pwconv1/Conv_output_0', '/vector_field/main_blocks.6/convnext.3/act/Add_output_0']	['/vector_field/main_blocks.6/convnext.3/act/Mul_output_0']
456	Mul	/vector_field/main_blocks.6/convnext.3/act/Mul_1	['/vector_field/main_blocks.6/convnext.3/act/Mul_output_0', '/vector_field/main_blocks.0/convnext.0/act/Constant_2_output_0']	['/vector_field/main_blocks.6/convnext.3/act/Mul_1_output_0']
457	Conv	/vector_field/main_blocks.6/convnext.3/pwconv2/Conv	['/vector_field/main_blocks.6/convnext.3/act/Mul_1_output_0', 'tts.ttl.vector_field.main_blocks.6.convnext.3.pwconv2.weight', 'tts.ttl.vector_field.main_blocks.6.convnext.3.pwconv2.bias']	['/vector_field/main_blocks.6/convnext.3/pwconv2/Conv_output_0']
458	Mul	/vector_field/main_blocks.6/convnext.3/Mul_2	['tts.ttl.vector_field.main_blocks.6.convnext.3.gamma', '/vector_field/main_blocks.6/convnext.3/pwconv2/Conv_output_0']	['/vector_field/main_blocks.6/convnext.3/Mul_2_output_0']
459	Add	/vector_field/main_blocks.6/convnext.3/Add	['/vector_field/main_blocks.6/convnext.3/Mul_output_0', '/vector_field/main_blocks.6/convnext.3/Mul_2_output_0']	['/vector_field/main_blocks.6/convnext.3/Add_output_0']
460	Mul	/vector_field/main_blocks.6/convnext.3/Mul_3	['/vector_field/main_blocks.6/convnext.3/Add_output_0', 'latent_mask']	['/vector_field/main_blocks.6/convnext.3/Mul_3_output_0']
461	Add	/vector_field/main_blocks.7/Add	['/vector_field/main_blocks.6/convnext.3/Mul_3_output_0', '/vector_field/main_blocks.7/Transpose_output_0']	['/vector_field/main_blocks.7/Add_output_0']
462	Mul	/vector_field/main_blocks.7/Mul	['/vector_field/main_blocks.7/Add_output_0', 'latent_mask']	['/vector_field/main_blocks.7/Mul_output_0']
463	Mul	/vector_field/main_blocks.8/convnext.0/Mul	['/vector_field/main_blocks.7/Mul_output_0', 'latent_mask']	['/vector_field/main_blocks.8/convnext.0/Mul_output_0']
464	Pad	/vector_field/main_blocks.8/convnext.0/dwconv/Pad	['/vector_field/main_blocks.8/convnext.0/Mul_output_0', '/vector_field/main_blocks.0/convnext.0/dwconv/Cast_output_0']	['/vector_field/main_blocks.8/convnext.0/dwconv/Pad_output_0']
465	Conv	/vector_field/main_blocks.8/convnext.0/dwconv/Conv	['/vector_field/main_blocks.8/convnext.0/dwconv/Pad_output_0', 'tts.ttl.vector_field.main_blocks.8.convnext.0.dwconv.weight', 'tts.ttl.vector_field.main_blocks.8.convnext.0.dwconv.bias']	['/vector_field/main_blocks.8/convnext.0/dwconv/Conv_output_0']
466	Mul	/vector_field/main_blocks.8/convnext.0/Mul_1	['/vector_field/main_blocks.8/convnext.0/dwconv/Conv_output_0', 'latent_mask']	['/vector_field/main_blocks.8/convnext.0/Mul_1_output_0']
467	Transpose	/vector_field/main_blocks.8/convnext.0/norm/Transpose	['/vector_field/main_blocks.8/convnext.0/Mul_1_output_0']	['/vector_field/main_blocks.8/convnext.0/norm/Transpose_output_0']
468	LayerNormalization	/vector_field/main_blocks.8/convnext.0/norm/norm/LayerNormalization	['/vector_field/main_blocks.8/convnext.0/norm/Transpose_output_0', 'tts.ttl.vector_field.main_blocks.8.convnext.0.norm.norm.weight', 'tts.ttl.vector_field.main_blocks.8.convnext.0.norm.norm.bias']	['/vector_field/main_blocks.8/convnext.0/norm/norm/LayerNormalization_output_0']
469	Transpose	/vector_field/main_blocks.8/convnext.0/norm/Transpose_1	['/vector_field/main_blocks.8/convnext.0/norm/norm/LayerNormalization_output_0']	['/vector_field/main_blocks.8/convnext.0/norm/Transpose_1_output_0']
470	Conv	/vector_field/main_blocks.8/convnext.0/pwconv1/Conv	['/vector_field/main_blocks.8/convnext.0/norm/Transpose_1_output_0', 'tts.ttl.vector_field.main_blocks.8.convnext.0.pwconv1.weight', 'tts.ttl.vector_field.main_blocks.8.convnext.0.pwconv1.bias']	['/vector_field/main_blocks.8/convnext.0/pwconv1/Conv_output_0']
471	Div	/vector_field/main_blocks.8/convnext.0/act/Div	['/vector_field/main_blocks.8/convnext.0/pwconv1/Conv_output_0', '/vector_field/main_blocks.0/convnext.0/act/Constant_output_0']	['/vector_field/main_blocks.8/convnext.0/act/Div_output_0']
472	Erf	/vector_field/main_blocks.8/convnext.0/act/Erf	['/vector_field/main_blocks.8/convnext.0/act/Div_output_0']	['/vector_field/main_blocks.8/convnext.0/act/Erf_output_0']
473	Add	/vector_field/main_blocks.8/convnext.0/act/Add	['/vector_field/main_blocks.8/convnext.0/act/Erf_output_0', '/vector_field/main_blocks.0/convnext.0/act/Constant_1_output_0']	['/vector_field/main_blocks.8/convnext.0/act/Add_output_0']
474	Mul	/vector_field/main_blocks.8/convnext.0/act/Mul	['/vector_field/main_blocks.8/convnext.0/pwconv1/Conv_output_0', '/vector_field/main_blocks.8/convnext.0/act/Add_output_0']	['/vector_field/main_blocks.8/convnext.0/act/Mul_output_0']
475	Mul	/vector_field/main_blocks.8/convnext.0/act/Mul_1	['/vector_field/main_blocks.8/convnext.0/act/Mul_output_0', '/vector_field/main_blocks.0/convnext.0/act/Constant_2_output_0']	['/vector_field/main_blocks.8/convnext.0/act/Mul_1_output_0']
476	Conv	/vector_field/main_blocks.8/convnext.0/pwconv2/Conv	['/vector_field/main_blocks.8/convnext.0/act/Mul_1_output_0', 'tts.ttl.vector_field.main_blocks.8.convnext.0.pwconv2.weight', 'tts.ttl.vector_field.main_blocks.8.convnext.0.pwconv2.bias']	['/vector_field/main_blocks.8/convnext.0/pwconv2/Conv_output_0']
477	Mul	/vector_field/main_blocks.8/convnext.0/Mul_2	['tts.ttl.vector_field.main_blocks.8.convnext.0.gamma', '/vector_field/main_blocks.8/convnext.0/pwconv2/Conv_output_0']	['/vector_field/main_blocks.8/convnext.0/Mul_2_output_0']
478	Add	/vector_field/main_blocks.8/convnext.0/Add	['/vector_field/main_blocks.8/convnext.0/Mul_output_0', '/vector_field/main_blocks.8/convnext.0/Mul_2_output_0']	['/vector_field/main_blocks.8/convnext.0/Add_output_0']
479	Mul	/vector_field/main_blocks.8/convnext.0/Mul_3	['/vector_field/main_blocks.8/convnext.0/Add_output_0', 'latent_mask']	['/vector_field/main_blocks.8/convnext.0/Mul_3_output_0']
480	Mul	/vector_field/main_blocks.9/Mul	['/vector_field/main_blocks.8/convnext.0/Mul_3_output_0', 'latent_mask']	['/vector_field/main_blocks.9/Mul_output_0']
481	Transpose	/vector_field/main_blocks.9/Transpose	['/vector_field/main_blocks.9/Mul_output_0']	['/vector_field/main_blocks.9/Transpose_output_0']
482	MatMul	/vector_field/main_blocks.9/attn/W_query/linear/MatMul	['/vector_field/main_blocks.9/Transpose_output_0', 'onnx::MatMul_3146']	['/vector_field/main_blocks.9/attn/W_query/linear/MatMul_output_0']
483	Add	/vector_field/main_blocks.9/attn/W_query/linear/Add	['tts.ttl.vector_field.main_blocks.9.attn.W_query.linear.bias', '/vector_field/main_blocks.9/attn/W_query/linear/MatMul_output_0']	['/vector_field/main_blocks.9/attn/W_query/linear/Add_output_0']
484	Split	/vector_field/main_blocks.9/attn/Split	['/vector_field/main_blocks.9/attn/W_query/linear/Add_output_0', '/vector_field/main_blocks.3/attn/Constant_5_output_0']	['/vector_field/main_blocks.9/attn/Split_output_0', '/vector_field/main_blocks.9/attn/Split_output_1', '/vector_field/main_blocks.9/attn/Split_output_2', '/vector_field/main_blocks.9/attn/Split_output_3']
485	Unsqueeze	/vector_field/main_blocks.9/attn/Unsqueeze	['/vector_field/main_blocks.9/attn/Split_output_0', '/vector_field/main_blocks.3/attn/Constant_40_output_0']	['/vector_field/main_blocks.9/attn/Unsqueeze_output_0']
486	Unsqueeze	/vector_field/main_blocks.9/attn/Unsqueeze_1	['/vector_field/main_blocks.9/attn/Split_output_1', '/vector_field/main_blocks.3/attn/Constant_40_output_0']	['/vector_field/main_blocks.9/attn/Unsqueeze_1_output_0']
487	Unsqueeze	/vector_field/main_blocks.9/attn/Unsqueeze_2	['/vector_field/main_blocks.9/attn/Split_output_2', '/vector_field/main_blocks.3/attn/Constant_40_output_0']	['/vector_field/main_blocks.9/attn/Unsqueeze_2_output_0']
488	Unsqueeze	/vector_field/main_blocks.9/attn/Unsqueeze_3	['/vector_field/main_blocks.9/attn/Split_output_3', '/vector_field/main_blocks.3/attn/Constant_40_output_0']	['/vector_field/main_blocks.9/attn/Unsqueeze_3_output_0']
489	Concat	/vector_field/main_blocks.9/attn/Concat	['/vector_field/main_blocks.9/attn/Unsqueeze_output_0', '/vector_field/main_blocks.9/attn/Unsqueeze_1_output_0', '/vector_field/main_blocks.9/attn/Unsqueeze_2_output_0', '/vector_field/main_blocks.9/attn/Unsqueeze_3_output_0']	['/vector_field/main_blocks.9/attn/Concat_output_0']
490	Slice	/vector_field/main_blocks.9/attn/Slice_1	['/vector_field/main_blocks.9/attn/Concat_output_0', '/vector_field/main_blocks.3/attn/Constant_40_output_0', '/vector_field/main_blocks.3/attn/Mul_8_output_0', '/vector_field/time_encoder/sinusoidal/Constant_output_0']	['/vector_field/main_blocks.9/attn/Slice_1_output_0']
491	Slice	/vector_field/main_blocks.9/attn/Slice_2	['/vector_field/main_blocks.9/attn/Concat_output_0', '/vector_field/main_blocks.3/attn/Mul_8_output_0', '/vector_field/main_blocks.3/attn/Mul_9_output_0', '/vector_field/time_encoder/sinusoidal/Constant_output_0']	['/vector_field/main_blocks.9/attn/Slice_2_output_0']
492	Mul	/vector_field/main_blocks.9/attn/Mul_3	['/vector_field/main_blocks.9/attn/Slice_1_output_0', '/vector_field/main_blocks.3/attn/Cos_output_0']	['/vector_field/main_blocks.9/attn/Mul_3_output_0']
493	Mul	/vector_field/main_blocks.9/attn/Mul_4	['/vector_field/main_blocks.9/attn/Slice_2_output_0', '/vector_field/main_blocks.3/attn/Sin_output_0']	['/vector_field/main_blocks.9/attn/Mul_4_output_0']
494	Mul	/vector_field/main_blocks.9/attn/Mul_5	['/vector_field/main_blocks.9/attn/Slice_1_output_0', '/vector_field/main_blocks.3/attn/Sin_output_0']	['/vector_field/main_blocks.9/attn/Mul_5_output_0']
495	Mul	/vector_field/main_blocks.9/attn/Mul_6	['/vector_field/main_blocks.9/attn/Slice_2_output_0', '/vector_field/main_blocks.3/attn/Cos_output_0']	['/vector_field/main_blocks.9/attn/Mul_6_output_0']
496	Sub	/vector_field/main_blocks.9/attn/Sub	['/vector_field/main_blocks.9/attn/Mul_3_output_0', '/vector_field/main_blocks.9/attn/Mul_4_output_0']	['/vector_field/main_blocks.9/attn/Sub_output_0']
497	Add	/vector_field/main_blocks.9/attn/Add_1	['/vector_field/main_blocks.9/attn/Mul_5_output_0', '/vector_field/main_blocks.9/attn/Mul_6_output_0']	['/vector_field/main_blocks.9/attn/Add_1_output_0']
498	Concat	/vector_field/main_blocks.9/attn/Concat_3	['/vector_field/main_blocks.9/attn/Sub_output_0', '/vector_field/main_blocks.9/attn/Add_1_output_0']	['/vector_field/main_blocks.9/attn/Concat_3_output_0']
499	MatMul	/vector_field/main_blocks.9/attn/MatMul	['/vector_field/main_blocks.9/attn/Concat_3_output_0', '/vector_field/main_blocks.9/attn/Transpose_output_0']	['/vector_field/main_blocks.9/attn/MatMul_output_0']
500	Div	/vector_field/main_blocks.9/attn/Div_4	['/vector_field/main_blocks.9/attn/MatMul_output_0', '/vector_field/main_blocks.3/attn/Constant_39_output_0']	['/vector_field/main_blocks.9/attn/Div_4_output_0']
501	Where	/vector_field/main_blocks.9/attn/Where	['/vector_field/main_blocks.21/attn/Cast_2_output_0', '/vector_field/main_blocks.3/attn/Constant_42_output_0', '/vector_field/main_blocks.9/attn/Div_4_output_0']	['/vector_field/main_blocks.9/attn/Where_output_0']
502	Softmax	/vector_field/main_blocks.9/attn/Softmax	['/vector_field/main_blocks.9/attn/Where_output_0']	['/vector_field/main_blocks.9/attn/Softmax_output_0']
503	Where	/vector_field/main_blocks.9/attn/Where_1	['/vector_field/main_blocks.23/attention/Cast_output_0', '/vector_field/main_blocks.3/attn/Constant_44_output_0', '/vector_field/main_blocks.9/attn/Softmax_output_0']	['/vector_field/main_blocks.9/attn/Where_1_output_0']
504	MatMul	/vector_field/main_blocks.9/attn/MatMul_1	['/vector_field/main_blocks.9/attn/Where_1_output_0', '/vector_field/main_blocks.9/attn/Concat_2_output_0']	['/vector_field/main_blocks.9/attn/MatMul_1_output_0']
505	Split	/vector_field/main_blocks.9/attn/Split_3	['/vector_field/main_blocks.9/attn/MatMul_1_output_0', '/vector_field/main_blocks.3/attn/Constant_46_output_0']	['/vector_field/main_blocks.9/attn/Split_3_output_0', '/vector_field/main_blocks.9/attn/Split_3_output_1', '/vector_field/main_blocks.9/attn/Split_3_output_2', '/vector_field/main_blocks.9/attn/Split_3_output_3']
506	Concat	/vector_field/main_blocks.9/attn/Concat_5	['/vector_field/main_blocks.9/attn/Split_3_output_0', '/vector_field/main_blocks.9/attn/Split_3_output_1', '/vector_field/main_blocks.9/attn/Split_3_output_2', '/vector_field/main_blocks.9/attn/Split_3_output_3']	['/vector_field/main_blocks.9/attn/Concat_5_output_0']
507	Squeeze	/vector_field/main_blocks.9/attn/Squeeze	['/vector_field/main_blocks.9/attn/Concat_5_output_0', '/vector_field/main_blocks.3/attn/Constant_40_output_0']	['/vector_field/main_blocks.9/attn/Squeeze_output_0']
508	MatMul	/vector_field/main_blocks.9/attn/out_fc/linear/MatMul	['/vector_field/main_blocks.9/attn/Squeeze_output_0', 'onnx::MatMul_3155']	['/vector_field/main_blocks.9/attn/out_fc/linear/MatMul_output_0']
509	Add	/vector_field/main_blocks.9/attn/out_fc/linear/Add	['tts.ttl.vector_field.main_blocks.9.attn.out_fc.linear.bias', '/vector_field/main_blocks.9/attn/out_fc/linear/MatMul_output_0']	['/vector_field/main_blocks.9/attn/out_fc/linear/Add_output_0']
510	Mul	/vector_field/main_blocks.9/attn/Mul_14	['/vector_field/main_blocks.9/attn/out_fc/linear/Add_output_0', '/vector_field/main_blocks.3/Transpose_2_output_0']	['/vector_field/main_blocks.9/attn/Mul_14_output_0']
511	Transpose	/vector_field/main_blocks.9/Transpose_1	['/vector_field/main_blocks.9/attn/Mul_14_output_0']	['/vector_field/main_blocks.9/Transpose_1_output_0']
512	Add	/vector_field/main_blocks.9/Add	['/vector_field/main_blocks.9/Transpose_1_output_0', '/vector_field/main_blocks.9/Mul_output_0']	['/vector_field/main_blocks.9/Add_output_0']
513	Transpose	/vector_field/main_blocks.9/norm/Transpose	['/vector_field/main_blocks.9/Add_output_0']	['/vector_field/main_blocks.9/norm/Transpose_output_0']
514	LayerNormalization	/vector_field/main_blocks.9/norm/norm/LayerNormalization	['/vector_field/main_blocks.9/norm/Transpose_output_0', 'tts.ttl.vector_field.main_blocks.9.norm.norm.weight', 'tts.ttl.vector_field.main_blocks.9.norm.norm.bias']	['/vector_field/main_blocks.9/norm/norm/LayerNormalization_output_0']
515	Transpose	/vector_field/main_blocks.9/norm/Transpose_1	['/vector_field/main_blocks.9/norm/norm/LayerNormalization_output_0']	['/vector_field/main_blocks.9/norm/Transpose_1_output_0']
516	Mul	/vector_field/main_blocks.9/Mul_1	['/vector_field/main_blocks.9/norm/Transpose_1_output_0', 'latent_mask']	['/vector_field/main_blocks.9/Mul_1_output_0']
517	Mul	/vector_field/main_blocks.10/convnext.0/Mul	['/vector_field/main_blocks.9/Mul_1_output_0', 'latent_mask']	['/vector_field/main_blocks.10/convnext.0/Mul_output_0']
518	Pad	/vector_field/main_blocks.10/convnext.0/dwconv/Pad	['/vector_field/main_blocks.10/convnext.0/Mul_output_0', '/vector_field/main_blocks.0/convnext.0/dwconv/Cast_output_0']	['/vector_field/main_blocks.10/convnext.0/dwconv/Pad_output_0']
519	Conv	/vector_field/main_blocks.10/convnext.0/dwconv/Conv	['/vector_field/main_blocks.10/convnext.0/dwconv/Pad_output_0', 'tts.ttl.vector_field.main_blocks.10.convnext.0.dwconv.weight', 'tts.ttl.vector_field.main_blocks.10.convnext.0.dwconv.bias']	['/vector_field/main_blocks.10/convnext.0/dwconv/Conv_output_0']
520	Mul	/vector_field/main_blocks.10/convnext.0/Mul_1	['/vector_field/main_blocks.10/convnext.0/dwconv/Conv_output_0', 'latent_mask']	['/vector_field/main_blocks.10/convnext.0/Mul_1_output_0']
521	Transpose	/vector_field/main_blocks.10/convnext.0/norm/Transpose	['/vector_field/main_blocks.10/convnext.0/Mul_1_output_0']	['/vector_field/main_blocks.10/convnext.0/norm/Transpose_output_0']
522	LayerNormalization	/vector_field/main_blocks.10/convnext.0/norm/norm/LayerNormalization	['/vector_field/main_blocks.10/convnext.0/norm/Transpose_output_0', 'tts.ttl.vector_field.main_blocks.10.convnext.0.norm.norm.weight', 'tts.ttl.vector_field.main_blocks.10.convnext.0.norm.norm.bias']	['/vector_field/main_blocks.10/convnext.0/norm/norm/LayerNormalization_output_0']
523	Transpose	/vector_field/main_blocks.10/convnext.0/norm/Transpose_1	['/vector_field/main_blocks.10/convnext.0/norm/norm/LayerNormalization_output_0']	['/vector_field/main_blocks.10/convnext.0/norm/Transpose_1_output_0']
524	Conv	/vector_field/main_blocks.10/convnext.0/pwconv1/Conv	['/vector_field/main_blocks.10/convnext.0/norm/Transpose_1_output_0', 'tts.ttl.vector_field.main_blocks.10.convnext.0.pwconv1.weight', 'tts.ttl.vector_field.main_blocks.10.convnext.0.pwconv1.bias']	['/vector_field/main_blocks.10/convnext.0/pwconv1/Conv_output_0']
525	Div	/vector_field/main_blocks.10/convnext.0/act/Div	['/vector_field/main_blocks.10/convnext.0/pwconv1/Conv_output_0', '/vector_field/main_blocks.0/convnext.0/act/Constant_output_0']	['/vector_field/main_blocks.10/convnext.0/act/Div_output_0']
526	Erf	/vector_field/main_blocks.10/convnext.0/act/Erf	['/vector_field/main_blocks.10/convnext.0/act/Div_output_0']	['/vector_field/main_blocks.10/convnext.0/act/Erf_output_0']
527	Add	/vector_field/main_blocks.10/convnext.0/act/Add	['/vector_field/main_blocks.10/convnext.0/act/Erf_output_0', '/vector_field/main_blocks.0/convnext.0/act/Constant_1_output_0']	['/vector_field/main_blocks.10/convnext.0/act/Add_output_0']
528	Mul	/vector_field/main_blocks.10/convnext.0/act/Mul	['/vector_field/main_blocks.10/convnext.0/pwconv1/Conv_output_0', '/vector_field/main_blocks.10/convnext.0/act/Add_output_0']	['/vector_field/main_blocks.10/convnext.0/act/Mul_output_0']
529	Mul	/vector_field/main_blocks.10/convnext.0/act/Mul_1	['/vector_field/main_blocks.10/convnext.0/act/Mul_output_0', '/vector_field/main_blocks.0/convnext.0/act/Constant_2_output_0']	['/vector_field/main_blocks.10/convnext.0/act/Mul_1_output_0']
530	Conv	/vector_field/main_blocks.10/convnext.0/pwconv2/Conv	['/vector_field/main_blocks.10/convnext.0/act/Mul_1_output_0', 'tts.ttl.vector_field.main_blocks.10.convnext.0.pwconv2.weight', 'tts.ttl.vector_field.main_blocks.10.convnext.0.pwconv2.bias']	['/vector_field/main_blocks.10/convnext.0/pwconv2/Conv_output_0']
531	Mul	/vector_field/main_blocks.10/convnext.0/Mul_2	['tts.ttl.vector_field.main_blocks.10.convnext.0.gamma', '/vector_field/main_blocks.10/convnext.0/pwconv2/Conv_output_0']	['/vector_field/main_blocks.10/convnext.0/Mul_2_output_0']
532	Add	/vector_field/main_blocks.10/convnext.0/Add	['/vector_field/main_blocks.10/convnext.0/Mul_output_0', '/vector_field/main_blocks.10/convnext.0/Mul_2_output_0']	['/vector_field/main_blocks.10/convnext.0/Add_output_0']
533	Mul	/vector_field/main_blocks.10/convnext.0/Mul_3	['/vector_field/main_blocks.10/convnext.0/Add_output_0', 'latent_mask']	['/vector_field/main_blocks.10/convnext.0/Mul_3_output_0']
534	Mul	/vector_field/main_blocks.11/Mul	['/vector_field/main_blocks.10/convnext.0/Mul_3_output_0', 'latent_mask']	['/vector_field/main_blocks.11/Mul_output_0']
535	Transpose	/vector_field/main_blocks.11/Transpose	['/vector_field/main_blocks.11/Mul_output_0']	['/vector_field/main_blocks.11/Transpose_output_0']
536	MatMul	/vector_field/main_blocks.11/attention/W_query/linear/MatMul	['/vector_field/main_blocks.11/Transpose_output_0', 'onnx::MatMul_3161']	['/vector_field/main_blocks.11/attention/W_query/linear/MatMul_output_0']
537	Add	/vector_field/main_blocks.11/attention/W_query/linear/Add	['tts.ttl.vector_field.main_blocks.11.attention.W_query.linear.bias', '/vector_field/main_blocks.11/attention/W_query/linear/MatMul_output_0']	['/vector_field/main_blocks.11/attention/W_query/linear/Add_output_0']
538	Split	/vector_field/main_blocks.11/attention/Split	['/vector_field/main_blocks.11/attention/W_query/linear/Add_output_0', '/vector_field/main_blocks.5/attention/Constant_6_output_0']	['/vector_field/main_blocks.11/attention/Split_output_0', '/vector_field/main_blocks.11/attention/Split_output_1']
539	Unsqueeze	/vector_field/main_blocks.11/attention/Unsqueeze	['/vector_field/main_blocks.11/attention/Split_output_0', '/vector_field/main_blocks.3/attn/Constant_40_output_0']	['/vector_field/main_blocks.11/attention/Unsqueeze_output_0']
540	Unsqueeze	/vector_field/main_blocks.11/attention/Unsqueeze_1	['/vector_field/main_blocks.11/attention/Split_output_1', '/vector_field/main_blocks.3/attn/Constant_40_output_0']	['/vector_field/main_blocks.11/attention/Unsqueeze_1_output_0']
541	Concat	/vector_field/main_blocks.11/attention/Concat	['/vector_field/main_blocks.11/attention/Unsqueeze_output_0', '/vector_field/main_blocks.11/attention/Unsqueeze_1_output_0']	['/vector_field/main_blocks.11/attention/Concat_output_0']
542	MatMul	/vector_field/main_blocks.11/attention/MatMul	['/vector_field/main_blocks.11/attention/Concat_output_0', '/vector_field/main_blocks.11/attention/tanh/Tanh_output_0']	['/vector_field/main_blocks.11/attention/MatMul_output_0']
543	Div	/vector_field/main_blocks.11/attention/Div	['/vector_field/main_blocks.11/attention/MatMul_output_0', '/vector_field/main_blocks.3/attn/Constant_39_output_0']	['/vector_field/main_blocks.11/attention/Div_output_0']
544	Softmax	/vector_field/main_blocks.11/attention/Softmax	['/vector_field/main_blocks.11/attention/Div_output_0']	['/vector_field/main_blocks.11/attention/Softmax_output_0']
545	Where	/vector_field/main_blocks.11/attention/Where	['/vector_field/main_blocks.23/attention/Cast_output_0', '/vector_field/main_blocks.3/attn/Constant_44_output_0', '/vector_field/main_blocks.11/attention/Softmax_output_0']	['/vector_field/main_blocks.11/attention/Where_output_0']
546	MatMul	/vector_field/main_blocks.11/attention/MatMul_1	['/vector_field/main_blocks.11/attention/Where_output_0', '/vector_field/main_blocks.11/attention/Concat_2_output_0']	['/vector_field/main_blocks.11/attention/MatMul_1_output_0']
547	Split	/vector_field/main_blocks.11/attention/Split_3	['/vector_field/main_blocks.11/attention/MatMul_1_output_0', '/vector_field/main_blocks.5/attention/Constant_11_output_0']	['/vector_field/main_blocks.11/attention/Split_3_output_0', '/vector_field/main_blocks.11/attention/Split_3_output_1']
548	Concat	/vector_field/main_blocks.11/attention/Concat_3	['/vector_field/main_blocks.11/attention/Split_3_output_0', '/vector_field/main_blocks.11/attention/Split_3_output_1']	['/vector_field/main_blocks.11/attention/Concat_3_output_0']
549	Squeeze	/vector_field/main_blocks.11/attention/Squeeze	['/vector_field/main_blocks.11/attention/Concat_3_output_0', '/vector_field/main_blocks.3/attn/Constant_40_output_0']	['/vector_field/main_blocks.11/attention/Squeeze_output_0']
550	MatMul	/vector_field/main_blocks.11/attention/out_fc/linear/MatMul	['/vector_field/main_blocks.11/attention/Squeeze_output_0', 'onnx::MatMul_3164']	['/vector_field/main_blocks.11/attention/out_fc/linear/MatMul_output_0']
551	Add	/vector_field/main_blocks.11/attention/out_fc/linear/Add	['tts.ttl.vector_field.main_blocks.11.attention.out_fc.linear.bias', '/vector_field/main_blocks.11/attention/out_fc/linear/MatMul_output_0']	['/vector_field/main_blocks.11/attention/out_fc/linear/Add_output_0']
552	Mul	/vector_field/main_blocks.11/attention/Mul	['/vector_field/main_blocks.11/attention/out_fc/linear/Add_output_0', '/vector_field/main_blocks.3/Transpose_2_output_0']	['/vector_field/main_blocks.11/attention/Mul_output_0']
553	Transpose	/vector_field/main_blocks.11/Transpose_1	['/vector_field/main_blocks.11/attention/Mul_output_0']	['/vector_field/main_blocks.11/Transpose_1_output_0']
554	Add	/vector_field/main_blocks.11/Add	['/vector_field/main_blocks.11/Transpose_1_output_0', '/vector_field/main_blocks.11/Mul_output_0']	['/vector_field/main_blocks.11/Add_output_0']
555	Transpose	/vector_field/main_blocks.11/norm/Transpose	['/vector_field/main_blocks.11/Add_output_0']	['/vector_field/main_blocks.11/norm/Transpose_output_0']
556	LayerNormalization	/vector_field/main_blocks.11/norm/norm/LayerNormalization	['/vector_field/main_blocks.11/norm/Transpose_output_0', 'tts.ttl.vector_field.main_blocks.11.norm.norm.weight', 'tts.ttl.vector_field.main_blocks.11.norm.norm.bias']	['/vector_field/main_blocks.11/norm/norm/LayerNormalization_output_0']
557	Transpose	/vector_field/main_blocks.11/norm/Transpose_1	['/vector_field/main_blocks.11/norm/norm/LayerNormalization_output_0']	['/vector_field/main_blocks.11/norm/Transpose_1_output_0']
558	Mul	/vector_field/main_blocks.11/Mul_1	['/vector_field/main_blocks.11/norm/Transpose_1_output_0', 'latent_mask']	['/vector_field/main_blocks.11/Mul_1_output_0']
559	Mul	/vector_field/main_blocks.12/convnext.0/Mul	['/vector_field/main_blocks.11/Mul_1_output_0', 'latent_mask']	['/vector_field/main_blocks.12/convnext.0/Mul_output_0']
560	Pad	/vector_field/main_blocks.12/convnext.0/dwconv/Pad	['/vector_field/main_blocks.12/convnext.0/Mul_output_0', '/vector_field/main_blocks.0/convnext.0/dwconv/Cast_output_0']	['/vector_field/main_blocks.12/convnext.0/dwconv/Pad_output_0']
561	Conv	/vector_field/main_blocks.12/convnext.0/dwconv/Conv	['/vector_field/main_blocks.12/convnext.0/dwconv/Pad_output_0', 'tts.ttl.vector_field.main_blocks.12.convnext.0.dwconv.weight', 'tts.ttl.vector_field.main_blocks.12.convnext.0.dwconv.bias']	['/vector_field/main_blocks.12/convnext.0/dwconv/Conv_output_0']
562	Mul	/vector_field/main_blocks.12/convnext.0/Mul_1	['/vector_field/main_blocks.12/convnext.0/dwconv/Conv_output_0', 'latent_mask']	['/vector_field/main_blocks.12/convnext.0/Mul_1_output_0']
563	Transpose	/vector_field/main_blocks.12/convnext.0/norm/Transpose	['/vector_field/main_blocks.12/convnext.0/Mul_1_output_0']	['/vector_field/main_blocks.12/convnext.0/norm/Transpose_output_0']
564	LayerNormalization	/vector_field/main_blocks.12/convnext.0/norm/norm/LayerNormalization	['/vector_field/main_blocks.12/convnext.0/norm/Transpose_output_0', 'tts.ttl.vector_field.main_blocks.12.convnext.0.norm.norm.weight', 'tts.ttl.vector_field.main_blocks.12.convnext.0.norm.norm.bias']	['/vector_field/main_blocks.12/convnext.0/norm/norm/LayerNormalization_output_0']
565	Transpose	/vector_field/main_blocks.12/convnext.0/norm/Transpose_1	['/vector_field/main_blocks.12/convnext.0/norm/norm/LayerNormalization_output_0']	['/vector_field/main_blocks.12/convnext.0/norm/Transpose_1_output_0']
566	Conv	/vector_field/main_blocks.12/convnext.0/pwconv1/Conv	['/vector_field/main_blocks.12/convnext.0/norm/Transpose_1_output_0', 'tts.ttl.vector_field.main_blocks.12.convnext.0.pwconv1.weight', 'tts.ttl.vector_field.main_blocks.12.convnext.0.pwconv1.bias']	['/vector_field/main_blocks.12/convnext.0/pwconv1/Conv_output_0']
567	Div	/vector_field/main_blocks.12/convnext.0/act/Div	['/vector_field/main_blocks.12/convnext.0/pwconv1/Conv_output_0', '/vector_field/main_blocks.0/convnext.0/act/Constant_output_0']	['/vector_field/main_blocks.12/convnext.0/act/Div_output_0']
568	Erf	/vector_field/main_blocks.12/convnext.0/act/Erf	['/vector_field/main_blocks.12/convnext.0/act/Div_output_0']	['/vector_field/main_blocks.12/convnext.0/act/Erf_output_0']
569	Add	/vector_field/main_blocks.12/convnext.0/act/Add	['/vector_field/main_blocks.12/convnext.0/act/Erf_output_0', '/vector_field/main_blocks.0/convnext.0/act/Constant_1_output_0']	['/vector_field/main_blocks.12/convnext.0/act/Add_output_0']
570	Mul	/vector_field/main_blocks.12/convnext.0/act/Mul	['/vector_field/main_blocks.12/convnext.0/pwconv1/Conv_output_0', '/vector_field/main_blocks.12/convnext.0/act/Add_output_0']	['/vector_field/main_blocks.12/convnext.0/act/Mul_output_0']
571	Mul	/vector_field/main_blocks.12/convnext.0/act/Mul_1	['/vector_field/main_blocks.12/convnext.0/act/Mul_output_0', '/vector_field/main_blocks.0/convnext.0/act/Constant_2_output_0']	['/vector_field/main_blocks.12/convnext.0/act/Mul_1_output_0']
572	Conv	/vector_field/main_blocks.12/convnext.0/pwconv2/Conv	['/vector_field/main_blocks.12/convnext.0/act/Mul_1_output_0', 'tts.ttl.vector_field.main_blocks.12.convnext.0.pwconv2.weight', 'tts.ttl.vector_field.main_blocks.12.convnext.0.pwconv2.bias']	['/vector_field/main_blocks.12/convnext.0/pwconv2/Conv_output_0']
573	Mul	/vector_field/main_blocks.12/convnext.0/Mul_2	['tts.ttl.vector_field.main_blocks.12.convnext.0.gamma', '/vector_field/main_blocks.12/convnext.0/pwconv2/Conv_output_0']	['/vector_field/main_blocks.12/convnext.0/Mul_2_output_0']
574	Add	/vector_field/main_blocks.12/convnext.0/Add	['/vector_field/main_blocks.12/convnext.0/Mul_output_0', '/vector_field/main_blocks.12/convnext.0/Mul_2_output_0']	['/vector_field/main_blocks.12/convnext.0/Add_output_0']
575	Mul	/vector_field/main_blocks.12/convnext.0/Mul_3	['/vector_field/main_blocks.12/convnext.0/Add_output_0', 'latent_mask']	['/vector_field/main_blocks.12/convnext.0/Mul_3_output_0']
576	Mul	/vector_field/main_blocks.12/convnext.1/Mul	['/vector_field/main_blocks.12/convnext.0/Mul_3_output_0', 'latent_mask']	['/vector_field/main_blocks.12/convnext.1/Mul_output_0']
577	Pad	/vector_field/main_blocks.12/convnext.1/dwconv/Pad	['/vector_field/main_blocks.12/convnext.1/Mul_output_0', '/vector_field/main_blocks.0/convnext.1/dwconv/Cast_output_0']	['/vector_field/main_blocks.12/convnext.1/dwconv/Pad_output_0']
578	Conv	/vector_field/main_blocks.12/convnext.1/dwconv/Conv	['/vector_field/main_blocks.12/convnext.1/dwconv/Pad_output_0', 'tts.ttl.vector_field.main_blocks.12.convnext.1.dwconv.weight', 'tts.ttl.vector_field.main_blocks.12.convnext.1.dwconv.bias']	['/vector_field/main_blocks.12/convnext.1/dwconv/Conv_output_0']
579	Mul	/vector_field/main_blocks.12/convnext.1/Mul_1	['/vector_field/main_blocks.12/convnext.1/dwconv/Conv_output_0', 'latent_mask']	['/vector_field/main_blocks.12/convnext.1/Mul_1_output_0']
580	Transpose	/vector_field/main_blocks.12/convnext.1/norm/Transpose	['/vector_field/main_blocks.12/convnext.1/Mul_1_output_0']	['/vector_field/main_blocks.12/convnext.1/norm/Transpose_output_0']
581	LayerNormalization	/vector_field/main_blocks.12/convnext.1/norm/norm/LayerNormalization	['/vector_field/main_blocks.12/convnext.1/norm/Transpose_output_0', 'tts.ttl.vector_field.main_blocks.12.convnext.1.norm.norm.weight', 'tts.ttl.vector_field.main_blocks.12.convnext.1.norm.norm.bias']	['/vector_field/main_blocks.12/convnext.1/norm/norm/LayerNormalization_output_0']
582	Transpose	/vector_field/main_blocks.12/convnext.1/norm/Transpose_1	['/vector_field/main_blocks.12/convnext.1/norm/norm/LayerNormalization_output_0']	['/vector_field/main_blocks.12/convnext.1/norm/Transpose_1_output_0']
583	Conv	/vector_field/main_blocks.12/convnext.1/pwconv1/Conv	['/vector_field/main_blocks.12/convnext.1/norm/Transpose_1_output_0', 'tts.ttl.vector_field.main_blocks.12.convnext.1.pwconv1.weight', 'tts.ttl.vector_field.main_blocks.12.convnext.1.pwconv1.bias']	['/vector_field/main_blocks.12/convnext.1/pwconv1/Conv_output_0']
584	Div	/vector_field/main_blocks.12/convnext.1/act/Div	['/vector_field/main_blocks.12/convnext.1/pwconv1/Conv_output_0', '/vector_field/main_blocks.0/convnext.0/act/Constant_output_0']	['/vector_field/main_blocks.12/convnext.1/act/Div_output_0']
585	Erf	/vector_field/main_blocks.12/convnext.1/act/Erf	['/vector_field/main_blocks.12/convnext.1/act/Div_output_0']	['/vector_field/main_blocks.12/convnext.1/act/Erf_output_0']
586	Add	/vector_field/main_blocks.12/convnext.1/act/Add	['/vector_field/main_blocks.12/convnext.1/act/Erf_output_0', '/vector_field/main_blocks.0/convnext.0/act/Constant_1_output_0']	['/vector_field/main_blocks.12/convnext.1/act/Add_output_0']
587	Mul	/vector_field/main_blocks.12/convnext.1/act/Mul	['/vector_field/main_blocks.12/convnext.1/pwconv1/Conv_output_0', '/vector_field/main_blocks.12/convnext.1/act/Add_output_0']	['/vector_field/main_blocks.12/convnext.1/act/Mul_output_0']
588	Mul	/vector_field/main_blocks.12/convnext.1/act/Mul_1	['/vector_field/main_blocks.12/convnext.1/act/Mul_output_0', '/vector_field/main_blocks.0/convnext.0/act/Constant_2_output_0']	['/vector_field/main_blocks.12/convnext.1/act/Mul_1_output_0']
589	Conv	/vector_field/main_blocks.12/convnext.1/pwconv2/Conv	['/vector_field/main_blocks.12/convnext.1/act/Mul_1_output_0', 'tts.ttl.vector_field.main_blocks.12.convnext.1.pwconv2.weight', 'tts.ttl.vector_field.main_blocks.12.convnext.1.pwconv2.bias']	['/vector_field/main_blocks.12/convnext.1/pwconv2/Conv_output_0']
590	Mul	/vector_field/main_blocks.12/convnext.1/Mul_2	['tts.ttl.vector_field.main_blocks.12.convnext.1.gamma', '/vector_field/main_blocks.12/convnext.1/pwconv2/Conv_output_0']	['/vector_field/main_blocks.12/convnext.1/Mul_2_output_0']
591	Add	/vector_field/main_blocks.12/convnext.1/Add	['/vector_field/main_blocks.12/convnext.1/Mul_output_0', '/vector_field/main_blocks.12/convnext.1/Mul_2_output_0']	['/vector_field/main_blocks.12/convnext.1/Add_output_0']
592	Mul	/vector_field/main_blocks.12/convnext.1/Mul_3	['/vector_field/main_blocks.12/convnext.1/Add_output_0', 'latent_mask']	['/vector_field/main_blocks.12/convnext.1/Mul_3_output_0']
593	Mul	/vector_field/main_blocks.12/convnext.2/Mul	['/vector_field/main_blocks.12/convnext.1/Mul_3_output_0', 'latent_mask']	['/vector_field/main_blocks.12/convnext.2/Mul_output_0']
594	Pad	/vector_field/main_blocks.12/convnext.2/dwconv/Pad	['/vector_field/main_blocks.12/convnext.2/Mul_output_0', '/vector_field/main_blocks.0/convnext.2/dwconv/Cast_output_0']	['/vector_field/main_blocks.12/convnext.2/dwconv/Pad_output_0']
595	Conv	/vector_field/main_blocks.12/convnext.2/dwconv/Conv	['/vector_field/main_blocks.12/convnext.2/dwconv/Pad_output_0', 'tts.ttl.vector_field.main_blocks.12.convnext.2.dwconv.weight', 'tts.ttl.vector_field.main_blocks.12.convnext.2.dwconv.bias']	['/vector_field/main_blocks.12/convnext.2/dwconv/Conv_output_0']
596	Mul	/vector_field/main_blocks.12/convnext.2/Mul_1	['/vector_field/main_blocks.12/convnext.2/dwconv/Conv_output_0', 'latent_mask']	['/vector_field/main_blocks.12/convnext.2/Mul_1_output_0']
597	Transpose	/vector_field/main_blocks.12/convnext.2/norm/Transpose	['/vector_field/main_blocks.12/convnext.2/Mul_1_output_0']	['/vector_field/main_blocks.12/convnext.2/norm/Transpose_output_0']
598	LayerNormalization	/vector_field/main_blocks.12/convnext.2/norm/norm/LayerNormalization	['/vector_field/main_blocks.12/convnext.2/norm/Transpose_output_0', 'tts.ttl.vector_field.main_blocks.12.convnext.2.norm.norm.weight', 'tts.ttl.vector_field.main_blocks.12.convnext.2.norm.norm.bias']	['/vector_field/main_blocks.12/convnext.2/norm/norm/LayerNormalization_output_0']
599	Transpose	/vector_field/main_blocks.12/convnext.2/norm/Transpose_1	['/vector_field/main_blocks.12/convnext.2/norm/norm/LayerNormalization_output_0']	['/vector_field/main_blocks.12/convnext.2/norm/Transpose_1_output_0']
600	Conv	/vector_field/main_blocks.12/convnext.2/pwconv1/Conv	['/vector_field/main_blocks.12/convnext.2/norm/Transpose_1_output_0', 'tts.ttl.vector_field.main_blocks.12.convnext.2.pwconv1.weight', 'tts.ttl.vector_field.main_blocks.12.convnext.2.pwconv1.bias']	['/vector_field/main_blocks.12/convnext.2/pwconv1/Conv_output_0']
601	Div	/vector_field/main_blocks.12/convnext.2/act/Div	['/vector_field/main_blocks.12/convnext.2/pwconv1/Conv_output_0', '/vector_field/main_blocks.0/convnext.0/act/Constant_output_0']	['/vector_field/main_blocks.12/convnext.2/act/Div_output_0']
602	Erf	/vector_field/main_blocks.12/convnext.2/act/Erf	['/vector_field/main_blocks.12/convnext.2/act/Div_output_0']	['/vector_field/main_blocks.12/convnext.2/act/Erf_output_0']
603	Add	/vector_field/main_blocks.12/convnext.2/act/Add	['/vector_field/main_blocks.12/convnext.2/act/Erf_output_0', '/vector_field/main_blocks.0/convnext.0/act/Constant_1_output_0']	['/vector_field/main_blocks.12/convnext.2/act/Add_output_0']
604	Mul	/vector_field/main_blocks.12/convnext.2/act/Mul	['/vector_field/main_blocks.12/convnext.2/pwconv1/Conv_output_0', '/vector_field/main_blocks.12/convnext.2/act/Add_output_0']	['/vector_field/main_blocks.12/convnext.2/act/Mul_output_0']
605	Mul	/vector_field/main_blocks.12/convnext.2/act/Mul_1	['/vector_field/main_blocks.12/convnext.2/act/Mul_output_0', '/vector_field/main_blocks.0/convnext.0/act/Constant_2_output_0']	['/vector_field/main_blocks.12/convnext.2/act/Mul_1_output_0']
606	Conv	/vector_field/main_blocks.12/convnext.2/pwconv2/Conv	['/vector_field/main_blocks.12/convnext.2/act/Mul_1_output_0', 'tts.ttl.vector_field.main_blocks.12.convnext.2.pwconv2.weight', 'tts.ttl.vector_field.main_blocks.12.convnext.2.pwconv2.bias']	['/vector_field/main_blocks.12/convnext.2/pwconv2/Conv_output_0']
607	Mul	/vector_field/main_blocks.12/convnext.2/Mul_2	['tts.ttl.vector_field.main_blocks.12.convnext.2.gamma', '/vector_field/main_blocks.12/convnext.2/pwconv2/Conv_output_0']	['/vector_field/main_blocks.12/convnext.2/Mul_2_output_0']
608	Add	/vector_field/main_blocks.12/convnext.2/Add	['/vector_field/main_blocks.12/convnext.2/Mul_output_0', '/vector_field/main_blocks.12/convnext.2/Mul_2_output_0']	['/vector_field/main_blocks.12/convnext.2/Add_output_0']
609	Mul	/vector_field/main_blocks.12/convnext.2/Mul_3	['/vector_field/main_blocks.12/convnext.2/Add_output_0', 'latent_mask']	['/vector_field/main_blocks.12/convnext.2/Mul_3_output_0']
610	Mul	/vector_field/main_blocks.12/convnext.3/Mul	['/vector_field/main_blocks.12/convnext.2/Mul_3_output_0', 'latent_mask']	['/vector_field/main_blocks.12/convnext.3/Mul_output_0']
611	Pad	/vector_field/main_blocks.12/convnext.3/dwconv/Pad	['/vector_field/main_blocks.12/convnext.3/Mul_output_0', '/vector_field/main_blocks.0/convnext.3/dwconv/Cast_output_0']	['/vector_field/main_blocks.12/convnext.3/dwconv/Pad_output_0']
612	Conv	/vector_field/main_blocks.12/convnext.3/dwconv/Conv	['/vector_field/main_blocks.12/convnext.3/dwconv/Pad_output_0', 'tts.ttl.vector_field.main_blocks.12.convnext.3.dwconv.weight', 'tts.ttl.vector_field.main_blocks.12.convnext.3.dwconv.bias']	['/vector_field/main_blocks.12/convnext.3/dwconv/Conv_output_0']
613	Mul	/vector_field/main_blocks.12/convnext.3/Mul_1	['/vector_field/main_blocks.12/convnext.3/dwconv/Conv_output_0', 'latent_mask']	['/vector_field/main_blocks.12/convnext.3/Mul_1_output_0']
614	Transpose	/vector_field/main_blocks.12/convnext.3/norm/Transpose	['/vector_field/main_blocks.12/convnext.3/Mul_1_output_0']	['/vector_field/main_blocks.12/convnext.3/norm/Transpose_output_0']
615	LayerNormalization	/vector_field/main_blocks.12/convnext.3/norm/norm/LayerNormalization	['/vector_field/main_blocks.12/convnext.3/norm/Transpose_output_0', 'tts.ttl.vector_field.main_blocks.12.convnext.3.norm.norm.weight', 'tts.ttl.vector_field.main_blocks.12.convnext.3.norm.norm.bias']	['/vector_field/main_blocks.12/convnext.3/norm/norm/LayerNormalization_output_0']
616	Transpose	/vector_field/main_blocks.12/convnext.3/norm/Transpose_1	['/vector_field/main_blocks.12/convnext.3/norm/norm/LayerNormalization_output_0']	['/vector_field/main_blocks.12/convnext.3/norm/Transpose_1_output_0']
617	Conv	/vector_field/main_blocks.12/convnext.3/pwconv1/Conv	['/vector_field/main_blocks.12/convnext.3/norm/Transpose_1_output_0', 'tts.ttl.vector_field.main_blocks.12.convnext.3.pwconv1.weight', 'tts.ttl.vector_field.main_blocks.12.convnext.3.pwconv1.bias']	['/vector_field/main_blocks.12/convnext.3/pwconv1/Conv_output_0']
618	Div	/vector_field/main_blocks.12/convnext.3/act/Div	['/vector_field/main_blocks.12/convnext.3/pwconv1/Conv_output_0', '/vector_field/main_blocks.0/convnext.0/act/Constant_output_0']	['/vector_field/main_blocks.12/convnext.3/act/Div_output_0']
619	Erf	/vector_field/main_blocks.12/convnext.3/act/Erf	['/vector_field/main_blocks.12/convnext.3/act/Div_output_0']	['/vector_field/main_blocks.12/convnext.3/act/Erf_output_0']
620	Add	/vector_field/main_blocks.12/convnext.3/act/Add	['/vector_field/main_blocks.12/convnext.3/act/Erf_output_0', '/vector_field/main_blocks.0/convnext.0/act/Constant_1_output_0']	['/vector_field/main_blocks.12/convnext.3/act/Add_output_0']
621	Mul	/vector_field/main_blocks.12/convnext.3/act/Mul	['/vector_field/main_blocks.12/convnext.3/pwconv1/Conv_output_0', '/vector_field/main_blocks.12/convnext.3/act/Add_output_0']	['/vector_field/main_blocks.12/convnext.3/act/Mul_output_0']
622	Mul	/vector_field/main_blocks.12/convnext.3/act/Mul_1	['/vector_field/main_blocks.12/convnext.3/act/Mul_output_0', '/vector_field/main_blocks.0/convnext.0/act/Constant_2_output_0']	['/vector_field/main_blocks.12/convnext.3/act/Mul_1_output_0']
623	Conv	/vector_field/main_blocks.12/convnext.3/pwconv2/Conv	['/vector_field/main_blocks.12/convnext.3/act/Mul_1_output_0', 'tts.ttl.vector_field.main_blocks.12.convnext.3.pwconv2.weight', 'tts.ttl.vector_field.main_blocks.12.convnext.3.pwconv2.bias']	['/vector_field/main_blocks.12/convnext.3/pwconv2/Conv_output_0']
624	Mul	/vector_field/main_blocks.12/convnext.3/Mul_2	['tts.ttl.vector_field.main_blocks.12.convnext.3.gamma', '/vector_field/main_blocks.12/convnext.3/pwconv2/Conv_output_0']	['/vector_field/main_blocks.12/convnext.3/Mul_2_output_0']
625	Add	/vector_field/main_blocks.12/convnext.3/Add	['/vector_field/main_blocks.12/convnext.3/Mul_output_0', '/vector_field/main_blocks.12/convnext.3/Mul_2_output_0']	['/vector_field/main_blocks.12/convnext.3/Add_output_0']
626	Mul	/vector_field/main_blocks.12/convnext.3/Mul_3	['/vector_field/main_blocks.12/convnext.3/Add_output_0', 'latent_mask']	['/vector_field/main_blocks.12/convnext.3/Mul_3_output_0']
627	Add	/vector_field/main_blocks.13/Add	['/vector_field/main_blocks.12/convnext.3/Mul_3_output_0', '/vector_field/main_blocks.13/Transpose_output_0']	['/vector_field/main_blocks.13/Add_output_0']
628	Mul	/vector_field/main_blocks.13/Mul	['/vector_field/main_blocks.13/Add_output_0', 'latent_mask']	['/vector_field/main_blocks.13/Mul_output_0']
629	Mul	/vector_field/main_blocks.14/convnext.0/Mul	['/vector_field/main_blocks.13/Mul_output_0', 'latent_mask']	['/vector_field/main_blocks.14/convnext.0/Mul_output_0']
630	Pad	/vector_field/main_blocks.14/convnext.0/dwconv/Pad	['/vector_field/main_blocks.14/convnext.0/Mul_output_0', '/vector_field/main_blocks.0/convnext.0/dwconv/Cast_output_0']	['/vector_field/main_blocks.14/convnext.0/dwconv/Pad_output_0']
631	Conv	/vector_field/main_blocks.14/convnext.0/dwconv/Conv	['/vector_field/main_blocks.14/convnext.0/dwconv/Pad_output_0', 'tts.ttl.vector_field.main_blocks.14.convnext.0.dwconv.weight', 'tts.ttl.vector_field.main_blocks.14.convnext.0.dwconv.bias']	['/vector_field/main_blocks.14/convnext.0/dwconv/Conv_output_0']
632	Mul	/vector_field/main_blocks.14/convnext.0/Mul_1	['/vector_field/main_blocks.14/convnext.0/dwconv/Conv_output_0', 'latent_mask']	['/vector_field/main_blocks.14/convnext.0/Mul_1_output_0']
633	Transpose	/vector_field/main_blocks.14/convnext.0/norm/Transpose	['/vector_field/main_blocks.14/convnext.0/Mul_1_output_0']	['/vector_field/main_blocks.14/convnext.0/norm/Transpose_output_0']
634	LayerNormalization	/vector_field/main_blocks.14/convnext.0/norm/norm/LayerNormalization	['/vector_field/main_blocks.14/convnext.0/norm/Transpose_output_0', 'tts.ttl.vector_field.main_blocks.14.convnext.0.norm.norm.weight', 'tts.ttl.vector_field.main_blocks.14.convnext.0.norm.norm.bias']	['/vector_field/main_blocks.14/convnext.0/norm/norm/LayerNormalization_output_0']
635	Transpose	/vector_field/main_blocks.14/convnext.0/norm/Transpose_1	['/vector_field/main_blocks.14/convnext.0/norm/norm/LayerNormalization_output_0']	['/vector_field/main_blocks.14/convnext.0/norm/Transpose_1_output_0']
636	Conv	/vector_field/main_blocks.14/convnext.0/pwconv1/Conv	['/vector_field/main_blocks.14/convnext.0/norm/Transpose_1_output_0', 'tts.ttl.vector_field.main_blocks.14.convnext.0.pwconv1.weight', 'tts.ttl.vector_field.main_blocks.14.convnext.0.pwconv1.bias']	['/vector_field/main_blocks.14/convnext.0/pwconv1/Conv_output_0']
637	Div	/vector_field/main_blocks.14/convnext.0/act/Div	['/vector_field/main_blocks.14/convnext.0/pwconv1/Conv_output_0', '/vector_field/main_blocks.0/convnext.0/act/Constant_output_0']	['/vector_field/main_blocks.14/convnext.0/act/Div_output_0']
638	Erf	/vector_field/main_blocks.14/convnext.0/act/Erf	['/vector_field/main_blocks.14/convnext.0/act/Div_output_0']	['/vector_field/main_blocks.14/convnext.0/act/Erf_output_0']
639	Add	/vector_field/main_blocks.14/convnext.0/act/Add	['/vector_field/main_blocks.14/convnext.0/act/Erf_output_0', '/vector_field/main_blocks.0/convnext.0/act/Constant_1_output_0']	['/vector_field/main_blocks.14/convnext.0/act/Add_output_0']
640	Mul	/vector_field/main_blocks.14/convnext.0/act/Mul	['/vector_field/main_blocks.14/convnext.0/pwconv1/Conv_output_0', '/vector_field/main_blocks.14/convnext.0/act/Add_output_0']	['/vector_field/main_blocks.14/convnext.0/act/Mul_output_0']
641	Mul	/vector_field/main_blocks.14/convnext.0/act/Mul_1	['/vector_field/main_blocks.14/convnext.0/act/Mul_output_0', '/vector_field/main_blocks.0/convnext.0/act/Constant_2_output_0']	['/vector_field/main_blocks.14/convnext.0/act/Mul_1_output_0']
642	Conv	/vector_field/main_blocks.14/convnext.0/pwconv2/Conv	['/vector_field/main_blocks.14/convnext.0/act/Mul_1_output_0', 'tts.ttl.vector_field.main_blocks.14.convnext.0.pwconv2.weight', 'tts.ttl.vector_field.main_blocks.14.convnext.0.pwconv2.bias']	['/vector_field/main_blocks.14/convnext.0/pwconv2/Conv_output_0']
643	Mul	/vector_field/main_blocks.14/convnext.0/Mul_2	['tts.ttl.vector_field.main_blocks.14.convnext.0.gamma', '/vector_field/main_blocks.14/convnext.0/pwconv2/Conv_output_0']	['/vector_field/main_blocks.14/convnext.0/Mul_2_output_0']
644	Add	/vector_field/main_blocks.14/convnext.0/Add	['/vector_field/main_blocks.14/convnext.0/Mul_output_0', '/vector_field/main_blocks.14/convnext.0/Mul_2_output_0']	['/vector_field/main_blocks.14/convnext.0/Add_output_0']
645	Mul	/vector_field/main_blocks.14/convnext.0/Mul_3	['/vector_field/main_blocks.14/convnext.0/Add_output_0', 'latent_mask']	['/vector_field/main_blocks.14/convnext.0/Mul_3_output_0']
646	Mul	/vector_field/main_blocks.15/Mul	['/vector_field/main_blocks.14/convnext.0/Mul_3_output_0', 'latent_mask']	['/vector_field/main_blocks.15/Mul_output_0']
647	Transpose	/vector_field/main_blocks.15/Transpose	['/vector_field/main_blocks.15/Mul_output_0']	['/vector_field/main_blocks.15/Transpose_output_0']
648	MatMul	/vector_field/main_blocks.15/attn/W_query/linear/MatMul	['/vector_field/main_blocks.15/Transpose_output_0', 'onnx::MatMul_3191']	['/vector_field/main_blocks.15/attn/W_query/linear/MatMul_output_0']
649	Add	/vector_field/main_blocks.15/attn/W_query/linear/Add	['tts.ttl.vector_field.main_blocks.15.attn.W_query.linear.bias', '/vector_field/main_blocks.15/attn/W_query/linear/MatMul_output_0']	['/vector_field/main_blocks.15/attn/W_query/linear/Add_output_0']
650	Split	/vector_field/main_blocks.15/attn/Split	['/vector_field/main_blocks.15/attn/W_query/linear/Add_output_0', '/vector_field/main_blocks.3/attn/Constant_5_output_0']	['/vector_field/main_blocks.15/attn/Split_output_0', '/vector_field/main_blocks.15/attn/Split_output_1', '/vector_field/main_blocks.15/attn/Split_output_2', '/vector_field/main_blocks.15/attn/Split_output_3']
651	Unsqueeze	/vector_field/main_blocks.15/attn/Unsqueeze	['/vector_field/main_blocks.15/attn/Split_output_0', '/vector_field/main_blocks.3/attn/Constant_40_output_0']	['/vector_field/main_blocks.15/attn/Unsqueeze_output_0']
652	Unsqueeze	/vector_field/main_blocks.15/attn/Unsqueeze_1	['/vector_field/main_blocks.15/attn/Split_output_1', '/vector_field/main_blocks.3/attn/Constant_40_output_0']	['/vector_field/main_blocks.15/attn/Unsqueeze_1_output_0']
653	Unsqueeze	/vector_field/main_blocks.15/attn/Unsqueeze_2	['/vector_field/main_blocks.15/attn/Split_output_2', '/vector_field/main_blocks.3/attn/Constant_40_output_0']	['/vector_field/main_blocks.15/attn/Unsqueeze_2_output_0']
654	Unsqueeze	/vector_field/main_blocks.15/attn/Unsqueeze_3	['/vector_field/main_blocks.15/attn/Split_output_3', '/vector_field/main_blocks.3/attn/Constant_40_output_0']	['/vector_field/main_blocks.15/attn/Unsqueeze_3_output_0']
655	Concat	/vector_field/main_blocks.15/attn/Concat	['/vector_field/main_blocks.15/attn/Unsqueeze_output_0', '/vector_field/main_blocks.15/attn/Unsqueeze_1_output_0', '/vector_field/main_blocks.15/attn/Unsqueeze_2_output_0', '/vector_field/main_blocks.15/attn/Unsqueeze_3_output_0']	['/vector_field/main_blocks.15/attn/Concat_output_0']
656	Slice	/vector_field/main_blocks.15/attn/Slice_1	['/vector_field/main_blocks.15/attn/Concat_output_0', '/vector_field/main_blocks.3/attn/Constant_40_output_0', '/vector_field/main_blocks.3/attn/Mul_8_output_0', '/vector_field/time_encoder/sinusoidal/Constant_output_0']	['/vector_field/main_blocks.15/attn/Slice_1_output_0']
657	Slice	/vector_field/main_blocks.15/attn/Slice_2	['/vector_field/main_blocks.15/attn/Concat_output_0', '/vector_field/main_blocks.3/attn/Mul_8_output_0', '/vector_field/main_blocks.3/attn/Mul_9_output_0', '/vector_field/time_encoder/sinusoidal/Constant_output_0']	['/vector_field/main_blocks.15/attn/Slice_2_output_0']
658	Mul	/vector_field/main_blocks.15/attn/Mul_3	['/vector_field/main_blocks.15/attn/Slice_1_output_0', '/vector_field/main_blocks.3/attn/Cos_output_0']	['/vector_field/main_blocks.15/attn/Mul_3_output_0']
659	Mul	/vector_field/main_blocks.15/attn/Mul_4	['/vector_field/main_blocks.15/attn/Slice_2_output_0', '/vector_field/main_blocks.3/attn/Sin_output_0']	['/vector_field/main_blocks.15/attn/Mul_4_output_0']
660	Mul	/vector_field/main_blocks.15/attn/Mul_5	['/vector_field/main_blocks.15/attn/Slice_1_output_0', '/vector_field/main_blocks.3/attn/Sin_output_0']	['/vector_field/main_blocks.15/attn/Mul_5_output_0']
661	Mul	/vector_field/main_blocks.15/attn/Mul_6	['/vector_field/main_blocks.15/attn/Slice_2_output_0', '/vector_field/main_blocks.3/attn/Cos_output_0']	['/vector_field/main_blocks.15/attn/Mul_6_output_0']
662	Sub	/vector_field/main_blocks.15/attn/Sub	['/vector_field/main_blocks.15/attn/Mul_3_output_0', '/vector_field/main_blocks.15/attn/Mul_4_output_0']	['/vector_field/main_blocks.15/attn/Sub_output_0']
663	Add	/vector_field/main_blocks.15/attn/Add_1	['/vector_field/main_blocks.15/attn/Mul_5_output_0', '/vector_field/main_blocks.15/attn/Mul_6_output_0']	['/vector_field/main_blocks.15/attn/Add_1_output_0']
664	Concat	/vector_field/main_blocks.15/attn/Concat_3	['/vector_field/main_blocks.15/attn/Sub_output_0', '/vector_field/main_blocks.15/attn/Add_1_output_0']	['/vector_field/main_blocks.15/attn/Concat_3_output_0']
665	MatMul	/vector_field/main_blocks.15/attn/MatMul	['/vector_field/main_blocks.15/attn/Concat_3_output_0', '/vector_field/main_blocks.15/attn/Transpose_output_0']	['/vector_field/main_blocks.15/attn/MatMul_output_0']
666	Div	/vector_field/main_blocks.15/attn/Div_4	['/vector_field/main_blocks.15/attn/MatMul_output_0', '/vector_field/main_blocks.3/attn/Constant_39_output_0']	['/vector_field/main_blocks.15/attn/Div_4_output_0']
667	Where	/vector_field/main_blocks.15/attn/Where	['/vector_field/main_blocks.21/attn/Cast_2_output_0', '/vector_field/main_blocks.3/attn/Constant_42_output_0', '/vector_field/main_blocks.15/attn/Div_4_output_0']	['/vector_field/main_blocks.15/attn/Where_output_0']
668	Softmax	/vector_field/main_blocks.15/attn/Softmax	['/vector_field/main_blocks.15/attn/Where_output_0']	['/vector_field/main_blocks.15/attn/Softmax_output_0']
669	Where	/vector_field/main_blocks.15/attn/Where_1	['/vector_field/main_blocks.23/attention/Cast_output_0', '/vector_field/main_blocks.3/attn/Constant_44_output_0', '/vector_field/main_blocks.15/attn/Softmax_output_0']	['/vector_field/main_blocks.15/attn/Where_1_output_0']
670	MatMul	/vector_field/main_blocks.15/attn/MatMul_1	['/vector_field/main_blocks.15/attn/Where_1_output_0', '/vector_field/main_blocks.15/attn/Concat_2_output_0']	['/vector_field/main_blocks.15/attn/MatMul_1_output_0']
671	Split	/vector_field/main_blocks.15/attn/Split_3	['/vector_field/main_blocks.15/attn/MatMul_1_output_0', '/vector_field/main_blocks.3/attn/Constant_46_output_0']	['/vector_field/main_blocks.15/attn/Split_3_output_0', '/vector_field/main_blocks.15/attn/Split_3_output_1', '/vector_field/main_blocks.15/attn/Split_3_output_2', '/vector_field/main_blocks.15/attn/Split_3_output_3']
672	Concat	/vector_field/main_blocks.15/attn/Concat_5	['/vector_field/main_blocks.15/attn/Split_3_output_0', '/vector_field/main_blocks.15/attn/Split_3_output_1', '/vector_field/main_blocks.15/attn/Split_3_output_2', '/vector_field/main_blocks.15/attn/Split_3_output_3']	['/vector_field/main_blocks.15/attn/Concat_5_output_0']
673	Squeeze	/vector_field/main_blocks.15/attn/Squeeze	['/vector_field/main_blocks.15/attn/Concat_5_output_0', '/vector_field/main_blocks.3/attn/Constant_40_output_0']	['/vector_field/main_blocks.15/attn/Squeeze_output_0']
674	MatMul	/vector_field/main_blocks.15/attn/out_fc/linear/MatMul	['/vector_field/main_blocks.15/attn/Squeeze_output_0', 'onnx::MatMul_3200']	['/vector_field/main_blocks.15/attn/out_fc/linear/MatMul_output_0']
675	Add	/vector_field/main_blocks.15/attn/out_fc/linear/Add	['tts.ttl.vector_field.main_blocks.15.attn.out_fc.linear.bias', '/vector_field/main_blocks.15/attn/out_fc/linear/MatMul_output_0']	['/vector_field/main_blocks.15/attn/out_fc/linear/Add_output_0']
676	Mul	/vector_field/main_blocks.15/attn/Mul_14	['/vector_field/main_blocks.15/attn/out_fc/linear/Add_output_0', '/vector_field/main_blocks.3/Transpose_2_output_0']	['/vector_field/main_blocks.15/attn/Mul_14_output_0']
677	Transpose	/vector_field/main_blocks.15/Transpose_1	['/vector_field/main_blocks.15/attn/Mul_14_output_0']	['/vector_field/main_blocks.15/Transpose_1_output_0']
678	Add	/vector_field/main_blocks.15/Add	['/vector_field/main_blocks.15/Transpose_1_output_0', '/vector_field/main_blocks.15/Mul_output_0']	['/vector_field/main_blocks.15/Add_output_0']
679	Transpose	/vector_field/main_blocks.15/norm/Transpose	['/vector_field/main_blocks.15/Add_output_0']	['/vector_field/main_blocks.15/norm/Transpose_output_0']
680	LayerNormalization	/vector_field/main_blocks.15/norm/norm/LayerNormalization	['/vector_field/main_blocks.15/norm/Transpose_output_0', 'tts.ttl.vector_field.main_blocks.15.norm.norm.weight', 'tts.ttl.vector_field.main_blocks.15.norm.norm.bias']	['/vector_field/main_blocks.15/norm/norm/LayerNormalization_output_0']
681	Transpose	/vector_field/main_blocks.15/norm/Transpose_1	['/vector_field/main_blocks.15/norm/norm/LayerNormalization_output_0']	['/vector_field/main_blocks.15/norm/Transpose_1_output_0']
682	Mul	/vector_field/main_blocks.15/Mul_1	['/vector_field/main_blocks.15/norm/Transpose_1_output_0', 'latent_mask']	['/vector_field/main_blocks.15/Mul_1_output_0']
683	Mul	/vector_field/main_blocks.16/convnext.0/Mul	['/vector_field/main_blocks.15/Mul_1_output_0', 'latent_mask']	['/vector_field/main_blocks.16/convnext.0/Mul_output_0']
684	Pad	/vector_field/main_blocks.16/convnext.0/dwconv/Pad	['/vector_field/main_blocks.16/convnext.0/Mul_output_0', '/vector_field/main_blocks.0/convnext.0/dwconv/Cast_output_0']	['/vector_field/main_blocks.16/convnext.0/dwconv/Pad_output_0']
685	Conv	/vector_field/main_blocks.16/convnext.0/dwconv/Conv	['/vector_field/main_blocks.16/convnext.0/dwconv/Pad_output_0', 'tts.ttl.vector_field.main_blocks.16.convnext.0.dwconv.weight', 'tts.ttl.vector_field.main_blocks.16.convnext.0.dwconv.bias']	['/vector_field/main_blocks.16/convnext.0/dwconv/Conv_output_0']
686	Mul	/vector_field/main_blocks.16/convnext.0/Mul_1	['/vector_field/main_blocks.16/convnext.0/dwconv/Conv_output_0', 'latent_mask']	['/vector_field/main_blocks.16/convnext.0/Mul_1_output_0']
687	Transpose	/vector_field/main_blocks.16/convnext.0/norm/Transpose	['/vector_field/main_blocks.16/convnext.0/Mul_1_output_0']	['/vector_field/main_blocks.16/convnext.0/norm/Transpose_output_0']
688	LayerNormalization	/vector_field/main_blocks.16/convnext.0/norm/norm/LayerNormalization	['/vector_field/main_blocks.16/convnext.0/norm/Transpose_output_0', 'tts.ttl.vector_field.main_blocks.16.convnext.0.norm.norm.weight', 'tts.ttl.vector_field.main_blocks.16.convnext.0.norm.norm.bias']	['/vector_field/main_blocks.16/convnext.0/norm/norm/LayerNormalization_output_0']
689	Transpose	/vector_field/main_blocks.16/convnext.0/norm/Transpose_1	['/vector_field/main_blocks.16/convnext.0/norm/norm/LayerNormalization_output_0']	['/vector_field/main_blocks.16/convnext.0/norm/Transpose_1_output_0']
690	Conv	/vector_field/main_blocks.16/convnext.0/pwconv1/Conv	['/vector_field/main_blocks.16/convnext.0/norm/Transpose_1_output_0', 'tts.ttl.vector_field.main_blocks.16.convnext.0.pwconv1.weight', 'tts.ttl.vector_field.main_blocks.16.convnext.0.pwconv1.bias']	['/vector_field/main_blocks.16/convnext.0/pwconv1/Conv_output_0']
691	Div	/vector_field/main_blocks.16/convnext.0/act/Div	['/vector_field/main_blocks.16/convnext.0/pwconv1/Conv_output_0', '/vector_field/main_blocks.0/convnext.0/act/Constant_output_0']	['/vector_field/main_blocks.16/convnext.0/act/Div_output_0']
692	Erf	/vector_field/main_blocks.16/convnext.0/act/Erf	['/vector_field/main_blocks.16/convnext.0/act/Div_output_0']	['/vector_field/main_blocks.16/convnext.0/act/Erf_output_0']
693	Add	/vector_field/main_blocks.16/convnext.0/act/Add	['/vector_field/main_blocks.16/convnext.0/act/Erf_output_0', '/vector_field/main_blocks.0/convnext.0/act/Constant_1_output_0']	['/vector_field/main_blocks.16/convnext.0/act/Add_output_0']
694	Mul	/vector_field/main_blocks.16/convnext.0/act/Mul	['/vector_field/main_blocks.16/convnext.0/pwconv1/Conv_output_0', '/vector_field/main_blocks.16/convnext.0/act/Add_output_0']	['/vector_field/main_blocks.16/convnext.0/act/Mul_output_0']
695	Mul	/vector_field/main_blocks.16/convnext.0/act/Mul_1	['/vector_field/main_blocks.16/convnext.0/act/Mul_output_0', '/vector_field/main_blocks.0/convnext.0/act/Constant_2_output_0']	['/vector_field/main_blocks.16/convnext.0/act/Mul_1_output_0']
696	Conv	/vector_field/main_blocks.16/convnext.0/pwconv2/Conv	['/vector_field/main_blocks.16/convnext.0/act/Mul_1_output_0', 'tts.ttl.vector_field.main_blocks.16.convnext.0.pwconv2.weight', 'tts.ttl.vector_field.main_blocks.16.convnext.0.pwconv2.bias']	['/vector_field/main_blocks.16/convnext.0/pwconv2/Conv_output_0']
697	Mul	/vector_field/main_blocks.16/convnext.0/Mul_2	['tts.ttl.vector_field.main_blocks.16.convnext.0.gamma', '/vector_field/main_blocks.16/convnext.0/pwconv2/Conv_output_0']	['/vector_field/main_blocks.16/convnext.0/Mul_2_output_0']
698	Add	/vector_field/main_blocks.16/convnext.0/Add	['/vector_field/main_blocks.16/convnext.0/Mul_output_0', '/vector_field/main_blocks.16/convnext.0/Mul_2_output_0']	['/vector_field/main_blocks.16/convnext.0/Add_output_0']
699	Mul	/vector_field/main_blocks.16/convnext.0/Mul_3	['/vector_field/main_blocks.16/convnext.0/Add_output_0', 'latent_mask']	['/vector_field/main_blocks.16/convnext.0/Mul_3_output_0']
700	Mul	/vector_field/main_blocks.17/Mul	['/vector_field/main_blocks.16/convnext.0/Mul_3_output_0', 'latent_mask']	['/vector_field/main_blocks.17/Mul_output_0']
701	Transpose	/vector_field/main_blocks.17/Transpose	['/vector_field/main_blocks.17/Mul_output_0']	['/vector_field/main_blocks.17/Transpose_output_0']
702	MatMul	/vector_field/main_blocks.17/attention/W_query/linear/MatMul	['/vector_field/main_blocks.17/Transpose_output_0', 'onnx::MatMul_3206']	['/vector_field/main_blocks.17/attention/W_query/linear/MatMul_output_0']
703	Add	/vector_field/main_blocks.17/attention/W_query/linear/Add	['tts.ttl.vector_field.main_blocks.17.attention.W_query.linear.bias', '/vector_field/main_blocks.17/attention/W_query/linear/MatMul_output_0']	['/vector_field/main_blocks.17/attention/W_query/linear/Add_output_0']
704	Split	/vector_field/main_blocks.17/attention/Split	['/vector_field/main_blocks.17/attention/W_query/linear/Add_output_0', '/vector_field/main_blocks.5/attention/Constant_6_output_0']	['/vector_field/main_blocks.17/attention/Split_output_0', '/vector_field/main_blocks.17/attention/Split_output_1']
705	Unsqueeze	/vector_field/main_blocks.17/attention/Unsqueeze	['/vector_field/main_blocks.17/attention/Split_output_0', '/vector_field/main_blocks.3/attn/Constant_40_output_0']	['/vector_field/main_blocks.17/attention/Unsqueeze_output_0']
706	Unsqueeze	/vector_field/main_blocks.17/attention/Unsqueeze_1	['/vector_field/main_blocks.17/attention/Split_output_1', '/vector_field/main_blocks.3/attn/Constant_40_output_0']	['/vector_field/main_blocks.17/attention/Unsqueeze_1_output_0']
707	Concat	/vector_field/main_blocks.17/attention/Concat	['/vector_field/main_blocks.17/attention/Unsqueeze_output_0', '/vector_field/main_blocks.17/attention/Unsqueeze_1_output_0']	['/vector_field/main_blocks.17/attention/Concat_output_0']
708	MatMul	/vector_field/main_blocks.17/attention/MatMul	['/vector_field/main_blocks.17/attention/Concat_output_0', '/vector_field/main_blocks.17/attention/tanh/Tanh_output_0']	['/vector_field/main_blocks.17/attention/MatMul_output_0']
709	Div	/vector_field/main_blocks.17/attention/Div	['/vector_field/main_blocks.17/attention/MatMul_output_0', '/vector_field/main_blocks.3/attn/Constant_39_output_0']	['/vector_field/main_blocks.17/attention/Div_output_0']
710	Softmax	/vector_field/main_blocks.17/attention/Softmax	['/vector_field/main_blocks.17/attention/Div_output_0']	['/vector_field/main_blocks.17/attention/Softmax_output_0']
711	Where	/vector_field/main_blocks.17/attention/Where	['/vector_field/main_blocks.23/attention/Cast_output_0', '/vector_field/main_blocks.3/attn/Constant_44_output_0', '/vector_field/main_blocks.17/attention/Softmax_output_0']	['/vector_field/main_blocks.17/attention/Where_output_0']
712	MatMul	/vector_field/main_blocks.17/attention/MatMul_1	['/vector_field/main_blocks.17/attention/Where_output_0', '/vector_field/main_blocks.17/attention/Concat_2_output_0']	['/vector_field/main_blocks.17/attention/MatMul_1_output_0']
713	Split	/vector_field/main_blocks.17/attention/Split_3	['/vector_field/main_blocks.17/attention/MatMul_1_output_0', '/vector_field/main_blocks.5/attention/Constant_11_output_0']	['/vector_field/main_blocks.17/attention/Split_3_output_0', '/vector_field/main_blocks.17/attention/Split_3_output_1']
714	Concat	/vector_field/main_blocks.17/attention/Concat_3	['/vector_field/main_blocks.17/attention/Split_3_output_0', '/vector_field/main_blocks.17/attention/Split_3_output_1']	['/vector_field/main_blocks.17/attention/Concat_3_output_0']
715	Squeeze	/vector_field/main_blocks.17/attention/Squeeze	['/vector_field/main_blocks.17/attention/Concat_3_output_0', '/vector_field/main_blocks.3/attn/Constant_40_output_0']	['/vector_field/main_blocks.17/attention/Squeeze_output_0']
716	MatMul	/vector_field/main_blocks.17/attention/out_fc/linear/MatMul	['/vector_field/main_blocks.17/attention/Squeeze_output_0', 'onnx::MatMul_3209']	['/vector_field/main_blocks.17/attention/out_fc/linear/MatMul_output_0']
717	Add	/vector_field/main_blocks.17/attention/out_fc/linear/Add	['tts.ttl.vector_field.main_blocks.17.attention.out_fc.linear.bias', '/vector_field/main_blocks.17/attention/out_fc/linear/MatMul_output_0']	['/vector_field/main_blocks.17/attention/out_fc/linear/Add_output_0']
718	Mul	/vector_field/main_blocks.17/attention/Mul	['/vector_field/main_blocks.17/attention/out_fc/linear/Add_output_0', '/vector_field/main_blocks.3/Transpose_2_output_0']	['/vector_field/main_blocks.17/attention/Mul_output_0']
719	Transpose	/vector_field/main_blocks.17/Transpose_1	['/vector_field/main_blocks.17/attention/Mul_output_0']	['/vector_field/main_blocks.17/Transpose_1_output_0']
720	Add	/vector_field/main_blocks.17/Add	['/vector_field/main_blocks.17/Transpose_1_output_0', '/vector_field/main_blocks.17/Mul_output_0']	['/vector_field/main_blocks.17/Add_output_0']
721	Transpose	/vector_field/main_blocks.17/norm/Transpose	['/vector_field/main_blocks.17/Add_output_0']	['/vector_field/main_blocks.17/norm/Transpose_output_0']
722	LayerNormalization	/vector_field/main_blocks.17/norm/norm/LayerNormalization	['/vector_field/main_blocks.17/norm/Transpose_output_0', 'tts.ttl.vector_field.main_blocks.17.norm.norm.weight', 'tts.ttl.vector_field.main_blocks.17.norm.norm.bias']	['/vector_field/main_blocks.17/norm/norm/LayerNormalization_output_0']
723	Transpose	/vector_field/main_blocks.17/norm/Transpose_1	['/vector_field/main_blocks.17/norm/norm/LayerNormalization_output_0']	['/vector_field/main_blocks.17/norm/Transpose_1_output_0']
724	Mul	/vector_field/main_blocks.17/Mul_1	['/vector_field/main_blocks.17/norm/Transpose_1_output_0', 'latent_mask']	['/vector_field/main_blocks.17/Mul_1_output_0']
725	Mul	/vector_field/main_blocks.18/convnext.0/Mul	['/vector_field/main_blocks.17/Mul_1_output_0', 'latent_mask']	['/vector_field/main_blocks.18/convnext.0/Mul_output_0']
726	Pad	/vector_field/main_blocks.18/convnext.0/dwconv/Pad	['/vector_field/main_blocks.18/convnext.0/Mul_output_0', '/vector_field/main_blocks.0/convnext.0/dwconv/Cast_output_0']	['/vector_field/main_blocks.18/convnext.0/dwconv/Pad_output_0']
727	Conv	/vector_field/main_blocks.18/convnext.0/dwconv/Conv	['/vector_field/main_blocks.18/convnext.0/dwconv/Pad_output_0', 'tts.ttl.vector_field.main_blocks.18.convnext.0.dwconv.weight', 'tts.ttl.vector_field.main_blocks.18.convnext.0.dwconv.bias']	['/vector_field/main_blocks.18/convnext.0/dwconv/Conv_output_0']
728	Mul	/vector_field/main_blocks.18/convnext.0/Mul_1	['/vector_field/main_blocks.18/convnext.0/dwconv/Conv_output_0', 'latent_mask']	['/vector_field/main_blocks.18/convnext.0/Mul_1_output_0']
729	Transpose	/vector_field/main_blocks.18/convnext.0/norm/Transpose	['/vector_field/main_blocks.18/convnext.0/Mul_1_output_0']	['/vector_field/main_blocks.18/convnext.0/norm/Transpose_output_0']
730	LayerNormalization	/vector_field/main_blocks.18/convnext.0/norm/norm/LayerNormalization	['/vector_field/main_blocks.18/convnext.0/norm/Transpose_output_0', 'tts.ttl.vector_field.main_blocks.18.convnext.0.norm.norm.weight', 'tts.ttl.vector_field.main_blocks.18.convnext.0.norm.norm.bias']	['/vector_field/main_blocks.18/convnext.0/norm/norm/LayerNormalization_output_0']
731	Transpose	/vector_field/main_blocks.18/convnext.0/norm/Transpose_1	['/vector_field/main_blocks.18/convnext.0/norm/norm/LayerNormalization_output_0']	['/vector_field/main_blocks.18/convnext.0/norm/Transpose_1_output_0']
732	Conv	/vector_field/main_blocks.18/convnext.0/pwconv1/Conv	['/vector_field/main_blocks.18/convnext.0/norm/Transpose_1_output_0', 'tts.ttl.vector_field.main_blocks.18.convnext.0.pwconv1.weight', 'tts.ttl.vector_field.main_blocks.18.convnext.0.pwconv1.bias']	['/vector_field/main_blocks.18/convnext.0/pwconv1/Conv_output_0']
733	Div	/vector_field/main_blocks.18/convnext.0/act/Div	['/vector_field/main_blocks.18/convnext.0/pwconv1/Conv_output_0', '/vector_field/main_blocks.0/convnext.0/act/Constant_output_0']	['/vector_field/main_blocks.18/convnext.0/act/Div_output_0']
734	Erf	/vector_field/main_blocks.18/convnext.0/act/Erf	['/vector_field/main_blocks.18/convnext.0/act/Div_output_0']	['/vector_field/main_blocks.18/convnext.0/act/Erf_output_0']
735	Add	/vector_field/main_blocks.18/convnext.0/act/Add	['/vector_field/main_blocks.18/convnext.0/act/Erf_output_0', '/vector_field/main_blocks.0/convnext.0/act/Constant_1_output_0']	['/vector_field/main_blocks.18/convnext.0/act/Add_output_0']
736	Mul	/vector_field/main_blocks.18/convnext.0/act/Mul	['/vector_field/main_blocks.18/convnext.0/pwconv1/Conv_output_0', '/vector_field/main_blocks.18/convnext.0/act/Add_output_0']	['/vector_field/main_blocks.18/convnext.0/act/Mul_output_0']
737	Mul	/vector_field/main_blocks.18/convnext.0/act/Mul_1	['/vector_field/main_blocks.18/convnext.0/act/Mul_output_0', '/vector_field/main_blocks.0/convnext.0/act/Constant_2_output_0']	['/vector_field/main_blocks.18/convnext.0/act/Mul_1_output_0']
738	Conv	/vector_field/main_blocks.18/convnext.0/pwconv2/Conv	['/vector_field/main_blocks.18/convnext.0/act/Mul_1_output_0', 'tts.ttl.vector_field.main_blocks.18.convnext.0.pwconv2.weight', 'tts.ttl.vector_field.main_blocks.18.convnext.0.pwconv2.bias']	['/vector_field/main_blocks.18/convnext.0/pwconv2/Conv_output_0']
739	Mul	/vector_field/main_blocks.18/convnext.0/Mul_2	['tts.ttl.vector_field.main_blocks.18.convnext.0.gamma', '/vector_field/main_blocks.18/convnext.0/pwconv2/Conv_output_0']	['/vector_field/main_blocks.18/convnext.0/Mul_2_output_0']
740	Add	/vector_field/main_blocks.18/convnext.0/Add	['/vector_field/main_blocks.18/convnext.0/Mul_output_0', '/vector_field/main_blocks.18/convnext.0/Mul_2_output_0']	['/vector_field/main_blocks.18/convnext.0/Add_output_0']
741	Mul	/vector_field/main_blocks.18/convnext.0/Mul_3	['/vector_field/main_blocks.18/convnext.0/Add_output_0', 'latent_mask']	['/vector_field/main_blocks.18/convnext.0/Mul_3_output_0']
742	Mul	/vector_field/main_blocks.18/convnext.1/Mul	['/vector_field/main_blocks.18/convnext.0/Mul_3_output_0', 'latent_mask']	['/vector_field/main_blocks.18/convnext.1/Mul_output_0']
743	Pad	/vector_field/main_blocks.18/convnext.1/dwconv/Pad	['/vector_field/main_blocks.18/convnext.1/Mul_output_0', '/vector_field/main_blocks.0/convnext.1/dwconv/Cast_output_0']	['/vector_field/main_blocks.18/convnext.1/dwconv/Pad_output_0']
744	Conv	/vector_field/main_blocks.18/convnext.1/dwconv/Conv	['/vector_field/main_blocks.18/convnext.1/dwconv/Pad_output_0', 'tts.ttl.vector_field.main_blocks.18.convnext.1.dwconv.weight', 'tts.ttl.vector_field.main_blocks.18.convnext.1.dwconv.bias']	['/vector_field/main_blocks.18/convnext.1/dwconv/Conv_output_0']
745	Mul	/vector_field/main_blocks.18/convnext.1/Mul_1	['/vector_field/main_blocks.18/convnext.1/dwconv/Conv_output_0', 'latent_mask']	['/vector_field/main_blocks.18/convnext.1/Mul_1_output_0']
746	Transpose	/vector_field/main_blocks.18/convnext.1/norm/Transpose	['/vector_field/main_blocks.18/convnext.1/Mul_1_output_0']	['/vector_field/main_blocks.18/convnext.1/norm/Transpose_output_0']
747	LayerNormalization	/vector_field/main_blocks.18/convnext.1/norm/norm/LayerNormalization	['/vector_field/main_blocks.18/convnext.1/norm/Transpose_output_0', 'tts.ttl.vector_field.main_blocks.18.convnext.1.norm.norm.weight', 'tts.ttl.vector_field.main_blocks.18.convnext.1.norm.norm.bias']	['/vector_field/main_blocks.18/convnext.1/norm/norm/LayerNormalization_output_0']
748	Transpose	/vector_field/main_blocks.18/convnext.1/norm/Transpose_1	['/vector_field/main_blocks.18/convnext.1/norm/norm/LayerNormalization_output_0']	['/vector_field/main_blocks.18/convnext.1/norm/Transpose_1_output_0']
749	Conv	/vector_field/main_blocks.18/convnext.1/pwconv1/Conv	['/vector_field/main_blocks.18/convnext.1/norm/Transpose_1_output_0', 'tts.ttl.vector_field.main_blocks.18.convnext.1.pwconv1.weight', 'tts.ttl.vector_field.main_blocks.18.convnext.1.pwconv1.bias']	['/vector_field/main_blocks.18/convnext.1/pwconv1/Conv_output_0']
750	Div	/vector_field/main_blocks.18/convnext.1/act/Div	['/vector_field/main_blocks.18/convnext.1/pwconv1/Conv_output_0', '/vector_field/main_blocks.0/convnext.0/act/Constant_output_0']	['/vector_field/main_blocks.18/convnext.1/act/Div_output_0']
751	Erf	/vector_field/main_blocks.18/convnext.1/act/Erf	['/vector_field/main_blocks.18/convnext.1/act/Div_output_0']	['/vector_field/main_blocks.18/convnext.1/act/Erf_output_0']
752	Add	/vector_field/main_blocks.18/convnext.1/act/Add	['/vector_field/main_blocks.18/convnext.1/act/Erf_output_0', '/vector_field/main_blocks.0/convnext.0/act/Constant_1_output_0']	['/vector_field/main_blocks.18/convnext.1/act/Add_output_0']
753	Mul	/vector_field/main_blocks.18/convnext.1/act/Mul	['/vector_field/main_blocks.18/convnext.1/pwconv1/Conv_output_0', '/vector_field/main_blocks.18/convnext.1/act/Add_output_0']	['/vector_field/main_blocks.18/convnext.1/act/Mul_output_0']
754	Mul	/vector_field/main_blocks.18/convnext.1/act/Mul_1	['/vector_field/main_blocks.18/convnext.1/act/Mul_output_0', '/vector_field/main_blocks.0/convnext.0/act/Constant_2_output_0']	['/vector_field/main_blocks.18/convnext.1/act/Mul_1_output_0']
755	Conv	/vector_field/main_blocks.18/convnext.1/pwconv2/Conv	['/vector_field/main_blocks.18/convnext.1/act/Mul_1_output_0', 'tts.ttl.vector_field.main_blocks.18.convnext.1.pwconv2.weight', 'tts.ttl.vector_field.main_blocks.18.convnext.1.pwconv2.bias']	['/vector_field/main_blocks.18/convnext.1/pwconv2/Conv_output_0']
756	Mul	/vector_field/main_blocks.18/convnext.1/Mul_2	['tts.ttl.vector_field.main_blocks.18.convnext.1.gamma', '/vector_field/main_blocks.18/convnext.1/pwconv2/Conv_output_0']	['/vector_field/main_blocks.18/convnext.1/Mul_2_output_0']
757	Add	/vector_field/main_blocks.18/convnext.1/Add	['/vector_field/main_blocks.18/convnext.1/Mul_output_0', '/vector_field/main_blocks.18/convnext.1/Mul_2_output_0']	['/vector_field/main_blocks.18/convnext.1/Add_output_0']
758	Mul	/vector_field/main_blocks.18/convnext.1/Mul_3	['/vector_field/main_blocks.18/convnext.1/Add_output_0', 'latent_mask']	['/vector_field/main_blocks.18/convnext.1/Mul_3_output_0']
759	Mul	/vector_field/main_blocks.18/convnext.2/Mul	['/vector_field/main_blocks.18/convnext.1/Mul_3_output_0', 'latent_mask']	['/vector_field/main_blocks.18/convnext.2/Mul_output_0']
760	Pad	/vector_field/main_blocks.18/convnext.2/dwconv/Pad	['/vector_field/main_blocks.18/convnext.2/Mul_output_0', '/vector_field/main_blocks.0/convnext.2/dwconv/Cast_output_0']	['/vector_field/main_blocks.18/convnext.2/dwconv/Pad_output_0']
761	Conv	/vector_field/main_blocks.18/convnext.2/dwconv/Conv	['/vector_field/main_blocks.18/convnext.2/dwconv/Pad_output_0', 'tts.ttl.vector_field.main_blocks.18.convnext.2.dwconv.weight', 'tts.ttl.vector_field.main_blocks.18.convnext.2.dwconv.bias']	['/vector_field/main_blocks.18/convnext.2/dwconv/Conv_output_0']
762	Mul	/vector_field/main_blocks.18/convnext.2/Mul_1	['/vector_field/main_blocks.18/convnext.2/dwconv/Conv_output_0', 'latent_mask']	['/vector_field/main_blocks.18/convnext.2/Mul_1_output_0']
763	Transpose	/vector_field/main_blocks.18/convnext.2/norm/Transpose	['/vector_field/main_blocks.18/convnext.2/Mul_1_output_0']	['/vector_field/main_blocks.18/convnext.2/norm/Transpose_output_0']
764	LayerNormalization	/vector_field/main_blocks.18/convnext.2/norm/norm/LayerNormalization	['/vector_field/main_blocks.18/convnext.2/norm/Transpose_output_0', 'tts.ttl.vector_field.main_blocks.18.convnext.2.norm.norm.weight', 'tts.ttl.vector_field.main_blocks.18.convnext.2.norm.norm.bias']	['/vector_field/main_blocks.18/convnext.2/norm/norm/LayerNormalization_output_0']
765	Transpose	/vector_field/main_blocks.18/convnext.2/norm/Transpose_1	['/vector_field/main_blocks.18/convnext.2/norm/norm/LayerNormalization_output_0']	['/vector_field/main_blocks.18/convnext.2/norm/Transpose_1_output_0']
766	Conv	/vector_field/main_blocks.18/convnext.2/pwconv1/Conv	['/vector_field/main_blocks.18/convnext.2/norm/Transpose_1_output_0', 'tts.ttl.vector_field.main_blocks.18.convnext.2.pwconv1.weight', 'tts.ttl.vector_field.main_blocks.18.convnext.2.pwconv1.bias']	['/vector_field/main_blocks.18/convnext.2/pwconv1/Conv_output_0']
767	Div	/vector_field/main_blocks.18/convnext.2/act/Div	['/vector_field/main_blocks.18/convnext.2/pwconv1/Conv_output_0', '/vector_field/main_blocks.0/convnext.0/act/Constant_output_0']	['/vector_field/main_blocks.18/convnext.2/act/Div_output_0']
768	Erf	/vector_field/main_blocks.18/convnext.2/act/Erf	['/vector_field/main_blocks.18/convnext.2/act/Div_output_0']	['/vector_field/main_blocks.18/convnext.2/act/Erf_output_0']
769	Add	/vector_field/main_blocks.18/convnext.2/act/Add	['/vector_field/main_blocks.18/convnext.2/act/Erf_output_0', '/vector_field/main_blocks.0/convnext.0/act/Constant_1_output_0']	['/vector_field/main_blocks.18/convnext.2/act/Add_output_0']
770	Mul	/vector_field/main_blocks.18/convnext.2/act/Mul	['/vector_field/main_blocks.18/convnext.2/pwconv1/Conv_output_0', '/vector_field/main_blocks.18/convnext.2/act/Add_output_0']	['/vector_field/main_blocks.18/convnext.2/act/Mul_output_0']
771	Mul	/vector_field/main_blocks.18/convnext.2/act/Mul_1	['/vector_field/main_blocks.18/convnext.2/act/Mul_output_0', '/vector_field/main_blocks.0/convnext.0/act/Constant_2_output_0']	['/vector_field/main_blocks.18/convnext.2/act/Mul_1_output_0']
772	Conv	/vector_field/main_blocks.18/convnext.2/pwconv2/Conv	['/vector_field/main_blocks.18/convnext.2/act/Mul_1_output_0', 'tts.ttl.vector_field.main_blocks.18.convnext.2.pwconv2.weight', 'tts.ttl.vector_field.main_blocks.18.convnext.2.pwconv2.bias']	['/vector_field/main_blocks.18/convnext.2/pwconv2/Conv_output_0']
773	Mul	/vector_field/main_blocks.18/convnext.2/Mul_2	['tts.ttl.vector_field.main_blocks.18.convnext.2.gamma', '/vector_field/main_blocks.18/convnext.2/pwconv2/Conv_output_0']	['/vector_field/main_blocks.18/convnext.2/Mul_2_output_0']
774	Add	/vector_field/main_blocks.18/convnext.2/Add	['/vector_field/main_blocks.18/convnext.2/Mul_output_0', '/vector_field/main_blocks.18/convnext.2/Mul_2_output_0']	['/vector_field/main_blocks.18/convnext.2/Add_output_0']
775	Mul	/vector_field/main_blocks.18/convnext.2/Mul_3	['/vector_field/main_blocks.18/convnext.2/Add_output_0', 'latent_mask']	['/vector_field/main_blocks.18/convnext.2/Mul_3_output_0']
776	Mul	/vector_field/main_blocks.18/convnext.3/Mul	['/vector_field/main_blocks.18/convnext.2/Mul_3_output_0', 'latent_mask']	['/vector_field/main_blocks.18/convnext.3/Mul_output_0']
777	Pad	/vector_field/main_blocks.18/convnext.3/dwconv/Pad	['/vector_field/main_blocks.18/convnext.3/Mul_output_0', '/vector_field/main_blocks.0/convnext.3/dwconv/Cast_output_0']	['/vector_field/main_blocks.18/convnext.3/dwconv/Pad_output_0']
778	Conv	/vector_field/main_blocks.18/convnext.3/dwconv/Conv	['/vector_field/main_blocks.18/convnext.3/dwconv/Pad_output_0', 'tts.ttl.vector_field.main_blocks.18.convnext.3.dwconv.weight', 'tts.ttl.vector_field.main_blocks.18.convnext.3.dwconv.bias']	['/vector_field/main_blocks.18/convnext.3/dwconv/Conv_output_0']
779	Mul	/vector_field/main_blocks.18/convnext.3/Mul_1	['/vector_field/main_blocks.18/convnext.3/dwconv/Conv_output_0', 'latent_mask']	['/vector_field/main_blocks.18/convnext.3/Mul_1_output_0']
780	Transpose	/vector_field/main_blocks.18/convnext.3/norm/Transpose	['/vector_field/main_blocks.18/convnext.3/Mul_1_output_0']	['/vector_field/main_blocks.18/convnext.3/norm/Transpose_output_0']
781	LayerNormalization	/vector_field/main_blocks.18/convnext.3/norm/norm/LayerNormalization	['/vector_field/main_blocks.18/convnext.3/norm/Transpose_output_0', 'tts.ttl.vector_field.main_blocks.18.convnext.3.norm.norm.weight', 'tts.ttl.vector_field.main_blocks.18.convnext.3.norm.norm.bias']	['/vector_field/main_blocks.18/convnext.3/norm/norm/LayerNormalization_output_0']
782	Transpose	/vector_field/main_blocks.18/convnext.3/norm/Transpose_1	['/vector_field/main_blocks.18/convnext.3/norm/norm/LayerNormalization_output_0']	['/vector_field/main_blocks.18/convnext.3/norm/Transpose_1_output_0']
783	Conv	/vector_field/main_blocks.18/convnext.3/pwconv1/Conv	['/vector_field/main_blocks.18/convnext.3/norm/Transpose_1_output_0', 'tts.ttl.vector_field.main_blocks.18.convnext.3.pwconv1.weight', 'tts.ttl.vector_field.main_blocks.18.convnext.3.pwconv1.bias']	['/vector_field/main_blocks.18/convnext.3/pwconv1/Conv_output_0']
784	Div	/vector_field/main_blocks.18/convnext.3/act/Div	['/vector_field/main_blocks.18/convnext.3/pwconv1/Conv_output_0', '/vector_field/main_blocks.0/convnext.0/act/Constant_output_0']	['/vector_field/main_blocks.18/convnext.3/act/Div_output_0']
785	Erf	/vector_field/main_blocks.18/convnext.3/act/Erf	['/vector_field/main_blocks.18/convnext.3/act/Div_output_0']	['/vector_field/main_blocks.18/convnext.3/act/Erf_output_0']
786	Add	/vector_field/main_blocks.18/convnext.3/act/Add	['/vector_field/main_blocks.18/convnext.3/act/Erf_output_0', '/vector_field/main_blocks.0/convnext.0/act/Constant_1_output_0']	['/vector_field/main_blocks.18/convnext.3/act/Add_output_0']
787	Mul	/vector_field/main_blocks.18/convnext.3/act/Mul	['/vector_field/main_blocks.18/convnext.3/pwconv1/Conv_output_0', '/vector_field/main_blocks.18/convnext.3/act/Add_output_0']	['/vector_field/main_blocks.18/convnext.3/act/Mul_output_0']
788	Mul	/vector_field/main_blocks.18/convnext.3/act/Mul_1	['/vector_field/main_blocks.18/convnext.3/act/Mul_output_0', '/vector_field/main_blocks.0/convnext.0/act/Constant_2_output_0']	['/vector_field/main_blocks.18/convnext.3/act/Mul_1_output_0']
789	Conv	/vector_field/main_blocks.18/convnext.3/pwconv2/Conv	['/vector_field/main_blocks.18/convnext.3/act/Mul_1_output_0', 'tts.ttl.vector_field.main_blocks.18.convnext.3.pwconv2.weight', 'tts.ttl.vector_field.main_blocks.18.convnext.3.pwconv2.bias']	['/vector_field/main_blocks.18/convnext.3/pwconv2/Conv_output_0']
790	Mul	/vector_field/main_blocks.18/convnext.3/Mul_2	['tts.ttl.vector_field.main_blocks.18.convnext.3.gamma', '/vector_field/main_blocks.18/convnext.3/pwconv2/Conv_output_0']	['/vector_field/main_blocks.18/convnext.3/Mul_2_output_0']
791	Add	/vector_field/main_blocks.18/convnext.3/Add	['/vector_field/main_blocks.18/convnext.3/Mul_output_0', '/vector_field/main_blocks.18/convnext.3/Mul_2_output_0']	['/vector_field/main_blocks.18/convnext.3/Add_output_0']
792	Mul	/vector_field/main_blocks.18/convnext.3/Mul_3	['/vector_field/main_blocks.18/convnext.3/Add_output_0', 'latent_mask']	['/vector_field/main_blocks.18/convnext.3/Mul_3_output_0']
793	Add	/vector_field/main_blocks.19/Add	['/vector_field/main_blocks.18/convnext.3/Mul_3_output_0', '/vector_field/main_blocks.19/Transpose_output_0']	['/vector_field/main_blocks.19/Add_output_0']
794	Mul	/vector_field/main_blocks.19/Mul	['/vector_field/main_blocks.19/Add_output_0', 'latent_mask']	['/vector_field/main_blocks.19/Mul_output_0']
795	Mul	/vector_field/main_blocks.20/convnext.0/Mul	['/vector_field/main_blocks.19/Mul_output_0', 'latent_mask']	['/vector_field/main_blocks.20/convnext.0/Mul_output_0']
796	Pad	/vector_field/main_blocks.20/convnext.0/dwconv/Pad	['/vector_field/main_blocks.20/convnext.0/Mul_output_0', '/vector_field/main_blocks.0/convnext.0/dwconv/Cast_output_0']	['/vector_field/main_blocks.20/convnext.0/dwconv/Pad_output_0']
797	Conv	/vector_field/main_blocks.20/convnext.0/dwconv/Conv	['/vector_field/main_blocks.20/convnext.0/dwconv/Pad_output_0', 'tts.ttl.vector_field.main_blocks.20.convnext.0.dwconv.weight', 'tts.ttl.vector_field.main_blocks.20.convnext.0.dwconv.bias']	['/vector_field/main_blocks.20/convnext.0/dwconv/Conv_output_0']
798	Mul	/vector_field/main_blocks.20/convnext.0/Mul_1	['/vector_field/main_blocks.20/convnext.0/dwconv/Conv_output_0', 'latent_mask']	['/vector_field/main_blocks.20/convnext.0/Mul_1_output_0']
799	Transpose	/vector_field/main_blocks.20/convnext.0/norm/Transpose	['/vector_field/main_blocks.20/convnext.0/Mul_1_output_0']	['/vector_field/main_blocks.20/convnext.0/norm/Transpose_output_0']
800	LayerNormalization	/vector_field/main_blocks.20/convnext.0/norm/norm/LayerNormalization	['/vector_field/main_blocks.20/convnext.0/norm/Transpose_output_0', 'tts.ttl.vector_field.main_blocks.20.convnext.0.norm.norm.weight', 'tts.ttl.vector_field.main_blocks.20.convnext.0.norm.norm.bias']	['/vector_field/main_blocks.20/convnext.0/norm/norm/LayerNormalization_output_0']
801	Transpose	/vector_field/main_blocks.20/convnext.0/norm/Transpose_1	['/vector_field/main_blocks.20/convnext.0/norm/norm/LayerNormalization_output_0']	['/vector_field/main_blocks.20/convnext.0/norm/Transpose_1_output_0']
802	Conv	/vector_field/main_blocks.20/convnext.0/pwconv1/Conv	['/vector_field/main_blocks.20/convnext.0/norm/Transpose_1_output_0', 'tts.ttl.vector_field.main_blocks.20.convnext.0.pwconv1.weight', 'tts.ttl.vector_field.main_blocks.20.convnext.0.pwconv1.bias']	['/vector_field/main_blocks.20/convnext.0/pwconv1/Conv_output_0']
803	Div	/vector_field/main_blocks.20/convnext.0/act/Div	['/vector_field/main_blocks.20/convnext.0/pwconv1/Conv_output_0', '/vector_field/main_blocks.0/convnext.0/act/Constant_output_0']	['/vector_field/main_blocks.20/convnext.0/act/Div_output_0']
804	Erf	/vector_field/main_blocks.20/convnext.0/act/Erf	['/vector_field/main_blocks.20/convnext.0/act/Div_output_0']	['/vector_field/main_blocks.20/convnext.0/act/Erf_output_0']
805	Add	/vector_field/main_blocks.20/convnext.0/act/Add	['/vector_field/main_blocks.20/convnext.0/act/Erf_output_0', '/vector_field/main_blocks.0/convnext.0/act/Constant_1_output_0']	['/vector_field/main_blocks.20/convnext.0/act/Add_output_0']
806	Mul	/vector_field/main_blocks.20/convnext.0/act/Mul	['/vector_field/main_blocks.20/convnext.0/pwconv1/Conv_output_0', '/vector_field/main_blocks.20/convnext.0/act/Add_output_0']	['/vector_field/main_blocks.20/convnext.0/act/Mul_output_0']
807	Mul	/vector_field/main_blocks.20/convnext.0/act/Mul_1	['/vector_field/main_blocks.20/convnext.0/act/Mul_output_0', '/vector_field/main_blocks.0/convnext.0/act/Constant_2_output_0']	['/vector_field/main_blocks.20/convnext.0/act/Mul_1_output_0']
808	Conv	/vector_field/main_blocks.20/convnext.0/pwconv2/Conv	['/vector_field/main_blocks.20/convnext.0/act/Mul_1_output_0', 'tts.ttl.vector_field.main_blocks.20.convnext.0.pwconv2.weight', 'tts.ttl.vector_field.main_blocks.20.convnext.0.pwconv2.bias']	['/vector_field/main_blocks.20/convnext.0/pwconv2/Conv_output_0']
809	Mul	/vector_field/main_blocks.20/convnext.0/Mul_2	['tts.ttl.vector_field.main_blocks.20.convnext.0.gamma', '/vector_field/main_blocks.20/convnext.0/pwconv2/Conv_output_0']	['/vector_field/main_blocks.20/convnext.0/Mul_2_output_0']
810	Add	/vector_field/main_blocks.20/convnext.0/Add	['/vector_field/main_blocks.20/convnext.0/Mul_output_0', '/vector_field/main_blocks.20/convnext.0/Mul_2_output_0']	['/vector_field/main_blocks.20/convnext.0/Add_output_0']
811	Mul	/vector_field/main_blocks.20/convnext.0/Mul_3	['/vector_field/main_blocks.20/convnext.0/Add_output_0', 'latent_mask']	['/vector_field/main_blocks.20/convnext.0/Mul_3_output_0']
812	Mul	/vector_field/main_blocks.21/Mul	['/vector_field/main_blocks.20/convnext.0/Mul_3_output_0', 'latent_mask']	['/vector_field/main_blocks.21/Mul_output_0']
813	Transpose	/vector_field/main_blocks.21/Transpose	['/vector_field/main_blocks.21/Mul_output_0']	['/vector_field/main_blocks.21/Transpose_output_0']
814	MatMul	/vector_field/main_blocks.21/attn/W_query/linear/MatMul	['/vector_field/main_blocks.21/Transpose_output_0', 'onnx::MatMul_3236']	['/vector_field/main_blocks.21/attn/W_query/linear/MatMul_output_0']
815	Add	/vector_field/main_blocks.21/attn/W_query/linear/Add	['tts.ttl.vector_field.main_blocks.21.attn.W_query.linear.bias', '/vector_field/main_blocks.21/attn/W_query/linear/MatMul_output_0']	['/vector_field/main_blocks.21/attn/W_query/linear/Add_output_0']
816	Split	/vector_field/main_blocks.21/attn/Split	['/vector_field/main_blocks.21/attn/W_query/linear/Add_output_0', '/vector_field/main_blocks.3/attn/Constant_5_output_0']	['/vector_field/main_blocks.21/attn/Split_output_0', '/vector_field/main_blocks.21/attn/Split_output_1', '/vector_field/main_blocks.21/attn/Split_output_2', '/vector_field/main_blocks.21/attn/Split_output_3']
817	Unsqueeze	/vector_field/main_blocks.21/attn/Unsqueeze	['/vector_field/main_blocks.21/attn/Split_output_0', '/vector_field/main_blocks.3/attn/Constant_40_output_0']	['/vector_field/main_blocks.21/attn/Unsqueeze_output_0']
818	Unsqueeze	/vector_field/main_blocks.21/attn/Unsqueeze_1	['/vector_field/main_blocks.21/attn/Split_output_1', '/vector_field/main_blocks.3/attn/Constant_40_output_0']	['/vector_field/main_blocks.21/attn/Unsqueeze_1_output_0']
819	Unsqueeze	/vector_field/main_blocks.21/attn/Unsqueeze_2	['/vector_field/main_blocks.21/attn/Split_output_2', '/vector_field/main_blocks.3/attn/Constant_40_output_0']	['/vector_field/main_blocks.21/attn/Unsqueeze_2_output_0']
820	Unsqueeze	/vector_field/main_blocks.21/attn/Unsqueeze_3	['/vector_field/main_blocks.21/attn/Split_output_3', '/vector_field/main_blocks.3/attn/Constant_40_output_0']	['/vector_field/main_blocks.21/attn/Unsqueeze_3_output_0']
821	Concat	/vector_field/main_blocks.21/attn/Concat	['/vector_field/main_blocks.21/attn/Unsqueeze_output_0', '/vector_field/main_blocks.21/attn/Unsqueeze_1_output_0', '/vector_field/main_blocks.21/attn/Unsqueeze_2_output_0', '/vector_field/main_blocks.21/attn/Unsqueeze_3_output_0']	['/vector_field/main_blocks.21/attn/Concat_output_0']
822	Slice	/vector_field/main_blocks.21/attn/Slice_1	['/vector_field/main_blocks.21/attn/Concat_output_0', '/vector_field/main_blocks.3/attn/Constant_40_output_0', '/vector_field/main_blocks.3/attn/Mul_8_output_0', '/vector_field/time_encoder/sinusoidal/Constant_output_0']	['/vector_field/main_blocks.21/attn/Slice_1_output_0']
823	Slice	/vector_field/main_blocks.21/attn/Slice_2	['/vector_field/main_blocks.21/attn/Concat_output_0', '/vector_field/main_blocks.3/attn/Mul_8_output_0', '/vector_field/main_blocks.3/attn/Mul_9_output_0', '/vector_field/time_encoder/sinusoidal/Constant_output_0']	['/vector_field/main_blocks.21/attn/Slice_2_output_0']
824	Mul	/vector_field/main_blocks.21/attn/Mul_3	['/vector_field/main_blocks.21/attn/Slice_1_output_0', '/vector_field/main_blocks.3/attn/Cos_output_0']	['/vector_field/main_blocks.21/attn/Mul_3_output_0']
825	Mul	/vector_field/main_blocks.21/attn/Mul_4	['/vector_field/main_blocks.21/attn/Slice_2_output_0', '/vector_field/main_blocks.3/attn/Sin_output_0']	['/vector_field/main_blocks.21/attn/Mul_4_output_0']
826	Mul	/vector_field/main_blocks.21/attn/Mul_5	['/vector_field/main_blocks.21/attn/Slice_1_output_0', '/vector_field/main_blocks.3/attn/Sin_output_0']	['/vector_field/main_blocks.21/attn/Mul_5_output_0']
827	Mul	/vector_field/main_blocks.21/attn/Mul_6	['/vector_field/main_blocks.21/attn/Slice_2_output_0', '/vector_field/main_blocks.3/attn/Cos_output_0']	['/vector_field/main_blocks.21/attn/Mul_6_output_0']
828	Sub	/vector_field/main_blocks.21/attn/Sub	['/vector_field/main_blocks.21/attn/Mul_3_output_0', '/vector_field/main_blocks.21/attn/Mul_4_output_0']	['/vector_field/main_blocks.21/attn/Sub_output_0']
829	Add	/vector_field/main_blocks.21/attn/Add_1	['/vector_field/main_blocks.21/attn/Mul_5_output_0', '/vector_field/main_blocks.21/attn/Mul_6_output_0']	['/vector_field/main_blocks.21/attn/Add_1_output_0']
830	Concat	/vector_field/main_blocks.21/attn/Concat_3	['/vector_field/main_blocks.21/attn/Sub_output_0', '/vector_field/main_blocks.21/attn/Add_1_output_0']	['/vector_field/main_blocks.21/attn/Concat_3_output_0']
831	MatMul	/vector_field/main_blocks.21/attn/MatMul	['/vector_field/main_blocks.21/attn/Concat_3_output_0', '/vector_field/main_blocks.21/attn/Transpose_output_0']	['/vector_field/main_blocks.21/attn/MatMul_output_0']
832	Div	/vector_field/main_blocks.21/attn/Div_4	['/vector_field/main_blocks.21/attn/MatMul_output_0', '/vector_field/main_blocks.3/attn/Constant_39_output_0']	['/vector_field/main_blocks.21/attn/Div_4_output_0']
833	Where	/vector_field/main_blocks.21/attn/Where	['/vector_field/main_blocks.21/attn/Cast_2_output_0', '/vector_field/main_blocks.3/attn/Constant_42_output_0', '/vector_field/main_blocks.21/attn/Div_4_output_0']	['/vector_field/main_blocks.21/attn/Where_output_0']
834	Softmax	/vector_field/main_blocks.21/attn/Softmax	['/vector_field/main_blocks.21/attn/Where_output_0']	['/vector_field/main_blocks.21/attn/Softmax_output_0']
835	Where	/vector_field/main_blocks.21/attn/Where_1	['/vector_field/main_blocks.23/attention/Cast_output_0', '/vector_field/main_blocks.3/attn/Constant_44_output_0', '/vector_field/main_blocks.21/attn/Softmax_output_0']	['/vector_field/main_blocks.21/attn/Where_1_output_0']
836	MatMul	/vector_field/main_blocks.21/attn/MatMul_1	['/vector_field/main_blocks.21/attn/Where_1_output_0', '/vector_field/main_blocks.21/attn/Concat_2_output_0']	['/vector_field/main_blocks.21/attn/MatMul_1_output_0']
837	Split	/vector_field/main_blocks.21/attn/Split_3	['/vector_field/main_blocks.21/attn/MatMul_1_output_0', '/vector_field/main_blocks.3/attn/Constant_46_output_0']	['/vector_field/main_blocks.21/attn/Split_3_output_0', '/vector_field/main_blocks.21/attn/Split_3_output_1', '/vector_field/main_blocks.21/attn/Split_3_output_2', '/vector_field/main_blocks.21/attn/Split_3_output_3']
838	Concat	/vector_field/main_blocks.21/attn/Concat_5	['/vector_field/main_blocks.21/attn/Split_3_output_0', '/vector_field/main_blocks.21/attn/Split_3_output_1', '/vector_field/main_blocks.21/attn/Split_3_output_2', '/vector_field/main_blocks.21/attn/Split_3_output_3']	['/vector_field/main_blocks.21/attn/Concat_5_output_0']
839	Squeeze	/vector_field/main_blocks.21/attn/Squeeze	['/vector_field/main_blocks.21/attn/Concat_5_output_0', '/vector_field/main_blocks.3/attn/Constant_40_output_0']	['/vector_field/main_blocks.21/attn/Squeeze_output_0']
840	MatMul	/vector_field/main_blocks.21/attn/out_fc/linear/MatMul	['/vector_field/main_blocks.21/attn/Squeeze_output_0', 'onnx::MatMul_3245']	['/vector_field/main_blocks.21/attn/out_fc/linear/MatMul_output_0']
841	Add	/vector_field/main_blocks.21/attn/out_fc/linear/Add	['tts.ttl.vector_field.main_blocks.21.attn.out_fc.linear.bias', '/vector_field/main_blocks.21/attn/out_fc/linear/MatMul_output_0']	['/vector_field/main_blocks.21/attn/out_fc/linear/Add_output_0']
842	Mul	/vector_field/main_blocks.21/attn/Mul_14	['/vector_field/main_blocks.21/attn/out_fc/linear/Add_output_0', '/vector_field/main_blocks.3/Transpose_2_output_0']	['/vector_field/main_blocks.21/attn/Mul_14_output_0']
843	Transpose	/vector_field/main_blocks.21/Transpose_1	['/vector_field/main_blocks.21/attn/Mul_14_output_0']	['/vector_field/main_blocks.21/Transpose_1_output_0']
844	Add	/vector_field/main_blocks.21/Add	['/vector_field/main_blocks.21/Transpose_1_output_0', '/vector_field/main_blocks.21/Mul_output_0']	['/vector_field/main_blocks.21/Add_output_0']
845	Transpose	/vector_field/main_blocks.21/norm/Transpose	['/vector_field/main_blocks.21/Add_output_0']	['/vector_field/main_blocks.21/norm/Transpose_output_0']
846	LayerNormalization	/vector_field/main_blocks.21/norm/norm/LayerNormalization	['/vector_field/main_blocks.21/norm/Transpose_output_0', 'tts.ttl.vector_field.main_blocks.21.norm.norm.weight', 'tts.ttl.vector_field.main_blocks.21.norm.norm.bias']	['/vector_field/main_blocks.21/norm/norm/LayerNormalization_output_0']
847	Transpose	/vector_field/main_blocks.21/norm/Transpose_1	['/vector_field/main_blocks.21/norm/norm/LayerNormalization_output_0']	['/vector_field/main_blocks.21/norm/Transpose_1_output_0']
848	Mul	/vector_field/main_blocks.21/Mul_1	['/vector_field/main_blocks.21/norm/Transpose_1_output_0', 'latent_mask']	['/vector_field/main_blocks.21/Mul_1_output_0']
849	Mul	/vector_field/main_blocks.22/convnext.0/Mul	['/vector_field/main_blocks.21/Mul_1_output_0', 'latent_mask']	['/vector_field/main_blocks.22/convnext.0/Mul_output_0']
850	Pad	/vector_field/main_blocks.22/convnext.0/dwconv/Pad	['/vector_field/main_blocks.22/convnext.0/Mul_output_0', '/vector_field/main_blocks.0/convnext.0/dwconv/Cast_output_0']	['/vector_field/main_blocks.22/convnext.0/dwconv/Pad_output_0']
851	Conv	/vector_field/main_blocks.22/convnext.0/dwconv/Conv	['/vector_field/main_blocks.22/convnext.0/dwconv/Pad_output_0', 'tts.ttl.vector_field.main_blocks.22.convnext.0.dwconv.weight', 'tts.ttl.vector_field.main_blocks.22.convnext.0.dwconv.bias']	['/vector_field/main_blocks.22/convnext.0/dwconv/Conv_output_0']
852	Mul	/vector_field/main_blocks.22/convnext.0/Mul_1	['/vector_field/main_blocks.22/convnext.0/dwconv/Conv_output_0', 'latent_mask']	['/vector_field/main_blocks.22/convnext.0/Mul_1_output_0']
853	Transpose	/vector_field/main_blocks.22/convnext.0/norm/Transpose	['/vector_field/main_blocks.22/convnext.0/Mul_1_output_0']	['/vector_field/main_blocks.22/convnext.0/norm/Transpose_output_0']
854	LayerNormalization	/vector_field/main_blocks.22/convnext.0/norm/norm/LayerNormalization	['/vector_field/main_blocks.22/convnext.0/norm/Transpose_output_0', 'tts.ttl.vector_field.main_blocks.22.convnext.0.norm.norm.weight', 'tts.ttl.vector_field.main_blocks.22.convnext.0.norm.norm.bias']	['/vector_field/main_blocks.22/convnext.0/norm/norm/LayerNormalization_output_0']
855	Transpose	/vector_field/main_blocks.22/convnext.0/norm/Transpose_1	['/vector_field/main_blocks.22/convnext.0/norm/norm/LayerNormalization_output_0']	['/vector_field/main_blocks.22/convnext.0/norm/Transpose_1_output_0']
856	Conv	/vector_field/main_blocks.22/convnext.0/pwconv1/Conv	['/vector_field/main_blocks.22/convnext.0/norm/Transpose_1_output_0', 'tts.ttl.vector_field.main_blocks.22.convnext.0.pwconv1.weight', 'tts.ttl.vector_field.main_blocks.22.convnext.0.pwconv1.bias']	['/vector_field/main_blocks.22/convnext.0/pwconv1/Conv_output_0']
857	Div	/vector_field/main_blocks.22/convnext.0/act/Div	['/vector_field/main_blocks.22/convnext.0/pwconv1/Conv_output_0', '/vector_field/main_blocks.0/convnext.0/act/Constant_output_0']	['/vector_field/main_blocks.22/convnext.0/act/Div_output_0']
858	Erf	/vector_field/main_blocks.22/convnext.0/act/Erf	['/vector_field/main_blocks.22/convnext.0/act/Div_output_0']	['/vector_field/main_blocks.22/convnext.0/act/Erf_output_0']
859	Add	/vector_field/main_blocks.22/convnext.0/act/Add	['/vector_field/main_blocks.22/convnext.0/act/Erf_output_0', '/vector_field/main_blocks.0/convnext.0/act/Constant_1_output_0']	['/vector_field/main_blocks.22/convnext.0/act/Add_output_0']
860	Mul	/vector_field/main_blocks.22/convnext.0/act/Mul	['/vector_field/main_blocks.22/convnext.0/pwconv1/Conv_output_0', '/vector_field/main_blocks.22/convnext.0/act/Add_output_0']	['/vector_field/main_blocks.22/convnext.0/act/Mul_output_0']
861	Mul	/vector_field/main_blocks.22/convnext.0/act/Mul_1	['/vector_field/main_blocks.22/convnext.0/act/Mul_output_0', '/vector_field/main_blocks.0/convnext.0/act/Constant_2_output_0']	['/vector_field/main_blocks.22/convnext.0/act/Mul_1_output_0']
862	Conv	/vector_field/main_blocks.22/convnext.0/pwconv2/Conv	['/vector_field/main_blocks.22/convnext.0/act/Mul_1_output_0', 'tts.ttl.vector_field.main_blocks.22.convnext.0.pwconv2.weight', 'tts.ttl.vector_field.main_blocks.22.convnext.0.pwconv2.bias']	['/vector_field/main_blocks.22/convnext.0/pwconv2/Conv_output_0']
863	Mul	/vector_field/main_blocks.22/convnext.0/Mul_2	['tts.ttl.vector_field.main_blocks.22.convnext.0.gamma', '/vector_field/main_blocks.22/convnext.0/pwconv2/Conv_output_0']	['/vector_field/main_blocks.22/convnext.0/Mul_2_output_0']
864	Add	/vector_field/main_blocks.22/convnext.0/Add	['/vector_field/main_blocks.22/convnext.0/Mul_output_0', '/vector_field/main_blocks.22/convnext.0/Mul_2_output_0']	['/vector_field/main_blocks.22/convnext.0/Add_output_0']
865	Mul	/vector_field/main_blocks.22/convnext.0/Mul_3	['/vector_field/main_blocks.22/convnext.0/Add_output_0', 'latent_mask']	['/vector_field/main_blocks.22/convnext.0/Mul_3_output_0']
866	Mul	/vector_field/main_blocks.23/Mul	['/vector_field/main_blocks.22/convnext.0/Mul_3_output_0', 'latent_mask']	['/vector_field/main_blocks.23/Mul_output_0']
867	Transpose	/vector_field/main_blocks.23/Transpose	['/vector_field/main_blocks.23/Mul_output_0']	['/vector_field/main_blocks.23/Transpose_output_0']
868	MatMul	/vector_field/main_blocks.23/attention/W_query/linear/MatMul	['/vector_field/main_blocks.23/Transpose_output_0', 'onnx::MatMul_3251']	['/vector_field/main_blocks.23/attention/W_query/linear/MatMul_output_0']
869	Add	/vector_field/main_blocks.23/attention/W_query/linear/Add	['tts.ttl.vector_field.main_blocks.23.attention.W_query.linear.bias', '/vector_field/main_blocks.23/attention/W_query/linear/MatMul_output_0']	['/vector_field/main_blocks.23/attention/W_query/linear/Add_output_0']
870	Split	/vector_field/main_blocks.23/attention/Split	['/vector_field/main_blocks.23/attention/W_query/linear/Add_output_0', '/vector_field/main_blocks.5/attention/Constant_6_output_0']	['/vector_field/main_blocks.23/attention/Split_output_0', '/vector_field/main_blocks.23/attention/Split_output_1']
871	Unsqueeze	/vector_field/main_blocks.23/attention/Unsqueeze	['/vector_field/main_blocks.23/attention/Split_output_0', '/vector_field/main_blocks.3/attn/Constant_40_output_0']	['/vector_field/main_blocks.23/attention/Unsqueeze_output_0']
872	Unsqueeze	/vector_field/main_blocks.23/attention/Unsqueeze_1	['/vector_field/main_blocks.23/attention/Split_output_1', '/vector_field/main_blocks.3/attn/Constant_40_output_0']	['/vector_field/main_blocks.23/attention/Unsqueeze_1_output_0']
873	Concat	/vector_field/main_blocks.23/attention/Concat	['/vector_field/main_blocks.23/attention/Unsqueeze_output_0', '/vector_field/main_blocks.23/attention/Unsqueeze_1_output_0']	['/vector_field/main_blocks.23/attention/Concat_output_0']
874	MatMul	/vector_field/main_blocks.23/attention/MatMul	['/vector_field/main_blocks.23/attention/Concat_output_0', '/vector_field/main_blocks.23/attention/tanh/Tanh_output_0']	['/vector_field/main_blocks.23/attention/MatMul_output_0']
875	Div	/vector_field/main_blocks.23/attention/Div	['/vector_field/main_blocks.23/attention/MatMul_output_0', '/vector_field/main_blocks.3/attn/Constant_39_output_0']	['/vector_field/main_blocks.23/attention/Div_output_0']
876	Softmax	/vector_field/main_blocks.23/attention/Softmax	['/vector_field/main_blocks.23/attention/Div_output_0']	['/vector_field/main_blocks.23/attention/Softmax_output_0']
877	Where	/vector_field/main_blocks.23/attention/Where	['/vector_field/main_blocks.23/attention/Cast_output_0', '/vector_field/main_blocks.3/attn/Constant_44_output_0', '/vector_field/main_blocks.23/attention/Softmax_output_0']	['/vector_field/main_blocks.23/attention/Where_output_0']
878	MatMul	/vector_field/main_blocks.23/attention/MatMul_1	['/vector_field/main_blocks.23/attention/Where_output_0', '/vector_field/main_blocks.23/attention/Concat_2_output_0']	['/vector_field/main_blocks.23/attention/MatMul_1_output_0']
879	Split	/vector_field/main_blocks.23/attention/Split_3	['/vector_field/main_blocks.23/attention/MatMul_1_output_0', '/vector_field/main_blocks.5/attention/Constant_11_output_0']	['/vector_field/main_blocks.23/attention/Split_3_output_0', '/vector_field/main_blocks.23/attention/Split_3_output_1']
880	Concat	/vector_field/main_blocks.23/attention/Concat_3	['/vector_field/main_blocks.23/attention/Split_3_output_0', '/vector_field/main_blocks.23/attention/Split_3_output_1']	['/vector_field/main_blocks.23/attention/Concat_3_output_0']
881	Squeeze	/vector_field/main_blocks.23/attention/Squeeze	['/vector_field/main_blocks.23/attention/Concat_3_output_0', '/vector_field/main_blocks.3/attn/Constant_40_output_0']	['/vector_field/main_blocks.23/attention/Squeeze_output_0']
882	MatMul	/vector_field/main_blocks.23/attention/out_fc/linear/MatMul	['/vector_field/main_blocks.23/attention/Squeeze_output_0', 'onnx::MatMul_3254']	['/vector_field/main_blocks.23/attention/out_fc/linear/MatMul_output_0']
883	Add	/vector_field/main_blocks.23/attention/out_fc/linear/Add	['tts.ttl.vector_field.main_blocks.23.attention.out_fc.linear.bias', '/vector_field/main_blocks.23/attention/out_fc/linear/MatMul_output_0']	['/vector_field/main_blocks.23/attention/out_fc/linear/Add_output_0']
884	Mul	/vector_field/main_blocks.23/attention/Mul	['/vector_field/main_blocks.23/attention/out_fc/linear/Add_output_0', '/vector_field/main_blocks.3/Transpose_2_output_0']	['/vector_field/main_blocks.23/attention/Mul_output_0']
885	Transpose	/vector_field/main_blocks.23/Transpose_1	['/vector_field/main_blocks.23/attention/Mul_output_0']	['/vector_field/main_blocks.23/Transpose_1_output_0']
886	Add	/vector_field/main_blocks.23/Add	['/vector_field/main_blocks.23/Transpose_1_output_0', '/vector_field/main_blocks.23/Mul_output_0']	['/vector_field/main_blocks.23/Add_output_0']
887	Transpose	/vector_field/main_blocks.23/norm/Transpose	['/vector_field/main_blocks.23/Add_output_0']	['/vector_field/main_blocks.23/norm/Transpose_output_0']
888	LayerNormalization	/vector_field/main_blocks.23/norm/norm/LayerNormalization	['/vector_field/main_blocks.23/norm/Transpose_output_0', 'tts.ttl.vector_field.main_blocks.23.norm.norm.weight', 'tts.ttl.vector_field.main_blocks.23.norm.norm.bias']	['/vector_field/main_blocks.23/norm/norm/LayerNormalization_output_0']
889	Transpose	/vector_field/main_blocks.23/norm/Transpose_1	['/vector_field/main_blocks.23/norm/norm/LayerNormalization_output_0']	['/vector_field/main_blocks.23/norm/Transpose_1_output_0']
890	Mul	/vector_field/main_blocks.23/Mul_1	['/vector_field/main_blocks.23/norm/Transpose_1_output_0', 'latent_mask']	['/vector_field/main_blocks.23/Mul_1_output_0']
891	Mul	/vector_field/last_convnext/convnext.0/Mul	['/vector_field/main_blocks.23/Mul_1_output_0', 'latent_mask']	['/vector_field/last_convnext/convnext.0/Mul_output_0']
892	Pad	/vector_field/last_convnext/convnext.0/dwconv/Pad	['/vector_field/last_convnext/convnext.0/Mul_output_0', '/vector_field/main_blocks.0/convnext.0/dwconv/Cast_output_0']	['/vector_field/last_convnext/convnext.0/dwconv/Pad_output_0']
893	Conv	/vector_field/last_convnext/convnext.0/dwconv/Conv	['/vector_field/last_convnext/convnext.0/dwconv/Pad_output_0', 'tts.ttl.vector_field.last_convnext.convnext.0.dwconv.weight', 'tts.ttl.vector_field.last_convnext.convnext.0.dwconv.bias']	['/vector_field/last_convnext/convnext.0/dwconv/Conv_output_0']
894	Mul	/vector_field/last_convnext/convnext.0/Mul_1	['/vector_field/last_convnext/convnext.0/dwconv/Conv_output_0', 'latent_mask']	['/vector_field/last_convnext/convnext.0/Mul_1_output_0']
895	Transpose	/vector_field/last_convnext/convnext.0/norm/Transpose	['/vector_field/last_convnext/convnext.0/Mul_1_output_0']	['/vector_field/last_convnext/convnext.0/norm/Transpose_output_0']
896	LayerNormalization	/vector_field/last_convnext/convnext.0/norm/norm/LayerNormalization	['/vector_field/last_convnext/convnext.0/norm/Transpose_output_0', 'tts.ttl.vector_field.last_convnext.convnext.0.norm.norm.weight', 'tts.ttl.vector_field.last_convnext.convnext.0.norm.norm.bias']	['/vector_field/last_convnext/convnext.0/norm/norm/LayerNormalization_output_0']
897	Transpose	/vector_field/last_convnext/convnext.0/norm/Transpose_1	['/vector_field/last_convnext/convnext.0/norm/norm/LayerNormalization_output_0']	['/vector_field/last_convnext/convnext.0/norm/Transpose_1_output_0']
898	Conv	/vector_field/last_convnext/convnext.0/pwconv1/Conv	['/vector_field/last_convnext/convnext.0/norm/Transpose_1_output_0', 'tts.ttl.vector_field.last_convnext.convnext.0.pwconv1.weight', 'tts.ttl.vector_field.last_convnext.convnext.0.pwconv1.bias']	['/vector_field/last_convnext/convnext.0/pwconv1/Conv_output_0']
899	Div	/vector_field/last_convnext/convnext.0/act/Div	['/vector_field/last_convnext/convnext.0/pwconv1/Conv_output_0', '/vector_field/main_blocks.0/convnext.0/act/Constant_output_0']	['/vector_field/last_convnext/convnext.0/act/Div_output_0']
900	Erf	/vector_field/last_convnext/convnext.0/act/Erf	['/vector_field/last_convnext/convnext.0/act/Div_output_0']	['/vector_field/last_convnext/convnext.0/act/Erf_output_0']
901	Add	/vector_field/last_convnext/convnext.0/act/Add	['/vector_field/last_convnext/convnext.0/act/Erf_output_0', '/vector_field/main_blocks.0/convnext.0/act/Constant_1_output_0']	['/vector_field/last_convnext/convnext.0/act/Add_output_0']
902	Mul	/vector_field/last_convnext/convnext.0/act/Mul	['/vector_field/last_convnext/convnext.0/pwconv1/Conv_output_0', '/vector_field/last_convnext/convnext.0/act/Add_output_0']	['/vector_field/last_convnext/convnext.0/act/Mul_output_0']
903	Mul	/vector_field/last_convnext/convnext.0/act/Mul_1	['/vector_field/last_convnext/convnext.0/act/Mul_output_0', '/vector_field/main_blocks.0/convnext.0/act/Constant_2_output_0']	['/vector_field/last_convnext/convnext.0/act/Mul_1_output_0']
904	Conv	/vector_field/last_convnext/convnext.0/pwconv2/Conv	['/vector_field/last_convnext/convnext.0/act/Mul_1_output_0', 'tts.ttl.vector_field.last_convnext.convnext.0.pwconv2.weight', 'tts.ttl.vector_field.last_convnext.convnext.0.pwconv2.bias']	['/vector_field/last_convnext/convnext.0/pwconv2/Conv_output_0']
905	Mul	/vector_field/last_convnext/convnext.0/Mul_2	['tts.ttl.vector_field.last_convnext.convnext.0.gamma', '/vector_field/last_convnext/convnext.0/pwconv2/Conv_output_0']	['/vector_field/last_convnext/convnext.0/Mul_2_output_0']
906	Add	/vector_field/last_convnext/convnext.0/Add	['/vector_field/last_convnext/convnext.0/Mul_output_0', '/vector_field/last_convnext/convnext.0/Mul_2_output_0']	['/vector_field/last_convnext/convnext.0/Add_output_0']
907	Mul	/vector_field/last_convnext/convnext.0/Mul_3	['/vector_field/last_convnext/convnext.0/Add_output_0', 'latent_mask']	['/vector_field/last_convnext/convnext.0/Mul_3_output_0']
908	Mul	/vector_field/last_convnext/convnext.1/Mul	['/vector_field/last_convnext/convnext.0/Mul_3_output_0', 'latent_mask']	['/vector_field/last_convnext/convnext.1/Mul_output_0']
909	Pad	/vector_field/last_convnext/convnext.1/dwconv/Pad	['/vector_field/last_convnext/convnext.1/Mul_output_0', '/vector_field/main_blocks.0/convnext.0/dwconv/Cast_output_0']	['/vector_field/last_convnext/convnext.1/dwconv/Pad_output_0']
910	Conv	/vector_field/last_convnext/convnext.1/dwconv/Conv	['/vector_field/last_convnext/convnext.1/dwconv/Pad_output_0', 'tts.ttl.vector_field.last_convnext.convnext.1.dwconv.weight', 'tts.ttl.vector_field.last_convnext.convnext.1.dwconv.bias']	['/vector_field/last_convnext/convnext.1/dwconv/Conv_output_0']
911	Mul	/vector_field/last_convnext/convnext.1/Mul_1	['/vector_field/last_convnext/convnext.1/dwconv/Conv_output_0', 'latent_mask']	['/vector_field/last_convnext/convnext.1/Mul_1_output_0']
912	Transpose	/vector_field/last_convnext/convnext.1/norm/Transpose	['/vector_field/last_convnext/convnext.1/Mul_1_output_0']	['/vector_field/last_convnext/convnext.1/norm/Transpose_output_0']
913	LayerNormalization	/vector_field/last_convnext/convnext.1/norm/norm/LayerNormalization	['/vector_field/last_convnext/convnext.1/norm/Transpose_output_0', 'tts.ttl.vector_field.last_convnext.convnext.1.norm.norm.weight', 'tts.ttl.vector_field.last_convnext.convnext.1.norm.norm.bias']	['/vector_field/last_convnext/convnext.1/norm/norm/LayerNormalization_output_0']
914	Transpose	/vector_field/last_convnext/convnext.1/norm/Transpose_1	['/vector_field/last_convnext/convnext.1/norm/norm/LayerNormalization_output_0']	['/vector_field/last_convnext/convnext.1/norm/Transpose_1_output_0']
915	Conv	/vector_field/last_convnext/convnext.1/pwconv1/Conv	['/vector_field/last_convnext/convnext.1/norm/Transpose_1_output_0', 'tts.ttl.vector_field.last_convnext.convnext.1.pwconv1.weight', 'tts.ttl.vector_field.last_convnext.convnext.1.pwconv1.bias']	['/vector_field/last_convnext/convnext.1/pwconv1/Conv_output_0']
916	Div	/vector_field/last_convnext/convnext.1/act/Div	['/vector_field/last_convnext/convnext.1/pwconv1/Conv_output_0', '/vector_field/main_blocks.0/convnext.0/act/Constant_output_0']	['/vector_field/last_convnext/convnext.1/act/Div_output_0']
917	Erf	/vector_field/last_convnext/convnext.1/act/Erf	['/vector_field/last_convnext/convnext.1/act/Div_output_0']	['/vector_field/last_convnext/convnext.1/act/Erf_output_0']
918	Add	/vector_field/last_convnext/convnext.1/act/Add	['/vector_field/last_convnext/convnext.1/act/Erf_output_0', '/vector_field/main_blocks.0/convnext.0/act/Constant_1_output_0']	['/vector_field/last_convnext/convnext.1/act/Add_output_0']
919	Mul	/vector_field/last_convnext/convnext.1/act/Mul	['/vector_field/last_convnext/convnext.1/pwconv1/Conv_output_0', '/vector_field/last_convnext/convnext.1/act/Add_output_0']	['/vector_field/last_convnext/convnext.1/act/Mul_output_0']
920	Mul	/vector_field/last_convnext/convnext.1/act/Mul_1	['/vector_field/last_convnext/convnext.1/act/Mul_output_0', '/vector_field/main_blocks.0/convnext.0/act/Constant_2_output_0']	['/vector_field/last_convnext/convnext.1/act/Mul_1_output_0']
921	Conv	/vector_field/last_convnext/convnext.1/pwconv2/Conv	['/vector_field/last_convnext/convnext.1/act/Mul_1_output_0', 'tts.ttl.vector_field.last_convnext.convnext.1.pwconv2.weight', 'tts.ttl.vector_field.last_convnext.convnext.1.pwconv2.bias']	['/vector_field/last_convnext/convnext.1/pwconv2/Conv_output_0']
922	Mul	/vector_field/last_convnext/convnext.1/Mul_2	['tts.ttl.vector_field.last_convnext.convnext.1.gamma', '/vector_field/last_convnext/convnext.1/pwconv2/Conv_output_0']	['/vector_field/last_convnext/convnext.1/Mul_2_output_0']
923	Add	/vector_field/last_convnext/convnext.1/Add	['/vector_field/last_convnext/convnext.1/Mul_output_0', '/vector_field/last_convnext/convnext.1/Mul_2_output_0']	['/vector_field/last_convnext/convnext.1/Add_output_0']
924	Mul	/vector_field/last_convnext/convnext.1/Mul_3	['/vector_field/last_convnext/convnext.1/Add_output_0', 'latent_mask']	['/vector_field/last_convnext/convnext.1/Mul_3_output_0']
925	Mul	/vector_field/last_convnext/convnext.2/Mul	['/vector_field/last_convnext/convnext.1/Mul_3_output_0', 'latent_mask']	['/vector_field/last_convnext/convnext.2/Mul_output_0']
926	Pad	/vector_field/last_convnext/convnext.2/dwconv/Pad	['/vector_field/last_convnext/convnext.2/Mul_output_0', '/vector_field/main_blocks.0/convnext.0/dwconv/Cast_output_0']	['/vector_field/last_convnext/convnext.2/dwconv/Pad_output_0']
927	Conv	/vector_field/last_convnext/convnext.2/dwconv/Conv	['/vector_field/last_convnext/convnext.2/dwconv/Pad_output_0', 'tts.ttl.vector_field.last_convnext.convnext.2.dwconv.weight', 'tts.ttl.vector_field.last_convnext.convnext.2.dwconv.bias']	['/vector_field/last_convnext/convnext.2/dwconv/Conv_output_0']
928	Mul	/vector_field/last_convnext/convnext.2/Mul_1	['/vector_field/last_convnext/convnext.2/dwconv/Conv_output_0', 'latent_mask']	['/vector_field/last_convnext/convnext.2/Mul_1_output_0']
929	Transpose	/vector_field/last_convnext/convnext.2/norm/Transpose	['/vector_field/last_convnext/convnext.2/Mul_1_output_0']	['/vector_field/last_convnext/convnext.2/norm/Transpose_output_0']
930	LayerNormalization	/vector_field/last_convnext/convnext.2/norm/norm/LayerNormalization	['/vector_field/last_convnext/convnext.2/norm/Transpose_output_0', 'tts.ttl.vector_field.last_convnext.convnext.2.norm.norm.weight', 'tts.ttl.vector_field.last_convnext.convnext.2.norm.norm.bias']	['/vector_field/last_convnext/convnext.2/norm/norm/LayerNormalization_output_0']
931	Transpose	/vector_field/last_convnext/convnext.2/norm/Transpose_1	['/vector_field/last_convnext/convnext.2/norm/norm/LayerNormalization_output_0']	['/vector_field/last_convnext/convnext.2/norm/Transpose_1_output_0']
932	Conv	/vector_field/last_convnext/convnext.2/pwconv1/Conv	['/vector_field/last_convnext/convnext.2/norm/Transpose_1_output_0', 'tts.ttl.vector_field.last_convnext.convnext.2.pwconv1.weight', 'tts.ttl.vector_field.last_convnext.convnext.2.pwconv1.bias']	['/vector_field/last_convnext/convnext.2/pwconv1/Conv_output_0']
933	Div	/vector_field/last_convnext/convnext.2/act/Div	['/vector_field/last_convnext/convnext.2/pwconv1/Conv_output_0', '/vector_field/main_blocks.0/convnext.0/act/Constant_output_0']	['/vector_field/last_convnext/convnext.2/act/Div_output_0']
934	Erf	/vector_field/last_convnext/convnext.2/act/Erf	['/vector_field/last_convnext/convnext.2/act/Div_output_0']	['/vector_field/last_convnext/convnext.2/act/Erf_output_0']
935	Add	/vector_field/last_convnext/convnext.2/act/Add	['/vector_field/last_convnext/convnext.2/act/Erf_output_0', '/vector_field/main_blocks.0/convnext.0/act/Constant_1_output_0']	['/vector_field/last_convnext/convnext.2/act/Add_output_0']
936	Mul	/vector_field/last_convnext/convnext.2/act/Mul	['/vector_field/last_convnext/convnext.2/pwconv1/Conv_output_0', '/vector_field/last_convnext/convnext.2/act/Add_output_0']	['/vector_field/last_convnext/convnext.2/act/Mul_output_0']
937	Mul	/vector_field/last_convnext/convnext.2/act/Mul_1	['/vector_field/last_convnext/convnext.2/act/Mul_output_0', '/vector_field/main_blocks.0/convnext.0/act/Constant_2_output_0']	['/vector_field/last_convnext/convnext.2/act/Mul_1_output_0']
938	Conv	/vector_field/last_convnext/convnext.2/pwconv2/Conv	['/vector_field/last_convnext/convnext.2/act/Mul_1_output_0', 'tts.ttl.vector_field.last_convnext.convnext.2.pwconv2.weight', 'tts.ttl.vector_field.last_convnext.convnext.2.pwconv2.bias']	['/vector_field/last_convnext/convnext.2/pwconv2/Conv_output_0']
939	Mul	/vector_field/last_convnext/convnext.2/Mul_2	['tts.ttl.vector_field.last_convnext.convnext.2.gamma', '/vector_field/last_convnext/convnext.2/pwconv2/Conv_output_0']	['/vector_field/last_convnext/convnext.2/Mul_2_output_0']
940	Add	/vector_field/last_convnext/convnext.2/Add	['/vector_field/last_convnext/convnext.2/Mul_output_0', '/vector_field/last_convnext/convnext.2/Mul_2_output_0']	['/vector_field/last_convnext/convnext.2/Add_output_0']
941	Mul	/vector_field/last_convnext/convnext.2/Mul_3	['/vector_field/last_convnext/convnext.2/Add_output_0', 'latent_mask']	['/vector_field/last_convnext/convnext.2/Mul_3_output_0']
942	Mul	/vector_field/last_convnext/convnext.3/Mul	['/vector_field/last_convnext/convnext.2/Mul_3_output_0', 'latent_mask']	['/vector_field/last_convnext/convnext.3/Mul_output_0']
943	Pad	/vector_field/last_convnext/convnext.3/dwconv/Pad	['/vector_field/last_convnext/convnext.3/Mul_output_0', '/vector_field/main_blocks.0/convnext.0/dwconv/Cast_output_0']	['/vector_field/last_convnext/convnext.3/dwconv/Pad_output_0']
944	Conv	/vector_field/last_convnext/convnext.3/dwconv/Conv	['/vector_field/last_convnext/convnext.3/dwconv/Pad_output_0', 'tts.ttl.vector_field.last_convnext.convnext.3.dwconv.weight', 'tts.ttl.vector_field.last_convnext.convnext.3.dwconv.bias']	['/vector_field/last_convnext/convnext.3/dwconv/Conv_output_0']
945	Mul	/vector_field/last_convnext/convnext.3/Mul_1	['/vector_field/last_convnext/convnext.3/dwconv/Conv_output_0', 'latent_mask']	['/vector_field/last_convnext/convnext.3/Mul_1_output_0']
946	Transpose	/vector_field/last_convnext/convnext.3/norm/Transpose	['/vector_field/last_convnext/convnext.3/Mul_1_output_0']	['/vector_field/last_convnext/convnext.3/norm/Transpose_output_0']
947	LayerNormalization	/vector_field/last_convnext/convnext.3/norm/norm/LayerNormalization	['/vector_field/last_convnext/convnext.3/norm/Transpose_output_0', 'tts.ttl.vector_field.last_convnext.convnext.3.norm.norm.weight', 'tts.ttl.vector_field.last_convnext.convnext.3.norm.norm.bias']	['/vector_field/last_convnext/convnext.3/norm/norm/LayerNormalization_output_0']
948	Transpose	/vector_field/last_convnext/convnext.3/norm/Transpose_1	['/vector_field/last_convnext/convnext.3/norm/norm/LayerNormalization_output_0']	['/vector_field/last_convnext/convnext.3/norm/Transpose_1_output_0']
949	Conv	/vector_field/last_convnext/convnext.3/pwconv1/Conv	['/vector_field/last_convnext/convnext.3/norm/Transpose_1_output_0', 'tts.ttl.vector_field.last_convnext.convnext.3.pwconv1.weight', 'tts.ttl.vector_field.last_convnext.convnext.3.pwconv1.bias']	['/vector_field/last_convnext/convnext.3/pwconv1/Conv_output_0']
950	Div	/vector_field/last_convnext/convnext.3/act/Div	['/vector_field/last_convnext/convnext.3/pwconv1/Conv_output_0', '/vector_field/main_blocks.0/convnext.0/act/Constant_output_0']	['/vector_field/last_convnext/convnext.3/act/Div_output_0']
951	Erf	/vector_field/last_convnext/convnext.3/act/Erf	['/vector_field/last_convnext/convnext.3/act/Div_output_0']	['/vector_field/last_convnext/convnext.3/act/Erf_output_0']
952	Add	/vector_field/last_convnext/convnext.3/act/Add	['/vector_field/last_convnext/convnext.3/act/Erf_output_0', '/vector_field/main_blocks.0/convnext.0/act/Constant_1_output_0']	['/vector_field/last_convnext/convnext.3/act/Add_output_0']
953	Mul	/vector_field/last_convnext/convnext.3/act/Mul	['/vector_field/last_convnext/convnext.3/pwconv1/Conv_output_0', '/vector_field/last_convnext/convnext.3/act/Add_output_0']	['/vector_field/last_convnext/convnext.3/act/Mul_output_0']
954	Mul	/vector_field/last_convnext/convnext.3/act/Mul_1	['/vector_field/last_convnext/convnext.3/act/Mul_output_0', '/vector_field/main_blocks.0/convnext.0/act/Constant_2_output_0']	['/vector_field/last_convnext/convnext.3/act/Mul_1_output_0']
955	Conv	/vector_field/last_convnext/convnext.3/pwconv2/Conv	['/vector_field/last_convnext/convnext.3/act/Mul_1_output_0', 'tts.ttl.vector_field.last_convnext.convnext.3.pwconv2.weight', 'tts.ttl.vector_field.last_convnext.convnext.3.pwconv2.bias']	['/vector_field/last_convnext/convnext.3/pwconv2/Conv_output_0']
956	Mul	/vector_field/last_convnext/convnext.3/Mul_2	['tts.ttl.vector_field.last_convnext.convnext.3.gamma', '/vector_field/last_convnext/convnext.3/pwconv2/Conv_output_0']	['/vector_field/last_convnext/convnext.3/Mul_2_output_0']
957	Add	/vector_field/last_convnext/convnext.3/Add	['/vector_field/last_convnext/convnext.3/Mul_output_0', '/vector_field/last_convnext/convnext.3/Mul_2_output_0']	['/vector_field/last_convnext/convnext.3/Add_output_0']
958	Mul	/vector_field/last_convnext/convnext.3/Mul_3	['/vector_field/last_convnext/convnext.3/Add_output_0', 'latent_mask']	['/vector_field/last_convnext/convnext.3/Mul_3_output_0']
959	Conv	/vector_field/proj_out/net/Conv	['/vector_field/last_convnext/convnext.3/Mul_3_output_0', 'tts.ttl.vector_field.proj_out.net.weight']	['/vector_field/proj_out/net/Conv_output_0']
960	Mul	/vector_field/proj_out/Mul	['/vector_field/proj_out/net/Conv_output_0', 'latent_mask']	['/vector_field/proj_out/Mul_output_0']
961	Mul	/Mul	['/Reciprocal_output_0', '/vector_field/proj_out/Mul_output_0']	['/Mul_output_0']
962	Add	/Add	['noisy_latent', '/Mul_output_0']	['/Add_output_0']
963	Mul	/Mul_1	['/Add_output_0', 'latent_mask']	['denoised_latent']